customer_id,split
5402-HTOTQ,train
7145-FEJWU,train
2607-FBDFF,train
1474-JUWSM,train
9643-AVVWI,train
2538-OIMXF,train
5155-AZQPB,train
6048-UWKAL,train
3057-VJJQE,train
7338-ERIVA,train
4418-LZMSV,train
7746-AWNQW,train
6609-MXJHJ,train
1345-GKDZZ,train
7285-KLOTR,train
7623-HKYRK,train
7570-WELNY,train
7516-GMHUV,train
1891-QRQSA,train
4553-DVPZG,train
3427-GGZZI,train
3308-DGHKL,train
3890-RTCMS,train
5243-SAOTC,train
1261-FWTTE,train
1450-SKCVI,train
2357-COQEK,train
3223-WZWJM,train
4890-VMUAV,train
4193-ORFCL,train
8739-XNIKG,train
2718-GAXQD,train
5349-IECLD,train
7801-CEDNV,train
8242-JSVBO,train
3677-IYRBF,train
1986-PHGZF,train
4419-UJMUS,train
6243-OZGFH,train
3338-CVVEH,train
3594-BDSOA,train
2523-EWWZL,train
0582-AVCLN,train
7730-IUTDZ,train
5245-VDBUR,train
8603-IJWDN,train
1399-OUPJN,train
4061-UKJWL,train
6100-QQHEB,train
8106-GWQOK,train
1488-PBLJN,train
9600-NAXZN,train
3316-UWXUY,train
5373-SFODM,train
3170-GWYKC,train
2632-TACXW,train
2887-JPYLU,train
3533-UVMOM,train
3422-LYEPQ,train
7036-TYDEC,train
2868-MZAGQ,train
8152-VETUR,train
3834-XUIFC,train
8931-GJJIQ,train
9101-BWFSS,train
8760-ZRHKE,train
4177-JPDFU,train
2207-NHRJK,train
5639-NTUPK,train
9585-KKMFD,train
7245-JMTTQ,train
8111-SLLHI,train
3278-FSIXX,train
2040-XBAVJ,train
8695-WDYEA,train
7321-KKSDU,train
0023-XUOPT,train
9172-JITSM,train
7517-LDMPS,train
3640-JQGJG,train
1093-YSWCA,train
5461-QKNTN,train
4710-NKCAW,train
0670-KDOMA,train
3088-FVYWK,train
5730-DBDSI,train
5067-DGXLL,train
6348-SNFUS,train
1421-HCERK,train
2824-MYYBN,train
3873-WOSBC,train
0578-SKVMF,train
4919-MOAVT,train
9419-IPPBE,train
4482-FTFFX,train
0027-KWYKW,train
2096-XOTMO,train
0076-LVEPS,train
2324-AALNO,train
5220-AGAAX,train
9430-NKQLY,train
2154-KVJFF,train
3420-ZDBMA,train
2664-XJZNO,train
9685-WKZGT,train
6242-SGYTS,train
0795-LAFGP,train
5309-TAIKL,train
6743-HHQPF,train
4070-OKWVH,train
8314-DPQHL,train
4391-RESHN,train
7850-VWJUU,train
7779-LGOVN,train
2971-SGAFL,train
2229-DPMBI,train
3996-ZNWYK,train
9762-YAQAA,train
9851-KIELU,train
3489-HHPFY,train
7139-JZFVG,train
2495-INZWQ,train
3855-ONCAR,train
8208-EUMTE,train
9629-NHXFW,train
3794-NFNCH,train
9448-REEVD,train
8679-JOEVF,train
2665-NPTGL,train
0599-XNYDO,train
7465-ZZRVX,train
9755-JHNMN,train
1766-GKNMI,train
7941-RCJOW,train
3128-YOVTD,train
0357-NVCRI,train
9919-KNPOO,train
9667-EQRXU,train
6034-ZRYCV,train
9114-AAFQH,train
7167-PCEYD,train
3612-YVGSJ,train
0129-QMPDR,train
0320-JDNQG,train
4001-TSBTV,train
3237-AJGEH,train
5702-SKUOB,train
5268-DSMNQ,train
6127-IYJOZ,train
8619-IJNDK,train
5766-XQXMQ,train
0549-CYCQN,train
4686-GEFRM,train
4433-JCGCG,train
8245-UMPYT,train
6992-TKNYO,train
3740-RLMVT,train
4083-EUGRJ,train
8901-UPRHR,train
9513-DXHDA,train
1228-ZLNBX,train
8118-TJAFG,train
6064-PUPMC,train
7812-FZHPE,train
8905-IAZPF,train
0872-NXJYS,train
7134-HBPBS,train
8374-UULRV,train
0595-ITUDF,train
2195-ZRVAX,train
9574-BOSMD,train
7803-XOCCZ,train
7319-ZNRTR,train
3908-MKIMJ,train
7537-CBQUZ,train
1047-RNXZV,train
8402-OOOHJ,train
4143-OOBWZ,train
6574-MCOEH,train
7472-EQOAV,train
9391-DXGGG,train
3005-NFMTA,train
2164-SOQXL,train
3392-EHMNK,train
0572-ZJKLT,train
0880-FVFWF,train
5404-GGUKR,train
6368-TZZDT,train
3312-UUMZW,train
2468-SJFLM,train
4369-HTUIF,train
8859-YSTWS,train
2709-UQGNP,train
9136-ALYBR,train
5619-XZZKR,train
6941-PMGEP,train
1299-AURJA,train
4198-VFOEA,train
2105-PHWON,train
7416-CKTEP,train
4661-NJEUX,train
9631-XEYKE,train
2338-BQEZT,train
0743-HNPFG,train
2969-WGHQO,train
8039-EQPIM,train
1919-RTPQD,train
9589-ABEPT,train
1792-UXAFY,train
6164-HXUGH,train
6481-OGDOO,train
2294-DMMUS,train
6656-GULJQ,train
2533-QVMSK,train
5453-YBTWV,train
2608-BHKFN,train
6502-HCJTI,train
4114-QMKVN,train
6502-MJQAE,train
2153-MREFK,train
1335-MXCSE,train
0804-XBFBV,train
4145-UQXUQ,train
7560-QRBXH,train
2324-EFHVG,train
1548-FEHVL,train
9763-PDTKK,train
3457-PQBYH,train
5167-ZFFMM,train
5294-CDGWY,train
4983-CCWMC,train
9095-HFAFX,train
3440-JPSCL,train
0023-HGHWL,train
2486-WYVVE,train
2565-JSLRY,train
5914-XRFQB,train
8132-YPVBX,train
5948-UJZLF,train
0958-YHXGP,train
4010-YLMVT,train
7639-SUPCW,train
1215-FIGMP,train
6313-GIDIT,train
4872-JCVCA,train
0139-IVFJG,train
9092-GDZKO,train
9350-ZXYJC,train
5249-QYHEX,train
8690-ZVLCL,train
6029-CSMJE,train
0326-VDYXE,train
4143-HHPMK,train
8740-CRYFY,train
2959-EEXWB,train
1904-WAJAA,train
3259-KNMRR,train
2081-VEYEH,train
8853-TZDGH,train
5569-IDSEY,train
0343-QLUZP,train
2672-OJQZP,train
7633-MVPUY,train
9503-XJUME,train
8695-ARGXZ,train
2446-ZKVAF,train
2019-HDCZY,train
5396-IZEPB,train
4074-SJFFA,train
9297-EONCV,train
9572-WUKSB,train
1114-CENIM,train
1875-QIVME,train
4430-UZIPO,train
4228-ZGYUW,train
5774-QPLTF,train
3374-LXDEV,train
6754-WKSHP,train
8161-QYMTT,train
9611-CTWIH,train
3892-NXAZG,train
8591-NXRCV,train
1112-CUNAO,train
0015-UOCOJ,train
7552-KEYGT,train
9534-NSXEM,train
8042-RNLKO,train
2232-DMLXU,train
2018-QKYGT,train
2800-VEQXM,train
0739-UUAJR,train
0193-ESZXP,train
4664-NJCMS,train
7133-VBDCG,train
5781-RFZRP,train
7064-FRRSW,train
5698-BQJOH,train
3765-JXVKY,train
1022-RKXDR,train
3941-XTSKM,train
8348-JLBUG,train
1427-VERSM,train
7503-MIOGA,train
1657-DYMBM,train
6258-PVZWJ,train
0114-PEGZZ,train
5469-NUJUR,train
0040-HALCW,train
6848-YLDFR,train
0111-KLBQG,train
6849-OYAMU,train
2279-AXJJK,train
7025-IWFHT,train
8654-DHAOW,train
2309-OSFEU,train
5709-LVOEQ,train
6469-MRVET,train
8821-XNHVZ,train
7627-JKIAZ,train
6778-EICRF,train
1734-ZMNTZ,train
0253-ZTEOB,train
1568-BEKZM,train
1704-NRWYE,train
7471-WNSUF,train
7823-JSOAG,train
2172-EJXVF,train
1964-SVLEA,train
1985-MBRYP,train
2978-XXSOG,train
3219-JQRSL,train
4990-ALDGW,train
3050-RLLXC,train
9332-GYWLO,train
1644-IRKSF,train
1764-VUUMT,train
2777-PHDEI,train
6351-SCJKT,train
3207-OYBWH,train
3642-GKTCT,train
7228-PAQPD,train
7609-YBPXG,train
2650-GYRYL,train
7727-SHVZV,train
9443-JUBUO,train
0361-HJRDX,train
4937-QPZPO,train
9475-NNDGC,train
5296-BFCYD,train
3528-HFRIQ,train
0611-DFXKO,train
5914-GXMDA,train
8854-CCVSQ,train
2300-RQGOI,train
2718-YSKCS,train
3733-UOCWF,train
1031-IIDEO,train
9578-VRMNM,train
5074-FBGHB,train
9591-YVTEB,train
1320-HTRDR,train
3884-UEBXB,train
2070-FNEXE,train
3638-VBZTA,train
7503-ZGUZJ,train
9739-JLPQJ,train
7996-BPXHY,train
8680-CGLTP,train
8292-TYSPY,train
2162-FRZAA,train
4299-OPXEJ,train
2609-IAICY,train
8597-CTXVJ,train
1125-SNVCK,train
5060-TQUQN,train
8930-XOTDP,train
6407-UTSLV,train
0807-ZABDG,train
6384-VMJHP,train
1697-BCSHV,train
1862-SKORY,train
3452-SRFEG,train
9281-CEDRU,train
1309-BXVOQ,train
6463-HHXJR,train
4700-UBQMV,train
2642-MAWLJ,train
2511-ALLCS,train
8748-HFWBO,train
4450-YOOHP,train
2150-WLKUW,train
0679-TDGAK,train
6040-CGACY,train
8205-OTCHB,train
0031-PVLZI,train
6786-OBWQR,train
0723-DRCLG,train
5453-AXEPF,train
5318-IXUZF,train
6016-NXBNJ,train
6380-ARCEH,train
1981-INRFU,train
2507-QZPQS,train
8169-SAEJD,train
1216-JWVUX,train
6143-JQKEA,train
2569-WGERO,train
4488-PSYCG,train
3669-WHAFY,train
5872-OEQNH,train
5027-QPKTE,train
0244-LGNFY,train
4903-CNOZC,train
3137-LUPIX,train
0643-OKLRP,train
7969-AULMZ,train
3472-OAOOR,train
0230-UBYPQ,train
3275-RHRNE,train
2927-QRRQV,train
3932-IJWDZ,train
2675-IJRGJ,train
1622-HSHSF,train
1376-HHBDV,train
7359-SSBJK,train
7921-LMDFQ,train
0431-APWVY,train
9055-MOJJJ,train
0277-BKSQP,train
2240-HSJQD,train
4123-FCVCB,train
4609-KNNWG,train
3164-YAXFY,train
5122-CYFXA,train
2111-DWYHN,train
5778-BVOFB,train
3134-DSHVC,train
3744-ZBHON,train
7407-SUJIZ,train
9258-CNWAC,train
8065-QBYTO,train
2799-ARNLO,train
1207-BLKSA,train
8259-NFJTV,train
0362-ZBZWJ,train
7638-QVMVY,train
3754-DXMRT,train
9625-RZFUK,train
0222-CNVPT,train
0406-BPDVR,train
0603-TPMIB,train
5370-IIVVL,train
4767-HZZHQ,train
9127-FHJBZ,train
9242-TKFSV,train
9053-JZFKV,train
1987-AUELQ,train
5985-TBABQ,train
2220-IAHLS,train
5063-IUOKK,train
7089-IVVAZ,train
8174-LNWMW,train
1837-YQUCE,train
7693-QPEFS,train
0564-JJHGS,train
2805-EDJPQ,train
7517-SAWMO,train
1608-GMEWB,train
5780-INQIK,train
2809-ILCYT,train
8708-XPXHZ,train
9786-YWNHU,train
8563-IIOXK,train
3165-HDOEW,train
2577-GVSIL,train
3050-GBUSH,train
4988-IQIGL,train
2988-GBIVW,train
6791-YBNAK,train
5195-KPUNQ,train
8665-UTDHZ,train
1929-ZCBHE,train
1024-GUALD,train
9031-ZVQPT,train
3891-PUQOD,train
0727-BMPLR,train
0422-OHQHQ,train
6439-GTPCA,train
9190-MFJLN,train
2923-ARZLG,train
5151-HQRDG,train
7011-CVEUC,train
7994-XIRTR,train
1626-ERCMM,train
5136-GFPMB,train
9274-CNFMO,train
9046-DQMTP,train
1301-LOPVR,train
5336-UFNZP,train
8079-XRJRS,train
2746-DIJLO,train
3239-TPHPZ,train
2911-IJORQ,train
6330-JKLPC,train
5339-PXDVH,train
7089-XXAYG,train
2386-OWURY,train
8898-KASCD,train
9576-ANLXO,train
6416-JNVRK,train
5229-PRWKT,train
6457-GIRWB,train
3842-QTGDL,train
4521-WFJAI,train
3230-WYKIR,train
2077-MPJQO,train
7571-YXDAD,train
9495-SKLKD,train
7176-WIONM,train
8109-YUOHE,train
3594-IVHJZ,train
9512-PHSMG,train
3752-CQSJI,train
9924-JPRMC,train
2587-YNLES,train
5565-FILXA,train
4918-FYJNT,train
0404-SWRVG,train
0122-OAHPZ,train
7762-URZQH,train
0550-DCXLH,train
2984-AFWNC,train
9378-FXTIZ,train
2657-VPXTA,train
5380-XPJNZ,train
0377-JBKKT,train
5480-TBGPH,train
0442-TDYUO,train
8174-TBVCF,train
9084-OAYKL,train
3398-ZOUAA,train
1465-WCZVT,train
5055-BRMNE,train
0526-SXDJP,train
0906-QVPMS,train
4302-ZYFEL,train
6646-JPPHA,train
5828-DWPIL,train
3768-NLUBH,train
2926-JEJJC,train
0854-UYHZD,train
4827-DPADN,train
7251-LJBQN,train
0114-IGABW,train
1597-LHYNC,train
2740-TVLFN,train
1621-YNCJH,train
2302-OUZXB,train
7056-IMHCC,train
8383-SGHJU,train
5777-ZPQNC,train
7271-AJDTL,train
7009-LGECI,train
4307-KWMXE,train
8292-FRFZQ,train
8329-GWVPJ,train
2982-IHMFT,train
0853-TWRVK,train
1855-AGAWH,train
4942-VZZOM,train
9624-EGDEQ,train
9250-WYPLL,train
6583-QGCSI,train
7824-PANSQ,train
8402-EIVQS,train
0743-HRVFF,train
9818-XQCUV,train
1996-DBMUS,train
3544-FBCAS,train
3627-FCRDW,train
8779-YIQQA,train
0988-JRWWP,train
3441-CGZJH,train
6591-QGOYB,train
7547-EKNFS,train
0812-WUPTB,train
7072-MBHEV,train
9871-ELEYA,train
4884-LEVMQ,train
4178-EGMON,train
4716-HHKQH,train
6635-MYYYZ,train
1389-CXMLU,train
7375-WMVMT,train
4580-TMHJU,train
1353-LJWEM,train
4584-LBNMK,train
6705-LNMDD,train
7508-KBIMB,train
9445-SZLCH,train
0835-DUUIQ,train
3097-NNSPB,train
8242-PDSGJ,train
8486-AYEQH,train
6905-NIQIN,train
3569-JFODW,train
2640-LYMOV,train
2091-MJTFX,train
6754-LZUKA,train
6696-YDAYZ,train
7551-DACSP,train
0516-QREYC,train
0587-DMGBH,train
0322-CHQRU,train
8548-AWOFC,train
8816-VXNZD,train
7398-LXGYX,train
4844-JJWUY,train
0042-JVWOJ,train
7284-ZZLOH,train
1394-SUIUH,train
0902-RFHOF,train
2203-GHNWN,train
4129-LYCOI,train
3799-ISUZQ,train
0269-XFESX,train
0899-WZRSD,train
7658-UYUQS,train
7696-AMHOD,train
0392-BZIUW,train
6103-LIANB,train
5376-DEQCP,train
8118-LSUEL,train
4029-HPFVY,train
2789-CZANW,train
0607-DAAHE,train
5095-AESKG,train
6108-OQZDQ,train
0621-JFHOL,train
5382-TEMLV,train
0422-UXFAP,train
2362-IBOOY,train
4338-EYCER,train
6834-NXDCA,train
8098-TDCBU,train
7508-MYBOG,train
9746-YKGXB,train
8050-XGRVL,train
6625-UTXEW,train
0516-OOHAR,train
2874-YXVVA,train
6741-EGCBI,train
3162-ZJZFU,train
6181-AXXYF,train
0106-UGRDO,train
1110-KYLGQ,train
1794-HBQTJ,train
7197-VOJMM,train
7394-FKDNK,train
2452-MRMZF,train
1777-JYQPJ,train
5183-KLYEM,train
8413-VONUO,train
5902-WBLSE,train
0285-INHLN,train
8894-JVDCV,train
3006-XIMLN,train
7957-RYHQD,train
5186-PEIZU,train
7269-JISCY,train
8314-HTWVE,train
9290-SHCMB,train
5839-SUYVZ,train
1074-AMIOH,train
0214-JHPFW,train
8198-RKSZG,train
3714-NTNFO,train
2823-LKABH,train
1226-IENZN,train
4213-HKBJO,train
6987-XQSJT,train
8016-ZMGMO,train
9979-RGMZT,train
3144-KMTWZ,train
2034-GDRCN,train
3764-MNMOI,train
9500-IWPXQ,train
1757-TCATG,train
3399-BMLVW,train
4003-OCTMP,train
1976-CFOCS,train
9053-EJUNL,train
0557-ASKVU,train
1089-XZWHH,train
1335-NTIUC,train
6527-PZFPV,train
8149-RSOUN,train
4397-FRLTA,train
9821-POOTN,train
9214-EKVXR,train
1478-VPOAD,train
5285-MVEHD,train
3174-AKMAS,train
5339-TJFEK,train
5375-XLDOF,train
5598-IKHQQ,train
2812-REYAT,train
2391-SOORI,train
8380-MQINP,train
2716-GFZOR,train
3055-OYMSE,train
5947-SGKCL,train
4464-JCOLN,train
4759-PXTAN,train
1575-KRZZE,train
9239-GZHZE,train
3705-PSNGL,train
6473-ULUHT,train
2027-DNKIV,train
4832-VRBMR,train
8690-UPCZI,train
0334-ZFJSR,train
4992-LTJNE,train
7596-LDUXP,train
0464-WJTKO,train
5999-LCXAO,train
7562-UXTPG,train
7753-USQYQ,train
1563-IWQEX,train
9867-XOBQA,train
6960-HVYXR,train
0825-CPPQH,train
8229-MYEJZ,train
6653-CBBOM,train
9907-SWKKF,train
5297-MDOIR,train
5126-RCXYW,train
7641-EUYET,train
6221-AVQYL,train
3115-JPJDD,train
3653-NCRDJ,train
8008-HAWED,train
7979-CORPM,train
0098-BOWSO,train
6891-JPYFF,train
9732-KPKBW,train
6942-LBFDP,train
1843-TLSGD,train
5760-FXFVO,train
9231-ZJYAM,train
7317-GGVPB,train
8319-QBEHW,train
6166-ILMNY,train
8495-LJDFO,train
8807-ARQET,train
2862-PFNIK,train
5177-RVZNU,train
4821-SJHJV,train
3144-AUDBS,train
0201-MIBOL,train
0971-QIFJK,train
9000-PLFUZ,train
5438-QMDDL,train
3911-RSNHI,train
8128-YVJRG,train
0224-NIJLP,train
3768-VHXQO,train
9825-YCXWZ,train
9399-APLBT,train
2057-BOYKM,train
2937-FTHUR,train
0082-LDZUE,train
6655-LHBYW,train
6119-SPUDB,train
5149-TGWDZ,train
8331-ZXFOE,train
3323-CPBWR,train
9227-LUNBG,train
8652-YHIYU,train
0730-BGQGF,train
6614-YOLAC,train
6619-RPLQZ,train
6618-RYATB,train
4568-KNYWR,train
8439-LTUGF,train
7242-QZLXF,train
2990-HWIML,train
1928-BXYIV,train
6980-CDGFC,train
9548-LERKT,train
4781-ZXYGU,train
0822-GAVAP,train
2305-MRGLV,train
7672-VFMXZ,train
3910-MRQOY,train
3551-HUAZH,train
8792-AOROI,train
0420-BWTPW,train
4176-RELJR,train
5673-FSSMF,train
4526-ZJJTM,train
2252-ISRNH,train
6712-OAWRH,train
8966-OIQHG,train
4627-MIHJH,train
8213-TAZPM,train
2253-KPMNB,train
6229-UOLQL,train
7446-SFAOA,train
2905-KFQUV,train
2373-NTKOD,train
1934-SJVJK,train
6894-LFHLY,train
4958-XCBDQ,train
5848-FHRFC,train
9500-WBGRP,train
3733-ZEECP,train
9795-NREXC,train
3074-GQWYX,train
9888-ZCUMM,train
8614-VGMMV,train
4906-ZHGPK,train
1872-EBWSC,train
7789-CRUVC,train
8992-JQYUN,train
8610-ZIKJJ,train
3404-JNXAX,train
0887-HJGAR,train
1548-ARAGG,train
7109-MFBYV,train
9763-GRSKD,train
0655-YDGFJ,train
3795-GWTRD,train
4232-JGKIY,train
3748-FVMZZ,train
5917-RYRMG,train
1696-MZVAU,train
0235-KGSLC,train
2211-RMNHO,train
1357-BIJKI,train
7363-QTBIW,train
9732-EQMWY,train
8397-MVTAZ,train
2408-TZMJL,train
8869-LIHMK,train
3190-XFANI,train
1247-QBVSH,train
5044-XDPYX,train
3021-VLNRJ,train
2245-ADZFJ,train
8033-VCZGH,train
1104-FEJAM,train
5266-PFRQK,train
9614-RMGHA,train
2446-PLQVO,train
4255-DDUOU,train
6199-IWKGC,train
3039-MJSLN,train
9809-IMGCQ,train
6035-RIIOM,train
6828-HMKWP,train
1171-TYKUR,train
1580-BMCMR,train
1536-HBSWP,train
2424-WVHPL,train
8990-YOZLV,train
8125-QPFJD,train
8216-AZUUZ,train
2878-RMWXY,train
6551-ZCOTS,train
8725-JEDFD,train
9067-SQTNS,train
3453-RTHJQ,train
6175-IRFIT,train
7157-SMCFK,train
8148-BPLZQ,train
3317-VLGQT,train
3315-TOTBP,train
2316-ESMLS,train
2819-GWENI,train
4163-KIUHY,train
3985-HOYPM,train
3865-QBWSJ,train
5935-FCCNB,train
8226-BXGES,train
9644-UMGQA,train
3649-JPUGY,train
6650-BWFRT,train
9916-AYHTC,train
1092-GANHU,train
3638-DIMPH,train
5134-IKDAY,train
9637-EIHEQ,train
8076-FEZKJ,train
5961-VUSRV,train
3811-VBYBZ,train
0103-CSITQ,train
9018-PCIOK,train
7854-EKTJL,train
4603-JANFB,train
0877-SDMBN,train
6285-FTQBF,train
3001-CBHLQ,train
0265-EDXBD,train
0913-XWSCN,train
5161-UBZXI,train
1384-RCUXW,train
2267-WTPYD,train
9659-QEQSY,train
5150-LJNSR,train
6350-XFYGW,train
1536-YHDOE,train
9774-NRNAU,train
1196-AMORA,train
3398-FSHON,train
0953-LGOVU,train
5445-UTODQ,train
2108-GLPQB,train
5832-EXGTT,train
0365-TRTPY,train
1349-WXNGG,train
0784-ZQJZX,train
2656-FMOKZ,train
7028-DVOIQ,train
7883-ROJOC,train
8111-BKVDS,train
0607-MVMGC,train
8670-ERCJH,train
9885-MFVSU,train
3329-WDIOK,train
6652-YFFJO,train
8884-ADFVN,train
0565-IYCGT,train
8727-XDPUD,train
0929-PECLO,train
4550-VBOFE,train
2522-AHJXR,train
8268-YDIXR,train
8676-TRMJS,train
9695-IDRZR,train
1096-ADRUX,train
0463-ZSDNT,train
4641-FROLU,train
5204-QZXPU,train
0927-CNGRH,train
7293-LSCDV,train
4695-VADHF,train
6579-JPICP,train
3633-CDBUW,train
4012-ZTHBR,train
8280-MQRQN,train
8388-FYNPZ,train
3276-HDUEG,train
7337-CINUD,train
5016-ETTFF,train
5269-NRGDP,train
5046-NUHWD,train
5802-ADBRC,train
6338-AVWCY,train
3580-GICBM,train
6061-GWWAV,train
1709-EJDOX,train
6723-WSNTY,train
5847-MXBEO,train
5149-CUZUJ,train
6556-DBKZF,train
4803-AXVYP,train
9734-YWGEX,train
2753-JMMCV,train
6227-HWPWX,train
3956-CJUST,train
2696-RZVZW,train
5760-WRAHC,train
3590-TCXTB,train
1264-FUHCX,train
7923-IYJWY,train
7173-TETGO,train
3518-PZXZQ,train
9300-AGZNL,train
4998-IKFSE,train
1731-TVIUK,train
4415-WNGVR,train
0386-CWRGM,train
0311-UNPFF,train
9846-GKXAS,train
0939-YAPAF,train
7771-ZONAT,train
0383-CLDDA,train
8410-BGQXN,train
0946-FKYTX,train
2135-RXIHG,train
8985-OOPOS,train
9986-BONCE,train
8111-RKSPX,train
8887-IPQNC,train
1658-BYGOY,train
2832-KJCRD,train
7825-GKXMW,train
8218-FFJDS,train
4735-ASGMA,train
7665-TOALD,train
2043-WVTQJ,train
0374-FIUCA,train
5322-ZSMZY,train
6120-RJKLU,train
8591-TKMZH,train
9477-LGWQI,train
9576-SYUHJ,train
5366-OBVMR,train
5365-LLFYV,train
1069-XAIEM,train
3524-WQDSG,train
1293-HHSHJ,train
6633-SYEUS,train
0816-TSPHQ,train
8606-OEGQZ,train
7945-HLKEA,train
6728-CZFEI,train
4947-DSMXK,train
7159-NOKYQ,train
0547-HURJB,train
7504-UWHNB,train
1100-DDVRV,train
7479-NITWS,train
3349-ANQNH,train
2984-TBYKU,train
9039-ZVJDC,train
1846-XWOQN,train
5732-IKGQH,train
9488-FYQAU,train
6169-PGNCD,train
8711-LOBKY,train
7639-LIAYI,train
4510-PYUSH,train
6725-TPKJO,train
7018-FPXHH,train
7558-IMLMT,train
3162-KKZXO,train
3186-BAXNB,train
9524-EGPJC,train
3038-PQIUY,train
2012-NWRPA,train
6253-WRFHY,train
3253-HKOKL,train
9114-VEPUF,train
2692-AQCPF,train
2889-FPWRM,train
5295-PCJOO,train
0947-IDHRQ,train
3712-PKXZA,train
4236-UJPWO,train
9172-ANCRX,train
8874-EJNSR,train
4530-NDRKU,train
0723-VSOBE,train
0270-THENM,train
8092-NLTGF,train
2831-EBWRN,train
5055-MGMGF,train
3803-KMQFW,train
4079-ULGFR,train
8067-NIOYM,train
5016-IBERQ,train
9418-RUKPH,train
5759-RCVCB,train
0320-DWVTU,train
4298-OYIFC,train
2654-VBVPB,train
6080-TCMYC,train
3247-MHJKM,train
1955-IBMMB,train
5298-GSTLM,train
5945-AZYHT,train
3166-PNEOF,train
4488-KQFDT,train
3094-JOJAI,train
9747-DDZOS,train
5226-NOZFC,train
7088-FBAWU,train
8450-LUGUK,train
4628-CTTLA,train
3007-FDPEA,train
2984-RGEYA,train
7206-GZCDC,train
6855-VLGOS,train
5260-UMPWX,train
0419-YAAPX,train
8464-EETCQ,train
2578-JQPHZ,train
4529-CKBCL,train
9788-YTFGE,train
9779-DPNEJ,train
8165-ZJRNM,train
1143-NMNQJ,train
2729-VNVAP,train
7566-DSRLQ,train
5650-VDUDS,train
2485-ITVKB,train
6094-ZIVKX,train
6615-ZGEDR,train
2275-RBYQS,train
5965-GGPRW,train
3753-TSEMP,train
6840-RESVB,train
2262-SLNVK,train
7995-ZHHNZ,train
6260-XLACS,train
8573-CGOCC,train
2925-VDZHY,train
5311-IHLEI,train
6440-DKQGE,train
9028-LIHRP,train
0973-KYVNF,train
3635-QQRQD,train
8879-ZKJOF,train
0815-MFZGM,train
2254-DLXRI,train
1403-LKLIK,train
3682-YEUWS,train
9798-DRYDS,train
5834-ASPWA,train
0813-TAXXS,train
2612-PHGOX,train
9526-BIHHD,train
2405-LBMUW,train
1414-YADCW,train
6060-QBMGV,train
2235-EZAIK,train
7838-LAZFO,train
1852-XEMDW,train
8722-NGNBH,train
7311-MQJCH,train
5092-STPKP,train
6234-RAAPL,train
8165-CBKXO,train
7912-SYRQT,train
8634-MPHTR,train
8809-XKHMD,train
3158-MOERK,train
9087-EYCPR,train
6647-ZEDXT,train
9415-ZNBSX,train
3878-AVSOQ,train
5590-BYNII,train
2667-WYLWJ,train
7576-ASEJU,train
9432-VOFYX,train
4879-GZLFH,train
7615-ESMYF,train
8148-NLEGT,train
6198-ZFIOJ,train
6490-FGZAT,train
1248-DYXUB,train
9964-WBQDJ,train
9845-QOMAD,train
6060-DRTNL,train
9633-XQABV,train
1839-UMACK,train
4293-ETKAP,train
8200-LGKSR,train
2866-IKBTM,train
7196-LIWRH,train
3230-IUALN,train
2250-IVBWA,train
8590-OHDIW,train
1891-FZYSA,train
4432-ADRLB,train
1741-WTPON,train
6173-ITPWD,train
0318-QUUOB,train
5429-LWCMV,train
1460-UZPRJ,train
0788-DXBFY,train
9286-DOJGF,train
8065-BVEPF,train
8645-KWHJO,train
6769-DCQLI,train
4547-KQRTM,train
7632-YUTXB,train
2332-EFBJY,train
2458-EOMRE,train
6227-FBDXH,train
8735-DCXNF,train
8982-NHAVY,train
0602-DDUML,train
4685-ERGHK,train
4102-OQUPX,train
9540-JYROE,train
4452-ROHMO,train
8780-IHCRN,train
6893-ODYYE,train
5356-RHIPP,train
8316-BBQAY,train
8865-TNMNX,train
2533-TIBIX,train
4501-EQDRN,train
5651-WYIPH,train
9364-YKUVW,train
4905-JEFDW,train
9094-AZPHK,train
1839-FBNFR,train
7868-TMWMZ,train
8631-XVRZL,train
2958-NHPPS,train
4981-FLTMF,train
7876-DNYAP,train
8107-KNCIM,train
8138-EALND,train
5985-BEHZK,train
4568-TTZRT,train
8295-KMENE,train
3070-DVEYC,train
3016-KSVCP,train
8938-UMKPI,train
0378-XSZPU,train
4195-SMMNX,train
6133-OZILE,train
7096-ZNBZI,train
7602-MVRMB,train
8260-NGFNY,train
6214-EDAKZ,train
8375-KVTHK,train
2792-LSHWX,train
1150-FTQGN,train
6877-TJMBR,train
1544-JJMYL,train
4883-QICIH,train
7268-IGMFD,train
5701-SVCWR,train
5133-POWUA,train
9667-TKTVZ,train
3458-IDMFK,train
9033-EOXWV,train
5143-EGQFK,train
1346-PJWTK,train
0164-XAIRP,train
1596-OQSPS,train
1676-MQAOA,train
1623-NLDOT,train
5708-EVONK,train
7130-CTCUS,train
8749-TZYEC,train
5222-JCXZT,train
7217-JYHOQ,train
8270-RKSAP,train
5955-ERIHD,train
1266-NZYUI,train
6283-GITPX,train
9507-EXLTT,train
6475-VHUIZ,train
3068-OMWZA,train
5180-UCIIQ,train
8016-NCFVO,train
9052-DHNKM,train
6016-LVTJQ,train
9261-WDCAF,train
9526-JAWYF,train
7594-LZNWR,train
3396-DKDEL,train
0347-UBKUZ,train
8566-YPRGL,train
6265-SXWBU,train
9025-AOMKI,train
8879-XUAHX,train
2160-GPFXD,train
9347-AERRL,train
5293-WXJAK,train
5014-WUQMG,train
5712-VBOXD,train
1271-UODNO,train
4940-KHCWD,train
5913-INRQV,train
6631-HMANX,train
0596-BQCEQ,train
9030-QGZNL,train
6680-NENYN,train
9402-CXWPL,train
4291-TPNFG,train
4912-PIGUY,train
4086-WITJG,train
8970-ANWXO,train
0011-IGKFF,train
0112-QAWRZ,train
2215-ZAFGX,train
3638-WEABW,train
2363-BJLSL,train
5505-OVWQW,train
8040-MNRTF,train
5730-RIITO,train
7975-TZMLR,train
8107-RZLNV,train
0661-KBKPA,train
1302-UHBDD,train
6496-JDSSB,train
0080-OROZO,train
5156-UMKOW,train
7730-CLDSV,train
6762-NSODU,train
6267-DCFFZ,train
0750-EBAIU,train
4598-XLKNJ,train
2903-YYTBW,train
7426-GSWPO,train
1228-FZFRV,train
5075-JSDKI,train
4800-CZMPC,train
2607-DHDAK,train
7663-RGWBC,train
6923-EFPNL,train
4377-VDHYI,train
1304-BCCFO,train
2890-WFBHU,train
4159-NAAIX,train
1866-NXPSP,train
1725-IQNIY,train
0620-XEFWH,train
8624-GIOUT,train
6621-YOBKI,train
0248-IPDFW,train
4367-NUYAO,train
5743-KHMNA,train
5562-BETPV,train
2688-BHGOG,train
6112-KTHFQ,train
3507-GASNP,train
0107-YHINA,train
6030-REHUX,train
4697-LUPSU,train
2325-ZUSFD,train
3536-IQCTX,train
1842-EZJMK,train
6838-HVLXG,train
2474-LCNUE,train
9867-NNXLC,train
9786-IJYDL,train
8361-LTMKD,train
2725-TTRIQ,train
1561-BWHIN,train
6982-SSHFK,train
6048-NJXHX,train
8285-ABVLB,train
9359-UGBTK,train
0115-TFERT,train
9773-PEQBZ,train
3992-YWPKO,train
6872-HXFNF,train
3120-FAZKD,train
2988-PLAHS,train
5949-EBSQK,train
5144-TVGLP,train
2055-BFOCC,train
8006-PYCSW,train
0674-DGMAQ,train
7740-KKCXF,train
3566-CAAYU,train
5609-IMCGG,train
7690-KPNCU,train
2990-OGYTD,train
4973-RLZVI,train
2839-RFSQE,train
8705-WZCYL,train
4393-GEADV,train
9281-PKKZE,train
4726-DLWQN,train
5804-HYIEZ,train
7892-QVYKW,train
1984-FCOWB,train
3026-ATZYV,train
1047-NNCBF,train
8909-BOLNL,train
0428-IKYCP,train
5956-VKDTT,train
3655-SNQYZ,train
3946-JEWRQ,train
4274-DRSQT,train
8441-SHIPE,train
2789-HQBOU,train
5206-XZZQI,train
5614-DNZCE,train
4328-VUFWD,train
3084-DOWLE,train
0265-PSUAE,train
4958-GZWIY,train
7255-SSFBC,train
2453-SAFNS,train
4522-AKYLR,train
2026-TGDHM,train
3720-DBRWL,train
2460-FPSYH,train
3079-BCHLN,train
2985-JUUBZ,train
7314-OXENN,train
3807-BPOMJ,train
1179-INLAT,train
8756-RDDLT,train
3797-VTIDR,train
7663-ZTEGJ,train
6635-CPNUN,train
5616-PRTNT,train
7606-BPHHN,train
8878-RYUKI,train
4193-IBKSW,train
9143-CANJF,train
8639-NHQEI,train
6685-GBWJZ,train
2585-KTFRE,train
7508-SMHXL,train
7711-GQBZC,train
5569-OUICF,train
4423-JWZJN,train
6656-JWRQX,train
9921-QFQUL,train
1272-ILHFG,train
4138-NAXED,train
4910-GMJOT,train
4707-MAXGU,train
7853-GVUDZ,train
8062-YBDOE,train
4078-SAYYN,train
8207-VVMYB,train
4626-OZDTJ,train
6954-OOYZZ,train
9564-KCLHR,train
5837-LXSDN,train
8945-MUQUF,train
7340-KEFQE,train
0292-WEGCH,train
9661-JALZV,train
4431-EDMIQ,train
1543-LLLFT,train
5035-PGZXH,train
1960-UYCNN,train
2207-QPJED,train
7047-FWEYA,train
4692-NNQRU,train
2798-NYLMZ,train
9618-LFJRU,train
6648-INWPS,train
1122-JWTJW,train
3727-OVPRY,train
1730-ZMAME,train
4538-WNTMJ,train
6322-PJJDJ,train
9060-HJJRW,train
4531-AUZNK,train
5846-QFDFI,train
0128-MKWSG,train
5868-YTYKS,train
2292-XQWSV,train
1452-XRSJV,train
8823-RLPWL,train
9334-GWGOW,train
6996-KNSML,train
8189-XRIKE,train
7054-ENNGU,train
3523-QRQLL,train
6664-FPDAC,train
3900-AQPHZ,train
4565-EVZMJ,train
4652-NNHNY,train
8292-ITGYJ,train
5944-UGLLK,train
1088-CNNKB,train
7968-QUXNS,train
7893-IXHRQ,train
3859-CVCET,train
4385-ZKVNW,train
9891-NQDBD,train
0178-CIIKR,train
2419-FSORS,train
6000-APYLU,train
3810-DVDQQ,train
7395-IGJOS,train
3452-GWUIN,train
4351-QLCSU,train
7074-STDCN,train
1352-VHKAJ,train
8844-TONUD,train
8782-NUUOL,train
6519-ZHPXP,train
3520-FJGCV,train
3583-KRKMD,train
3143-ILDAL,train
7603-USHJS,train
1057-FOGLZ,train
3070-FNFZQ,train
0254-WWRKD,train
8350-NYMVI,train
3211-ILJTT,train
5701-ZIKJE,train
4475-NVTLU,train
1754-GKYPY,train
7905-NJMXS,train
3055-VTCGS,train
6857-TKDJV,train
0655-RBDUG,train
0581-BXBUB,train
6979-TNDEU,train
2595-KIWPV,train
0196-JTUQI,train
0947-MUGVO,train
0354-WYROK,train
5312-TSZVC,train
5248-YGIJN,train
2388-LAESQ,train
6671-NGWON,train
7717-BICXI,train
6345-FZOQH,train
1776-SPBWV,train
5325-UWTWJ,train
2068-WWXQZ,train
0871-OPBXW,train
1583-IHQZE,train
8129-GMVGI,train
4291-SHSBH,train
1015-JPFYW,train
9081-WWXKP,train
8992-OBVDG,train
9746-MDMBK,train
3319-DWOEP,train
9518-IMLHK,train
3774-VBNXY,train
2979-SXESE,train
4910-AQFFX,train
7298-IZWLY,train
7605-BDWDC,train
4254-QPEDE,train
8563-OYMQY,train
4929-BSTRX,train
9054-FOWNV,train
4425-OWHWB,train
8741-LQOBK,train
7716-YTYHG,train
6916-HIJSE,train
9224-VTYID,train
7919-ZODZZ,train
6583-KQJLK,train
0248-PGHBZ,train
3717-LNXKW,train
6479-VDGRK,train
1139-WUOAH,train
9670-BPNXF,train
6047-SUHPR,train
0960-HUWBM,train
6377-WHAOX,train
3454-JFUBC,train
1157-BQCUW,train
8069-YQQAJ,train
5376-PCKNB,train
3298-QEICA,train
8182-PNAGI,train
5442-UTCVD,train
5915-DGNVC,train
7055-VKGDA,train
1907-YLNYW,train
1902-XBTFB,train
6007-TCTST,train
2799-TSLAG,train
6979-ZNSFF,train
6402-SSEJG,train
4625-EWPTF,train
7032-LMBHI,train
1481-ZUWZA,train
7599-NTMDP,train
4039-PIMHX,train
4391-LNRXK,train
9469-WEJBT,train
5605-IYGFG,train
3644-QXEHN,train
6481-ESCNL,train
0723-FDLAY,train
5712-PTIWW,train
1221-GHZEP,train
4952-YSOGZ,train
5236-XMZJY,train
9955-QOPOY,train
3494-JCHRQ,train
1840-BIUOG,train
8746-BFOAJ,train
0842-IWYCP,train
0442-ZXKVS,train
3696-DFHHB,train
3658-QQJYD,train
2960-NKRSO,train
7964-ZRKKG,train
6950-TWMYB,train
3733-LSYCE,train
8896-RAZCR,train
2208-UGTGR,train
1241-FPMOF,train
5549-ZGHFB,train
0384-RVBPI,train
1820-TQVEV,train
2794-XIMMO,train
3585-ISXZP,train
3446-QDSZF,train
9444-JTXHZ,train
2637-FKFSY,train
6576-FBXOJ,train
6177-PEVRA,train
2856-NNASM,train
0057-QBUQH,train
4062-HBMOS,train
7688-AWMDX,train
6234-PFPXL,train
3571-RFHAR,train
8028-PNXHQ,train
9442-JTWDL,train
4361-BKAXE,train
3090-QFUVD,train
0266-CLZKZ,train
2371-JUNGC,train
4825-FUREZ,train
2050-ONYDQ,train
8849-AYPTR,train
1285-OKIPP,train
0311-QYWSS,train
8802-UNOJF,train
7951-VRDVK,train
3746-EUBYR,train
3327-YBAKM,train
8544-JNBOX,train
8838-GPHZP,train
7764-BDPEE,train
9822-OAOVB,train
1775-KWJKQ,train
3186-AJIEK,train
0329-GTIAJ,train
3518-FSTWG,train
5143-WMWOG,train
7427-AUFPY,train
2235-DWLJU,train
6139-ZZRBQ,train
6458-CYIDZ,train
1052-QJIBV,train
5649-TJHOV,train
4833-QTJNO,train
1867-BDVFH,train
8263-QMNTJ,train
4597-ELFTS,train
1810-BOHSY,train
6625-IUTTT,train
8722-PRFDV,train
7279-BUYWN,train
3873-NFTGI,train
0899-LIIBW,train
6629-CZTTH,train
1702-CCFNJ,train
3850-OKINF,train
2091-GPPIQ,train
9027-TMATR,train
5882-CMAZQ,train
7041-TXQJH,train
9845-PEEKO,train
0471-ARVMX,train
1386-ZIKUV,train
0839-QNXME,train
0666-UXTJO,train
5995-WWKKG,train
1982-FEBTD,train
0468-YRPXN,train
2952-QAYZF,train
6036-TTFYU,train
3324-OIRTO,train
9408-HRXRK,train
6734-JDTTV,train
9812-GHVRI,train
5136-KCKGI,train
0661-WCQNQ,train
0142-GVYSN,train
1450-GALXR,train
2808-CHTDM,train
0078-XZMHT,train
4188-PCPIG,train
8535-SFUTN,train
3645-DEYGF,train
3472-QPRCH,train
8180-AKMJV,train
2525-GVKQU,train
2049-BAFNW,train
8952-WCVCD,train
3313-QKNKB,train
9799-CAYJJ,train
5338-YHWYT,train
8173-RXAYP,train
6614-YWYSC,train
3926-CUQZX,train
2639-UGMAZ,train
4840-ORQXB,train
4526-EXKKN,train
4060-LDNLU,train
6156-UZDLF,train
3058-WQDRE,train
6518-KZXCB,train
1049-FYSYG,train
8908-NMQTX,train
3374-PZLXD,train
5973-EJGDP,train
2775-SEFEE,train
6797-UCJHZ,train
3410-YOQBQ,train
8799-OXZMD,train
6508-NJYRO,train
8034-RYTVV,train
5680-LQOGP,train
9070-BCKQP,train
7706-YLMQA,train
1226-JZNKR,train
1078-TDCRN,train
1530-ZTDOZ,train
8707-HOEDG,train
1833-TCXKK,train
7240-FQLHE,train
2684-EIWEO,train
3161-GETRM,train
1269-FOYWN,train
8580-AECUZ,train
2788-CJQAQ,train
9308-ANMVE,train
8763-KIAFH,train
0439-IFYUN,train
3261-CQXOL,train
9026-LHEVG,train
3132-TVFDZ,train
6172-FECYY,train
9073-ZZIAY,train
6295-OSINB,train
1600-DILPE,train
4110-PFEUZ,train
3703-TTEPD,train
5788-YPOEG,train
6265-FRMTQ,train
9391-EOYLI,train
9086-YJYXS,train
3174-RKMOW,train
8544-GOQSH,train
0916-KNFAJ,train
6047-YHPVI,train
0495-RVCBF,train
4828-FAZPK,train
7622-NXQZR,train
1498-DQNRX,train
6386-SZZKH,train
8727-JQFHV,train
2542-HYGIQ,train
8246-SHFGA,train
7901-TBKJX,train
5127-BZENZ,train
2786-GCDPI,train
8980-WQFWL,train
1771-OADNZ,train
4430-YHXGG,train
9114-DPSIA,train
8800-ZKRFW,train
9866-OCCKE,train
2675-OTVVJ,train
6447-EGDIV,train
3018-TFTSU,train
5889-LFOLL,train
1699-TLDLZ,train
3170-NMYVV,train
0432-CAJZV,train
9842-EFSYY,train
0829-XXPLX,train
0080-EMYVY,train
0999-QXNSA,train
5843-TTHGI,train
0635-WKOLD,train
3085-QUOZK,train
5781-BKHOP,train
7322-OCWHC,train
7531-GQHME,train
1591-XWLGB,train
9732-OUYRN,train
0356-OBMAC,train
4537-CIBHB,train
3012-VFFMN,train
1577-HKTFG,train
8375-DKEBR,train
3683-QKIUE,train
4124-MMETB,train
9360-AHGNL,train
1389-WNUIB,train
2761-OCIAX,train
5980-NOPLP,train
2398-YPMUR,train
7321-ZNSLA,train
5542-DHSXL,train
1436-ZMJAN,train
9850-OWRHQ,train
4335-BSMJS,train
9889-TMAHG,train
7989-CHGTL,train
7752-XUSCI,train
8190-ZTQFB,train
2228-BZDEE,train
6563-VRERX,train
8008-OTEZX,train
4635-EJYPD,train
9027-YFHQJ,train
0187-WZNAB,train
2754-XBHTB,train
1193-RTSLK,train
1097-FSPVW,train
5214-NLTIT,train
5917-HBSDW,train
6896-SRVYQ,train
6434-TTGJP,train
0325-XBFAC,train
0722-SVSFK,train
8387-MOJJT,train
4072-IPYLT,train
4999-IEZLT,train
2013-SGDXK,train
0516-VRYBW,train
4807-IZYOZ,train
2586-CWXVV,train
8401-EMUWF,train
5950-AAAGJ,train
4002-BQWPQ,train
3468-DRVQJ,train
5198-EFNBM,train
7621-VPNET,train
9688-YGXVR,train
0366-NQSHS,train
6103-QCKFX,train
2270-CHBFN,train
4702-IOQDC,train
7527-QNRUS,train
8104-OSKWT,train
9805-FILKB,train
6005-OBZPH,train
2703-AMTUL,train
3487-EARAT,train
5446-DKWYW,train
6859-QNXIQ,train
1084-UQCHV,train
2454-RPBRZ,train
8752-GHJFU,train
4194-WHFCB,train
5236-PERKL,train
1320-GVNHT,train
2079-FBMZK,train
5821-MMEIL,train
2455-USLMV,train
9878-TNQGW,train
5419-JKZNQ,train
6425-JWTDV,train
9494-BDNNC,train
6161-UUUTA,train
9057-MSWCO,train
1791-PQHBB,train
2660-EMUBI,train
5386-THSLQ,train
0156-FVPTA,train
9481-SFCQY,train
4704-ERYFC,train
9367-WXLCH,train
8200-KLNYW,train
4822-YCXMX,train
0824-VWDPO,train
8668-KNZTI,train
4869-EPIUS,train
5597-GLBUC,train
2863-IMQDR,train
6821-JPCDC,train
1636-NTNCO,train
2545-LXYVJ,train
4976-LNFVV,train
6921-OZMFH,train
2351-BKRZW,train
3621-CEOVK,train
2080-GKCWQ,train
8584-KMVXD,train
7033-CLAMM,train
1705-GUHPV,train
2930-UOTMB,train
4686-UXDML,train
3214-IYUUQ,train
4111-BNXIF,train
5656-MJEFC,train
3701-SFMUH,train
9530-EHPOH,train
6974-DAFLI,train
2782-LFZVW,train
5996-NRVXR,train
4455-BFSPD,train
9553-DLCLU,train
2181-TIDSV,train
3838-OZURD,train
8650-RHRKE,train
3566-VVORZ,train
5451-MHQOF,train
6284-KMNUF,train
7669-LCRSD,train
0871-URUWO,train
7321-PKUYW,train
3160-TYXLT,train
2504-DSHIH,train
7593-JNWRU,train
2519-ERQOJ,train
2821-WARNZ,train
2108-YKQTY,train
4989-LIXVT,train
9117-SHLZX,train
6925-BAYGL,train
8467-WYNSR,train
3589-PPVKW,train
7114-AEOZE,train
1818-ESQMW,train
5899-MQZZL,train
1452-UZOSF,train
4636-QRJKY,train
7711-YIJWC,train
8747-UDCOI,train
1116-FRYVH,train
0301-KOBTQ,train
6374-NTQLP,train
3779-OSWCF,train
9677-AVKED,train
8543-MSDMF,train
6897-UUBNU,train
5103-MHMHY,train
0623-GDISB,train
0880-TKATG,train
6347-DCUIK,train
1015-OWJKI,train
7346-MEDWM,train
5206-HPJKM,train
7168-HDQHG,train
1915-IOFGU,train
9102-IAYHT,train
9793-WECQC,train
8318-LCNBW,train
0315-LVCRK,train
1431-CYWMH,train
3793-MMFUH,train
7318-EIVKO,train
8277-RVRSV,train
1403-GYAFU,train
9932-WBWIK,train
5609-CEBID,train
1814-DKOLC,train
4636-OLWOE,train
5726-CVNYA,train
7064-JHXCE,train
0266-GMEAO,train
3668-QPYBK,train
2495-KZNFB,train
4361-FEBGN,train
1545-ACTAS,train
5057-LCOUI,train
4628-WQCQQ,train
5688-KZTSN,train
1449-XQEMT,train
7278-CKDNC,train
5624-BQSSA,train
5599-HVLTW,train
0303-WMMRN,train
7009-PCARS,train
2530-FMFXO,train
1518-VOWAV,train
9509-MPYOD,train
3197-NNYNB,train
7128-GGCNO,train
0756-MPZRL,train
7707-PYBBH,train
9361-YNQWJ,train
7611-YKYTC,train
2568-OIADY,train
5727-MYATE,train
8942-DBMHZ,train
3428-XZMAZ,train
4585-HETAI,train
1260-TTRXI,train
7878-JGDKK,train
6994-ORCWG,train
6892-EZDTG,train
7554-NEWDD,train
1722-LDZJS,train
8234-GSZYK,train
4763-PGDPO,train
9392-XBGTD,train
7799-DSEWS,train
3452-ABWRL,train
7016-NVRIC,train
2615-YVMYX,train
6869-FGJJC,train
9374-YOLBJ,train
3154-CFSZG,train
6654-QGBZZ,train
3853-LYGAM,train
5299-RULOA,train
1328-EUZHC,train
9571-EDEBV,train
0096-FCPUF,train
2001-EWBQU,train
4925-LMHOK,train
0772-GYEQQ,train
7634-WSWDB,train
4132-KALRO,train
0420-HLGXF,train
9787-XVQIU,train
4311-QTTAI,train
9631-RXVJM,train
2223-KAGMX,train
9938-ZREHM,train
5222-IMUKT,train
0310-SUCIN,train
3422-GALYP,train
4301-VVZKA,train
8388-DMKAE,train
5626-MGTUK,train
1447-PJGGA,train
1750-CSKKM,train
1265-HVPZB,train
2436-QBZFP,train
2237-ZFSMY,train
9453-PATOS,train
4909-JOUPP,train
4919-IKATY,train
9700-ISPUP,train
0168-XZKBB,train
8582-KRHPJ,train
4797-MIWUM,train
0221-WMXNQ,train
7225-CBZPL,train
7251-XFOIL,train
8220-OCUFY,train
2037-XJFUP,train
3556-BVQGL,train
2712-SYWAY,train
0336-PIKEI,train
7644-OMVMY,train
0524-IAVZO,train
4729-XKASR,train
9121-PHQSR,train
6032-KRXXO,train
3930-ZGWVE,train
9617-UDPEU,train
7758-XKCBS,train
1469-LBJQJ,train
0504-HHAPI,train
5223-UZAVK,train
8217-QYOHV,train
3415-TAILE,train
1167-OYZJF,train
5458-CQJTA,train
9208-OLGAQ,train
3727-RJMEO,train
2796-UUZZO,train
1493-AMTIE,train
5022-KVDQT,train
0114-RSRRW,train
0576-WNXXC,train
7508-DQAKK,train
8033-ATFAS,train
7136-RVDTZ,train
9337-SRRNI,train
5651-CRHKQ,train
0484-JPBRU,train
3106-ULWFW,train
5027-YOCXN,train
3726-TBHQT,train
3620-EHIMZ,train
1310-QRITU,train
3030-YZADT,train
4558-FANTW,train
2599-CIPQE,train
4929-XIHVW,train
4324-BZCKL,train
8824-RWFXJ,train
2135-DQWAQ,train
7879-CGSFV,train
2541-YGPKE,train
7925-PNRGI,train
5906-CVLHP,train
2867-UIMSS,train
0716-BQNDX,train
0970-ETWGE,train
0746-JTRFU,train
4716-MRVEN,train
8717-VCTXJ,train
2219-MVUSO,train
6513-EECDB,train
5697-GOMBF,train
7841-TZDMQ,train
2480-JZOSN,train
0536-ESJEP,train
7353-YOWFP,train
2159-TURXX,train
4884-ZTHVF,train
3863-QSTYI,train
6908-VVYHM,train
1045-LTCYT,train
8393-JMVMB,train
2171-UDMFD,train
7244-KXYZN,train
6599-SFQVE,train
6620-HVDUJ,train
1640-PLFMP,train
0513-RBGPE,train
0827-ITJPH,train
4690-LLKUA,train
5286-YHCVC,train
0733-VUNUW,train
0212-ISBBF,train
3745-HRPHI,train
6424-ELEYH,train
0810-BDHAW,train
4636-TVXVG,train
8100-HZZLJ,train
6867-ACCZI,train
0626-QXNGV,train
5820-PTRYM,train
6851-WEFYX,train
9489-UTFKA,train
4701-LKOZD,train
7036-ZZKBD,train
9873-MNDKV,train
2592-YKDIF,train
3823-KYNQY,train
6211-WHMYA,train
0637-YLETY,train
4546-FOKWR,train
9498-FIMXL,train
2931-VUVJN,train
4654-GGUII,train
1131-SUEKT,train
2853-CWQFQ,train
8276-MQBYC,train
3372-CDXFJ,train
9944-AEXBM,train
3351-NQLDI,train
5088-QZLRL,train
7696-CFTAT,train
8547-NSBBO,train
5054-IEXZT,train
0886-QGENL,train
4234-XTNEA,train
1470-PSXNM,train
0967-BMLBD,train
3283-WCWXT,train
3091-FYHKI,train
8399-YNDCH,train
6114-TCFID,train
6121-VZNQB,train
5825-XJOCM,train
2672-HUYVI,train
9093-FPDLG,train
5539-HIVAK,train
8972-HJWNV,train
3318-OSATS,train
4598-ZADCK,train
5906-BFOZT,train
0048-LUMLS,train
0018-NYROU,train
7774-OJSXI,train
3812-LRZIR,train
7312-XSBAT,train
2107-FBPTK,train
5028-GZLDO,train
3785-KTYSH,train
3062-ICYZQ,train
7302-ZHMHP,train
1265-ZFOSD,train
6559-RAKOZ,train
7670-ZBPOQ,train
3957-LXOLK,train
0916-QOFDP,train
2322-VCZHZ,train
8058-INTPH,train
4878-BUNFV,train
1218-VKFPE,train
5061-PBXFW,train
1254-IZEYF,train
8659-HDIYE,train
6718-BDGHG,train
7703-ZEKEF,train
5970-GHJAW,train
0665-XHDJU,train
4057-FKCZK,train
0412-UCCNP,train
6695-FRVEC,train
0016-QLJIS,train
9221-OTIVJ,train
2000-MPKCA,train
9365-CSLBQ,train
1728-CXQBE,train
9253-QXKBE,train
3195-TQDZX,train
6906-MPARY,train
8229-BUJHX,train
6719-OXYBR,train
6484-LATFU,train
7107-UBYKY,train
5996-DAOQL,train
1187-WILMM,train
4007-NHVHI,train
3902-FOIGH,train
0401-WDBXM,train
9068-VPWQQ,train
0946-CLJTI,train
7524-VRLPL,train
2809-ZMYOQ,train
3977-QCRSL,train
3439-GVUSX,train
2999-AANRQ,train
5277-ZLOOR,train
7742-MYPGI,train
6507-ZJSUR,train
9546-KDTRB,train
2907-ILJBN,train
4750-ZRXIU,train
0533-UCAAU,train
5485-ITNPC,train
0123-CRBRT,train
1009-IRMNA,train
2612-RRIDN,train
2230-XTUWL,train
7140-ADSMJ,train
9480-BQJEI,train
6599-RCLCJ,train
3948-XHGNA,train
7901-IIDQV,train
5168-MQQCA,train
5606-AMZBO,train
0491-KAPQG,train
1324-NLTJE,train
0848-ZGQIJ,train
1468-DEFNC,train
7426-RHZGU,train
4355-HBJHH,train
0365-BZUWY,train
1596-BBVTG,train
6692-UDPJC,train
2996-XAUVF,train
1095-JUDTC,train
3635-JBPSG,train
2632-UCGVD,train
3751-KTZEL,train
5522-NYKPB,train
1796-JANOW,train
7581-EBBOU,train
4816-JBHOV,train
5214-CHIWJ,train
3717-OEAUQ,train
2433-KMEAS,train
4751-ERMAN,train
1177-XZBJL,train
7191-ADRGF,train
6437-UKHMV,train
3995-WFCSM,train
4544-RXFMG,train
6923-AQONU,train
7629-WFGLW,train
4846-WHAFZ,train
4770-UEZOX,train
8189-DUKMV,train
3420-YJLQT,train
3736-BLEPA,train
1407-DIGZV,train
2947-DOMLJ,train
7094-MSZAO,train
2954-PIBKO,train
2682-KEVRP,train
9548-ZMVTX,train
0584-BJQGZ,train
6617-WLBQC,train
2911-WDXMV,train
1013-QCWAM,train
0774-RMNUW,train
9441-QHEVC,train
2190-BCXEC,train
4160-AMJTL,train
4360-PNRQB,train
1866-RZZQS,train
2226-ICFDO,train
4349-GFQHK,train
9823-EALYC,train
7126-RBHSD,train
6432-TWQLB,train
6259-WJQLC,train
6615-NGGZJ,train
7529-ZDFXI,train
5602-BVFMK,train
3486-NPGST,train
1550-EENBN,train
2025-JKFWI,train
0618-XWMSS,train
5299-SJCZT,train
2691-NZETQ,train
2479-BRAMR,train
3707-LRWZD,train
8884-FEEWR,train
0969-RGKCU,train
6087-MVHJH,train
5575-TPIZQ,train
0932-YIXYU,train
5537-UXXVS,train
1208-DNHLN,train
1346-UFHAX,train
8328-SKJNO,train
8749-CLJXC,train
5652-MSDEY,train
9076-AXYIK,train
3896-ZVNET,train
4020-KIUDI,train
5760-IFJOZ,train
7078-NVFAM,train
6900-PXRMS,train
3858-XHYJO,train
4238-HFHSN,train
2480-EJWYP,train
4589-IUAJB,train
3737-GCSPV,train
8167-GJLRN,train
1061-PNTHC,train
5345-BMKWB,train
3522-CDKHF,train
4713-LZDRV,train
0354-VXMJC,train
9385-EHGDO,train
3115-CZMZD,train
0117-LFRMW,train
4360-QRAVE,train
6670-MFRPK,train
3130-ICDUP,train
5207-PLSTK,train
4753-PADAS,train
6229-LSCKB,train
3078-ZKNTS,train
7660-HDPJV,train
2212-LYASK,train
9003-CPATH,train
9168-INPSZ,train
5692-ICXLW,train
1522-VVDMG,train
4486-EFAEB,train
9728-FTTVZ,train
9822-BIIGN,train
4718-WXBGI,train
1023-BQXZE,train
6086-ESGRL,train
0440-UEDAI,train
2656-TABEH,train
6522-OIQSX,train
2408-PSJVE,train
7341-LXCAF,train
1935-IMVBB,train
5202-IVJNU,train
1036-GUDCL,train
1716-LSAMB,train
7691-XVTZH,train
0013-MHZWF,train
9398-MMQTO,train
8718-PTMEZ,train
0594-UFTUL,train
7544-ZVIKX,train
2188-SXWVT,train
8409-WQJUX,train
9958-MEKUC,train
6331-EWIEB,train
5271-DBYSJ,train
3266-FTKHB,train
6933-VLYFX,train
7190-XHTWJ,train
7993-PYKOF,train
2851-STERV,train
5324-KTGCG,train
7665-NKLAV,train
7129-AZJDE,train
2074-GKOWZ,train
6082-GLJIX,train
4211-MMAZN,train
9702-AIUJO,train
5668-MEISB,train
6372-RFVNS,train
1845-ZLLIG,train
6885-PKOAM,train
5519-TEEUH,train
0909-SELIE,train
2037-SGXHH,train
3049-SOLAY,train
9651-GTSAQ,train
8043-PNYSD,train
4548-SDBKE,train
5671-RQRLP,train
3801-HMYNL,train
2186-QZEYA,train
4892-VLANZ,train
3181-VTHOE,train
9128-CPXKI,train
5968-HYJRZ,train
1934-MKPXS,train
7940-UQQUG,train
1304-SEGFY,train
1689-MRZQR,train
3537-RYBHH,train
9531-NSBMR,train
1092-WPIVQ,train
5393-HJZSM,train
4581-SSPWD,train
0334-GDDSO,train
6121-TNHBO,train
2810-FTLEM,train
3727-JEZTU,train
7074-IEVOJ,train
7682-AZNDK,train
3714-JTVOV,train
5384-ZTTWP,train
5018-HEKFO,train
1710-RCXUS,train
2332-TODQS,train
4558-CGYCZ,train
2039-JONDJ,train
7010-ZMVBF,train
4378-BZYFP,train
7486-KSRVI,train
6646-QVXLR,train
3847-BAERP,train
6286-SUUWT,train
0936-NQLJU,train
0508-OOLTO,train
0237-YFUTL,train
4304-XUMGI,train
6599-GZWCM,train
4210-QFJMF,train
4559-UWIHT,train
4236-XPXAV,train
5201-FRKKS,train
2550-AEVRU,train
9804-ICWBG,train
1041-RXHRA,train
1428-IEDPR,train
0822-QGCXA,train
5473-KHBPS,train
3963-RYFNS,train
4612-SSVHJ,train
7014-ZZXAW,train
6158-DWPZT,train
3027-YNWZU,train
4248-HCETZ,train
8532-UEFWH,train
4525-VZCZG,train
7502-BNYGS,train
5228-EXCET,train
3482-ABPKK,train
8623-ULFNQ,train
8595-SIZNC,train
6807-SIWJI,train
8606-CIQUL,train
8019-ENHXU,train
8714-CTZJW,train
0876-WDUUZ,train
8849-PRIQJ,train
8168-UQWWF,train
3654-ARMGP,train
1472-TNCWL,train
9987-LUTYD,train
2225-ZRGSG,train
6542-LWGXJ,train
0541-FITGH,train
4199-QHJNM,train
8755-OGKNA,train
9798-OPFEM,train
9560-ARGQJ,train
4086-ATNFV,train
9135-MGVPY,train
1106-HRLKZ,train
5898-IGSLP,train
5986-WWXDV,train
6810-VCAEX,train
8705-DWKTI,train
4480-QQRHC,train
2974-GGUXS,train
8380-PEFPE,train
5170-PTRKA,train
6777-TGHTM,train
4191-XOVOM,train
6075-SLNIL,train
3647-GMGDH,train
4119-ZYPZY,train
0530-IJVDB,train
4220-TINQT,train
6688-UZPWD,train
0487-CRLZF,train
7449-HVPIV,train
9107-UKCKY,train
8999-YPYBV,train
9938-EKRGF,train
1379-FRVEB,train
4484-GLZOU,train
0455-ENTCR,train
0623-IIHUG,train
4077-CROMM,train
5148-ORICT,train
2122-SZZZD,train
3795-CAWEX,train
3466-RITXD,train
1265-XTECC,train
9470-RTWDV,train
7601-GNDYK,train
5399-ZIMKF,train
8468-FZTOE,train
7549-MYGPK,train
9617-INGJY,train
4750-UKWJK,train
4320-QMLLA,train
7825-ECJRF,train
9817-APLHW,train
6981-TDRFT,train
5669-SRAIP,train
5981-ZVXOT,train
5256-SKJGO,train
3391-JSQEW,train
7017-VFHAY,train
1573-LGXBA,train
8361-LBRDI,train
6559-ILWKJ,train
6082-OQFBA,train
5090-EMGTC,train
0384-LPITE,train
6770-UAYGJ,train
0017-DINOC,train
2263-SFSQZ,train
7249-WBIYX,train
2189-WWOEW,train
2801-NISEI,train
9074-KGVOX,train
4749-OJKQU,train
4450-MDZFX,train
2545-EBUPK,train
6999-CHVCF,train
1137-DGOWI,train
3470-BTGQO,train
8735-SDUFN,train
7000-WCEVQ,train
1142-WACZW,train
9959-WOFKT,train
9537-VHDTA,train
2359-KLTEK,train
8345-MVDYC,train
9725-SCPZG,train
8988-ECPJR,train
8819-IMISP,train
1432-FPAXX,train
3957-HHLMR,train
6532-YLWSI,train
1297-VQDRP,train
6582-OIVSP,train
3274-NSDWE,train
3572-UOLYZ,train
8981-FJGLA,train
5120-ZBLAI,train
5756-JYOJT,train
1069-QJOEE,train
5304-EFJLP,train
0032-PGELS,train
9962-BFPDU,train
0979-MOZQI,train
7966-YOTQW,train
1257-SXUXQ,train
5419-JPRRN,train
9140-CZQZZ,train
4458-KVRBJ,train
0885-HMGPY,train
6778-JFCMK,train
4512-ZUIYL,train
2580-ATZSQ,train
2830-LEWOA,train
4081-DYXAV,train
9885-AIBVB,train
2272-QAGFO,train
1465-LNTLJ,train
5981-ITEMU,train
1853-ARAAQ,train
1396-QWFBJ,train
5449-FIBXJ,train
0619-OLYUR,train
8752-STIVR,train
5931-FLJJF,train
8007-YYPWD,train
3097-NQYSN,train
3981-QSVQI,train
3259-QMXUN,train
5619-PTMIK,train
9330-IJWIO,train
1043-UXOVO,train
8565-CLBZW,train
8266-VBFQL,train
5844-QVTAT,train
5868-CZJDR,train
0902-XKXPN,train
4797-AXPXK,train
6390-DSAZX,train
9518-XXBXE,train
0328-GRPMV,train
3177-LASXD,train
0564-MUUQK,train
7351-KYHQH,train
2072-ZVJJX,train
9108-EQPNQ,train
8485-GJCDN,train
8919-FYFQZ,train
5313-FPXWG,train
1395-OFUWC,train
1307-TVUFB,train
0817-HSUSE,train
5117-IFGPS,train
2055-PDADH,train
1834-WULEG,train
1810-MVMAI,train
7647-GYYKX,train
9153-BTBVV,train
2969-VAPYH,train
6968-URWQU,train
8884-MRNSU,train
9112-WSNPU,train
8404-VIOMB,train
6704-UTUKK,train
7153-OANIO,train
9013-AQORL,train
9079-LWTFD,train
3916-NRPAP,train
6476-YHMGA,train
6248-BSHKG,train
7813-TKCVO,train
6180-YBIQI,train
2155-AMQRX,train
5918-VUKWP,train
6365-HITVU,train
6128-CZOMY,train
9490-DFPMD,train
7901-HXJVA,train
7480-SPLEF,train
2642-DTVCO,train
3791-LGQCY,train
1582-RAFML,train
3719-TDVQB,train
6738-ISCBM,train
4459-BBGHE,train
4785-QRJHC,train
0725-CXOTM,train
7817-OMJNA,train
7903-CMPEY,train
7105-MXJLL,train
0702-PGIBZ,train
9426-SXNHE,train
2894-QOJRX,train
9278-VZKCD,train
4376-KFVRS,train
8404-FYDIB,train
7609-NRNCA,train
7395-XWZOY,train
8634-CILSZ,train
4056-QHXHZ,train
0112-QWPNC,train
0519-XUZJU,train
6231-WFGFH,train
2530-ENDWQ,train
6124-ACRHJ,train
5787-KXGIY,train
0556-FJEGU,train
0531-ZZJWQ,train
8845-LWKGE,train
5702-KVQRD,train
0093-EXYQL,train
8541-QVFKM,train
6608-QQLVK,train
2320-TZRRH,train
0254-KCJGT,train
0931-MHTEM,train
3705-RHRFR,train
7163-OCEQI,train
3594-UVONA,train
9541-ZPSEA,train
3841-CONLJ,train
1335-HQMKX,train
0022-TCJCI,train
7130-YXBRO,train
5930-GBIWP,train
4237-RLAQD,train
2668-TZSPS,train
8191-XWSZG,train
1075-BGWOH,train
1937-OTUKY,train
7162-WPHPM,train
2272-JKMSI,train
6773-LQTVT,train
9170-GYZJC,train
6323-AYBRX,train
4837-QUSFT,train
3473-XIIIT,train
7137-RYLPP,train
5130-YPIRV,train
0373-AIVNJ,train
7470-MCQTK,train
7754-IXRMC,train
5671-UUNXD,train
9330-VOFSZ,train
7079-QRCBC,train
1302-TPUBN,train
7511-YMXVQ,train
3340-QBBFM,train
3481-JHUZH,train
0228-MAUWC,train
6766-HFKLA,train
7677-SJJJK,train
7017-VFULY,train
8390-FESFV,train
5442-XSDCW,train
0064-SUDOG,train
6637-KYRCV,train
0744-GKNGE,train
7876-AEHIG,train
2397-BRLOM,train
3662-FXJFO,train
1240-HCBOH,train
0787-LHDYT,train
2506-CLAKW,train
2451-YMUXS,train
0980-FEXWF,train
0523-VNGTF,train
6838-YAUVY,train
0508-SQWPL,train
5056-FIMPT,train
4080-OGPJL,train
1428-GTBJJ,train
8221-EQDGL,train
1663-MHLHE,train
3870-SPZSI,train
6242-FEGFD,train
4774-HHGGS,train
8035-PWSEV,train
1735-XMJVH,train
5203-XEHAX,train
1222-KJNZD,train
3292-PBZEJ,train
9715-WZCLW,train
6425-YQLLO,train
6674-KVJHG,train
4257-GAESD,train
8944-AILEF,train
1867-TJHTS,train
7876-BEUTG,train
8480-PPONV,train
2176-LVPNX,train
4123-DVHPH,train
8646-JCOMS,train
2972-YDYUW,train
9715-SBVSU,train
8903-XEBGX,train
7551-JOHTI,train
5527-ACHSO,train
6919-ELBGL,train
1545-JFUML,train
2003-CKLOR,train
9432-RUVSL,train
6207-WIOLX,train
8819-WFGGJ,train
3889-VWBID,train
0125-LZQXK,train
2205-YMZZJ,train
0895-LNKRC,train
2277-DJJDL,train
2968-SSGAA,train
2432-TFSMK,train
3896-RCYYE,train
3932-CMDTD,train
3721-CNEYS,train
6509-TSGWN,train
8734-FNWVH,train
0323-XWWTN,train
8513-OLYGY,train
8070-AAWZP,train
0327-WFZSY,train
5288-AHOUP,train
1429-UYJSV,train
9560-BBZXK,train
5550-VFRLC,train
8364-TRMMK,train
9971-ZWPBF,train
4640-UHDOS,train
1958-RNRKS,train
6624-JDRDS,train
7421-ZLUPA,train
7180-PISOG,train
9124-LHCJQ,train
1612-EOHDH,train
3629-WEAAM,train
8745-PVESG,train
5047-LHVLY,train
5583-SXDAG,train
7521-YXVZY,train
5465-BUBFA,train
5115-SQAAU,train
4576-CSAJH,train
3217-FZDMN,train
7855-DIWPO,train
4931-TRZWN,train
0907-HQNTS,train
7101-HRBLJ,train
0637-KVDLV,train
9139-WQQDY,train
5995-SNNEW,train
0754-UKWQP,train
6402-EJMWF,train
5813-UECBU,train
8332-OSJDW,train
8917-SZTTJ,train
7176-WRTNX,train
6339-YPSAH,train
9388-ZEYVT,train
5915-ANOEI,train
3967-KXAPS,train
7989-VCQOH,train
6928-ONTRW,train
5343-SGUBI,train
5482-NUPNA,train
8382-SHQEH,train
6029-WTIPC,train
5076-YVXCM,train
8329-IBCTI,train
6166-YIPFO,train
9173-IVZVP,train
2956-GGUCQ,train
0519-DRGTI,train
4927-WWOOZ,train
0201-OAMXR,train
4652-ODEVH,train
8305-VHZBZ,train
7270-BDIOA,train
2626-URJFX,train
9661-ACXBS,train
7623-TRNQN,train
1029-QFBEN,train
3530-VWVGU,train
3584-WKTTW,train
5577-OTWWW,train
9142-KZXOP,train
1455-ESIQH,train
5117-ZSMHQ,train
0219-QAERP,train
4115-BNPJY,train
3891-NLXJB,train
6357-JJPQT,train
7254-IQWOZ,train
4611-ANLQC,train
6480-YAGIY,train
2883-ILGWO,train
0810-DHDBD,train
6870-ZWMNX,train
6322-HRPFA,train
1159-WFSGR,train
8313-KTIHG,train
2834-JRTUA,train
3234-VKACU,train
2266-FUBDZ,train
2038-YSEZE,train
5939-XAIXZ,train
5716-EZXZN,train
7665-VIGUD,train
4227-OJHAL,train
6856-RAURS,train
4847-TAJYI,train
7005-CYUIL,train
2845-HSJCY,train
1291-CUOCY,train
3915-ODIYG,train
4128-ETESU,train
9283-LZQOH,train
2027-FECZV,train
3642-BYHDO,train
4626-GYCZP,train
6383-ZTSIW,train
2361-UPSND,train
0991-BRRFB,train
0094-OIFMO,train
4654-DLAMQ,train
3345-JHUEO,train
1447-GIQMR,train
2342-CKIAO,train
2085-JVGAD,train
1945-XISKS,train
3255-GRXMG,train
9896-UYMIE,train
9927-DSWDF,train
5334-AFQJB,train
6985-HAYWX,train
7854-FOKSF,train
9150-HEPMB,train
2928-HLDBA,train
2778-OCLGR,train
7247-XOZPB,train
9170-ARBTB,train
7625-XCQRH,train
2773-MADBQ,train
7471-MQPOS,train
7503-QQRVF,train
2452-KDRRH,train
3347-YJZZE,train
8327-LZKAS,train
3946-MHCZW,train
5567-GZKQY,train
3090-LETTY,train
6862-CQUMB,train
5153-RTHKF,train
6859-RKMZJ,train
3445-HXXGF,train
4929-ROART,train
2311-QYMUQ,train
9691-HKOVS,train
0962-CQPWQ,train
4615-PIVVU,train
8631-WUXGY,train
0106-GHRQR,train
1062-LHZOD,train
1761-AEZZR,train
6092-QZVPP,train
4013-TLDHQ,train
9330-DHBFL,train
4237-CLSMM,train
6393-WRYZE,train
6369-MCAKO,train
6034-YMTOB,train
6518-PPLMZ,train
8225-BTJAU,train
3082-WQRVY,train
4112-LUEIZ,train
5956-YHHRX,train
4000-VGMQP,train
5495-GPSRW,train
8969-PRHFK,train
9640-ZSLDC,train
4282-MSACW,train
9091-WTUUY,train
0867-MKZVY,train
4872-VXRIL,train
9039-RBEEE,train
1492-QGCLU,train
8707-RMEZH,train
5835-BEQEU,train
2408-WITXK,train
5167-GBFRE,train
2190-PHBHR,train
6741-QRLUP,train
3863-IUBJR,train
2840-XANRC,train
2193-SFWQW,train
1236-WFCDV,train
4106-HADHQ,train
4189-NAKJS,train
5233-GEEAX,train
4139-JPIAM,train
4671-VJLCL,train
9185-TQCVP,train
1624-NALOJ,train
1980-KXVPM,train
8780-IXSTS,train
7634-HLQJR,train
3156-QLHBO,train
8461-EFQYM,train
6410-LEFEN,train
3545-CNWRG,train
9269-CQOOL,train
4484-CGXFK,train
8444-WRIDW,train
0516-UXRMT,train
2750-BJLSB,train
3143-JQEGI,train
5192-EBGOV,train
8903-WMRNW,train
3005-TYFRD,train
1527-SXDPN,train
4471-KXAUH,train
0748-RDGGM,train
1173-NOEYG,train
2434-EEVDB,train
6813-GZQCG,train
1628-BIZYP,train
7379-FNIUJ,train
6061-PQHMK,train
6749-UTDVX,train
1064-FBXNK,train
7674-YTAFD,train
2888-ADFAO,train
2146-EGVDT,train
6116-RFVHN,train
7721-DVEKZ,train
1084-MNSMJ,train
4745-LSPLO,train
8237-ULIXL,train
7932-WPTDS,train
1579-KLYDT,train
2900-PHPLN,train
7103-ZGVNT,train
1090-PYKCI,train
1989-PRJHP,train
5883-GTGVD,train
3284-SVCRO,train
8967-SZQAS,train
7156-MHUGY,train
6366-XIVKZ,train
5349-AZPEW,train
4717-GHADL,train
5666-CYCYZ,train
8915-NNTRC,train
9424-CMPOG,train
3196-NVXLZ,train
5939-SXWHM,train
7377-DMMRI,train
9174-FKWZE,train
0562-FGDCR,train
6629-LADHQ,train
2027-CWDNU,train
6817-WTYHE,train
9470-YFUYI,train
8338-QIUNR,train
0362-RAOQO,train
4403-BWPAY,train
6585-WCEWR,train
7021-XSNYE,train
8022-BECSI,train
8087-LGYHQ,train
3496-LFSZU,train
6100-FJZDG,train
1965-DDBWU,train
7572-KPVKK,train
7330-WZLNC,train
1767-CJKBA,train
7131-ZQZNK,train
6010-DDPPW,train
4184-TJFAN,train
8311-UEUAB,train
0928-XUTSN,train
8901-HJXTF,train
7617-EYGLW,train
6959-GQEGV,train
2085-BOJKI,train
6584-VQMYT,train
1685-BQULA,train
9668-PUGNU,train
2731-GJRDG,train
3256-EZDBI,train
9154-QDGTH,train
4573-JKNAE,train
7593-XFKDI,train
0731-EBJQB,train
6379-RXJRQ,train
9639-BUJXT,train
0781-LKXBR,train
4698-KVLLG,train
1219-NNDDO,train
7982-VCELR,train
1353-GHZOS,train
8966-SNIZF,train
7365-BVCJH,train
7409-KIUTL,train
6439-LAJXL,train
5959-BELXA,train
1215-VFYVK,train
6429-SHBCB,train
8757-TFHHJ,train
7297-DVYGA,train
5312-UXESG,train
5136-RGMZO,train
7273-TEFQD,train
4500-HKANN,train
4342-HFXWS,train
5227-JSCFE,train
4676-MQUEA,train
7780-OTDSO,train
0224-RLWWD,train
6087-YPWHO,train
0260-ZDLGK,train
7554-AKDQF,train
4283-FUTGF,train
7156-MXBJE,train
3486-HOOGQ,train
3874-EQOEP,train
9975-GPKZU,train
3663-MITLP,train
1849-RJYIG,train
3935-TBRZZ,train
4709-LKHYG,train
1729-VLAZJ,train
0841-NULXI,train
6854-EXGSF,train
7175-NTIXE,train
2876-VBBBL,train
7841-FCRQD,train
3845-JHAMY,train
6922-NCEDI,train
9355-NPPFS,train
8091-TTVAX,train
4656-CAURT,train
5879-SESNB,train
4831-EOBFE,train
2364-UFROM,train
9530-GRMJG,train
4445-KWOKW,train
4312-KFRXN,train
5951-AOFIH,train
6549-BTYPG,train
6408-OTUBZ,train
6727-IOTLZ,train
5919-TMRGD,train
1357-MVDOZ,train
4291-HYEBC,train
3523-BRGUW,train
2359-QWQUL,train
3194-ORPIK,train
1098-KFQEC,train
1087-UDSIH,train
5673-TIYIB,train
8808-ELEHO,train
1568-LJSZU,train
6371-NZYEG,train
8739-WWKDU,train
4633-MKHYU,train
8150-QUDFX,train
8777-MBMTS,train
7291-CDTMJ,train
9548-LIGTA,train
5651-YLPRD,train
6969-MVBAI,train
3756-VNWDH,train
0516-WJVXC,train
2782-JEEBU,train
3787-TRIAL,train
5954-BDFSG,train
8058-JMEQO,train
8060-HIWJJ,train
5129-HHMZC,train
4322-RCYMT,train
1936-UAFEH,train
5348-CAGXB,train
7706-DZNKK,train
8395-ETZKQ,train
9314-IJWSQ,train
8735-IJJEG,train
4826-XTSOH,train
6923-JHPMP,train
0862-PRCBS,train
4583-PARNH,train
8232-UTFOZ,train
9820-RMCQV,train
5077-DXTCG,train
2645-QTLMB,train
3402-XRIUO,train
6734-PSBAW,train
7480-QNVZJ,train
4139-DETXS,train
9603-OAIHC,train
6907-FLBER,train
6705-LXORM,train
6898-RBTLU,train
3452-FLHYD,train
5997-OPVFA,train
0397-GZBBC,train
2293-IJWPS,train
9897-KXHCM,train
0674-EYYZV,train
2576-HXMPA,train
4827-USJHP,train
7853-OETYL,train
1423-BMPBQ,train
2276-YDAVZ,train
9281-OFDMF,train
9289-LBQVU,train
8259-DZLIZ,train
5196-WPYOW,train
5307-UVGNB,train
3173-WSSUE,train
6204-IEUXJ,train
3460-TJBWI,train
0506-YLVKJ,train
6022-KOUQO,train
0231-LXVAP,train
7860-UXCRM,train
8097-VBQTZ,train
7136-IHZJA,train
6736-DHUQI,train
9904-EHEVJ,train
9717-QEBGU,train
2690-DVRVK,train
9397-TZSHA,train
3389-YGYAI,train
9722-UJOJR,train
2369-FEVNO,train
8679-LZBMD,train
1506-YJTYT,train
8949-JTMAY,train
5196-SGOAK,train
5419-CONWX,train
1202-KKGFU,train
8414-OOEEL,train
1212-GLHMD,train
9451-WLYRI,train
1724-IQWNM,train
4926-UMJZD,train
4059-IIEBK,train
0178-SZBHO,train
1658-XUHBX,train
4815-TUMEQ,train
6050-IJRHS,train
8612-GXIDD,train
9402-ROUMJ,train
7926-IJOOU,train
4465-VDKIQ,train
9244-ZVAPM,train
1455-HFBXA,train
6051-PTVNS,train
1060-ENTOF,train
3500-RMZLT,train
2845-KDHVX,train
6689-VRRTK,train
7054-LGEQW,train
5893-KCLGT,train
8922-LIEGH,train
5829-NVSQN,train
6733-LRIZX,train
5130-IEKQT,train
9992-RRAMN,train
9323-HGFWY,train
9957-YODKZ,train
8152-UOBNY,train
5482-VXSXJ,train
3373-DIUUN,train
9546-CQJSU,train
6603-YRDCJ,train
2696-ECXKC,train
9040-KZVWO,train
3755-JBMNH,train
7359-PTSXY,train
0942-KOWSM,train
8035-BUYVG,train
9089-UOWJG,train
6064-ZATLR,train
9830-ECLEN,train
7398-HPYZQ,train
3804-RVTGV,train
5590-ZSKRV,train
0961-ZWLVI,train
3411-WLRSQ,train
0104-PPXDV,train
3785-NRHYR,train
9134-CEQMF,train
9921-EZKBY,train
7279-NMVJC,train
6825-UYPFK,train
2439-LYPMQ,train
7765-LWVVH,train
2933-XEUJM,train
6839-ITVZJ,train
9342-VNIMQ,train
3656-TKRVZ,train
1898-JSNDC,train
4291-YZODP,train
4547-LYTDD,train
1360-RCYRT,train
1400-WIVLL,train
5327-XOKKY,train
3824-RHKVR,train
2176-OSJUV,train
8818-XYFCQ,train
4009-ALQFH,train
0002-ORFBO,train
5937-EORGB,train
8063-GBATB,train
5515-RUGKN,train
1703-MGIAB,train
6814-ZPWFQ,train
2700-LUEVA,train
1465-VINDH,train
5875-YPQFJ,train
4824-GUCBY,train
8714-EUHJO,train
4660-IRIBM,train
3346-BRMIS,train
8622-ZLFKO,train
7234-FECYN,train
0471-LVHGK,train
5651-CPDND,train
5322-TEUJK,train
6804-GDMOI,train
1619-YWUBB,train
9601-BRXPO,train
1333-PBMXB,train
0617-AQNWT,train
8095-WANWK,train
5146-CBVOE,train
8661-BOYNW,train
0118-JPNOY,train
1832-PEUTS,train
5792-JALQC,train
9985-MWVIX,train
3604-WLABM,train
4011-ARPHK,train
5380-WJKOV,train
9248-OJYKK,train
7396-VJUZB,train
9570-KYEUA,train
6402-ZFPPI,train
3407-QGWLG,train
6745-JEFZB,train
6017-PPLPX,train
7973-DZRKH,train
4957-TIALW,train
4439-JMPMT,train
8929-KSWIH,train
9574-RKJIF,train
4881-JVQOD,train
9367-OIUXP,train
3230-JCNZS,train
9938-TKDGL,train
5393-RXQSZ,train
5380-AFSSK,train
8496-DMZUK,train
9512-UIBFX,train
9782-LGXMC,train
2481-SBOYW,train
7839-QRKXN,train
3696-XRIEN,train
0397-ZXWQF,train
2460-NGXBJ,train
0699-NDKJM,train
2506-TNFCO,train
7384-GHBPI,train
8071-SBTRN,train
9199-PWQVC,train
5176-OLSKT,train
3865-ZFZIB,train
2065-MMKGR,train
6651-AZVTJ,train
0428-AXXLJ,train
8258-GSTJK,train
9327-QSDED,train
0277-ORXQS,train
0100-DUVFC,train
5510-BOIUJ,train
9274-UARKJ,train
7526-IVLYU,train
4829-ZLJTK,train
2272-UOINI,train
0621-HJWXJ,train
6142-VSJQO,train
3413-CSSTH,train
5707-ORNDZ,train
2920-RNCEZ,train
1658-TJVOA,train
3125-RAHBV,train
5804-JMYIO,train
4710-FDUIZ,train
4815-GBTCD,train
0259-GBZSH,train
0537-QYZZN,train
0019-EFAEP,train
4226-KKDON,train
6595-YGXIT,train
5520-FVEWJ,train
5141-ZUVBH,train
2472-OVKUP,train
4290-BSXUX,train
1480-BKXGA,train
3540-RZJYU,train
6892-BOGQE,train
0727-BNRLG,train
4951-UKAAQ,train
8212-DJRCH,train
6101-IMRMM,train
1624-WOIWJ,train
2384-OVPSA,train
3521-HTQTV,train
9838-BFCQT,train
6904-JLBGY,train
8608-OZTLB,train
6821-BUXUX,train
8327-WKMIE,train
3617-XLSGQ,train
3685-YLCMQ,train
9492-TOKRI,train
2400-XIWIO,train
5862-BRIXZ,train
0673-IGUQO,train
9929-PLVPA,train
3301-VKTGC,train
4853-RULSV,train
4012-YCFAI,train
1452-KIOVK,train
4587-NUKOX,train
2977-CEBSX,train
6339-DKLMK,train
0336-KXKFK,train
0697-ZMSWS,train
9298-WGMRW,train
8017-UVSZU,train
6127-ISGTU,train
0793-TWELN,train
3351-NGXYI,train
3982-JGSFD,train
0345-HKJVM,train
0867-LDTTC,train
7831-QGOXH,train
5899-OUVKV,train
4893-GYUJU,train
3022-BEXHZ,train
4450-DLLMH,train
5320-BRKGK,train
3249-VHRIP,train
0650-BWOZN,train
1591-MQJTP,train
4747-LCAQL,train
3045-XETSH,train
6261-LHRTG,train
8064-RAVOH,train
6416-YJTTB,train
1122-YJBCS,train
8592-PLTMQ,train
2815-CPTUL,train
5138-WVKYJ,train
7684-XSZIY,train
2002-MZHWP,train
4853-OITSN,train
3466-WAESX,train
1448-CYWKC,train
0064-YIJGF,train
7354-OIJLX,train
9129-UXERG,train
7235-NXZCP,train
6474-FVJLC,train
9067-YGSCA,train
4994-OBRSZ,train
7654-YWJUF,train
0458-HEUZG,train
7129-CAKJW,train
0137-UDEUO,train
5995-LFTLE,train
4554-YGZIH,train
8051-HJRLT,train
7789-HKSBS,train
1309-XGFSN,train
9648-BCHKM,train
8166-ZZTFS,train
9360-OMDZZ,train
3334-CTHOL,train
4186-ZBUEW,train
3716-UVSPD,train
5038-ETMLM,train
6582-PLFUU,train
0423-UDIJQ,train
0836-SEYLU,train
7851-WZEKY,train
5154-VEKBL,train
1343-EHPYB,train
2509-TFPJU,train
4654-ULTTN,train
9995-HOTOH,train
3247-ZVOUO,train
8626-XHBIE,train
1032-MAELW,train
6729-GDNGC,train
0616-ATFGB,train
3571-DPYUH,train
0859-YGKFW,train
8620-RJPZN,train
2474-BRUCM,train
5296-PSYVW,train
3577-AMVUX,train
9717-IOAAF,train
8404-GFGCZ,train
3200-MNQTF,train
5816-SCGFC,train
9139-TWBAS,train
5493-SDRDQ,train
3552-CTCYF,train
3229-USWAR,train
6627-CFOSN,train
8587-XYZSF,train
4819-HJPIW,train
6360-SVNWV,train
7379-POKDZ,train
6131-FOYAS,train
4137-JOPHL,train
0895-UADGO,train
9814-AOUDH,train
4913-EHYUI,train
6304-IJFSQ,train
4896-CPRPF,train
7169-YWAMK,train
6578-KRMAW,train
9928-BZVLZ,train
0197-PNKNK,train
2826-UWHIS,train
7854-EDSSA,train
8344-WFMFH,train
7299-GNVPL,train
1356-MKYSK,train
7520-HQWJU,train
2868-LLSKM,train
9277-JOOMO,train
1085-LDWAM,train
4280-DLSHD,train
5318-YKDPV,train
5095-ETBRJ,train
1918-ZBFQJ,train
4835-YSJMR,train
3810-PJUHR,train
0459-SPZHJ,train
3071-VBYPO,train
0257-ZESQC,train
2957-LOLHO,train
4900-MSOMT,train
1492-KGETH,train
7657-DYEPJ,train
4588-YBNIB,train
4415-IJZTP,train
2931-XIQBR,train
1074-WVEVG,train
9705-IOVQQ,train
6961-MJKBO,train
6933-FHBZC,train
2791-SFVEW,train
5628-FCGYG,train
2659-VXMWZ,train
0529-ONKER,train
9621-OUPYD,train
1956-YIFGE,train
6326-MTTXK,train
3943-KDREE,train
2817-LVCPP,train
9824-QCJPK,train
9127-QRZMH,train
3104-OWCGK,train
3898-GUYTS,train
5216-WASFJ,train
0704-VCUMB,train
9061-TIHDA,train
6376-GAHQE,train
0708-LGSMF,train
6543-JXSOO,train
5168-MSWXT,train
0511-JTEOY,train
9300-RENDD,train
0621-TWIEM,train
6317-YPKDH,train
4049-ZPALD,train
2773-OVBPK,train
2483-XSSMZ,train
1915-OAKWD,train
0983-TATYJ,train
3549-ZTMNH,train
3407-JMJQQ,train
2187-PKZAY,train
7233-PAHHL,train
0601-WZHJF,train
5148-HKFIR,train
4789-KWMXN,train
4670-TABXH,train
4724-WXVWF,train
5504-WSIUR,train
5276-KQWHG,train
7833-PKIHD,train
0628-CNQRM,train
0121-SNYRK,train
2955-PSXOE,train
4818-DRBQT,train
5644-PDMZC,train
8570-KLJYJ,train
7008-LZVOZ,train
4703-MQYKT,train
3192-NQECA,train
0207-MDKNV,train
8434-VGEQQ,train
5928-QLDHB,train
7860-KSUGX,train
5356-CSVSQ,train
7892-POOKP,train
0997-YTLNY,train
4443-EMBNA,train
2088-IEBAU,train
3398-GCPMU,train
0898-XCGTF,train
3969-GYXEL,train
1932-UEDCX,train
8295-FHIVV,train
9620-QJREV,train
0734-OXWBT,train
1183-CANVH,train
5774-XZTQC,train
7969-FFOWG,train
8204-TIFGJ,train
8050-WYBND,train
7613-LLQFO,train
8993-PHFWD,train
1891-UAWWU,train
3646-ITDGM,train
9122-UMROB,train
4713-ZBURT,train
3397-AVTKU,train
9019-QVLZD,train
0654-HMSHN,train
1471-GIQKQ,train
5445-GLVOT,train
6215-NQCPY,train
3737-XBQDD,train
4616-ULAOA,train
3118-UHVVQ,train
2346-LOCWC,train
7124-UGSUR,train
2929-QNSRW,train
8623-TMRBY,train
9150-KPBJQ,train
5552-ZNFSJ,train
5701-YVSVF,train
3870-MQAMG,train
8785-EPNCG,train
3841-NFECX,train
2845-AFFTX,train
2967-MXRAV,train
8519-QJGJD,train
0295-QVKPB,train
0722-TROQR,train
5533-NHFRF,train
8469-SNFFH,train
4619-EVPHY,train
7080-TNUWP,train
8701-DGLVH,train
0531-XBKMM,train
8976-OQHGT,train
6993-OHLXR,train
1415-YFWLT,train
0924-BJCRC,train
5693-PIPCS,train
4993-JCRGJ,train
1725-MIMXW,train
5494-WOZRZ,train
9796-MVYXX,train
4701-AHWMW,train
8990-ZXLSU,train
5533-RJFTJ,train
0052-YNYOT,train
8785-CJSHH,train
7446-YPODE,train
8878-HMWBV,train
9881-VCZEP,train
8851-RAGOV,train
7398-SKNQZ,train
6651-RLGGM,train
1116-DXXDF,train
1162-ECVII,train
2829-HYVZP,train
5119-NZPTV,train
0488-GSLFR,train
8699-ASUFO,train
2732-ISEZX,train
6641-XRPSU,train
5647-URDKA,train
0559-CKHUS,train
4140-WJAWW,train
5382-SOYZL,train
2429-AYKKO,train
6633-MPWBS,train
3893-JRNFS,train
7361-YPXFS,train
1779-PWPMG,train
2858-MOFSQ,train
7813-ZGGAW,train
1834-ABKHQ,train
0577-WHMEV,train
7067-KSAZT,train
1866-ZSLJM,train
1020-JPQOW,train
3352-RICWQ,train
7382-DFJTU,train
8660-BUETV,train
5919-VCZYM,train
8261-GWDBQ,train
7916-VCCPB,train
4080-IIARD,train
8857-CUPFQ,train
0380-ZCSBI,train
6668-CNMFP,train
1095-WGNGG,train
6967-PEJLL,train
4854-CIDCF,train
2621-UDNLU,train
5553-AOINX,train
9992-UJOEL,train
8059-UDZFY,train
7998-WNZEM,train
3413-BMNZE,train
8083-YTZES,train
8400-WZICQ,train
0375-HVGXO,train
8593-WHYHV,train
4760-XOHVN,train
5377-NDTOU,train
4115-UMJFQ,train
5125-CNDSP,train
9851-QXEEQ,train
3096-GKWEB,train
9675-ICXCT,train
7721-JXEAW,train
7216-KAOID,train
3877-JRJIP,train
2673-CXQEU,train
6956-SMUCM,train
1258-YMZNM,train
8957-THMOA,train
3096-IZETN,train
4671-LXRDQ,train
4625-LAMOB,train
3307-TLCUD,train
0274-JKUJR,train
8510-TMWYB,train
3934-HXCFZ,train
2359-KMGLI,train
6568-POCUI,train
4355-CVPVS,train
6519-CFDBX,train
4307-KTUMW,train
2252-NKNSI,train
5650-YLIBA,train
7123-WQUHX,train
6465-GSRCL,train
2236-HILPA,train
4183-WCSEP,train
2898-MRKPI,train
3376-BMGFE,train
2877-VDUER,train
0604-THJFP,train
1785-BPHTP,train
3967-VQOGC,train
0440-QEXBZ,train
4393-OBCRR,train
0795-GMVQO,train
1925-GMVBW,train
3938-YFPXD,train
5522-JBWMO,train
3948-FVVRP,train
4915-BFSXL,train
8063-RJYNF,train
4962-CHQPW,train
4818-QIUFN,train
0023-UYUPN,train
7739-LAXOG,train
1732-VHUBQ,train
0831-JNISG,train
7734-DBOAI,train
5419-KLXBN,train
2139-FQHLM,train
5317-FLPJF,train
0268-QKIWO,train
7541-YLXCL,train
4316-XCSLJ,train
1976-AZZPJ,train
0959-WHOKV,train
1926-QUZNN,train
1101-SSWAG,train
2484-DGXPZ,train
3370-HXOPH,train
5519-NPHVG,train
5494-HECPR,train
4884-TVUQF,train
0083-PIVIK,train
3776-EKTKM,train
0730-KOAVE,train
1998-VHJHK,train
2697-NQBPF,train
2346-CZYIL,train
0680-DFNNY,train
8232-CTLKO,train
5439-WIKXB,train
2498-XLDZR,train
5012-YSPJJ,train
0975-VOOVL,train
4800-VHZKI,train
8481-YYXWG,train
8398-TBIYD,train
2575-GFSOE,train
5351-QESIO,train
3525-DVKFN,train
9272-LSVYH,train
5924-SNGKP,train
4986-MXSFP,train
6258-NGCNG,train
0303-UNCIP,train
2737-WFVYW,train
2649-HWLYB,train
6195-MELTI,train
2754-SDJRD,train
4908-XAXAY,train
8779-QRDMV,train
6698-OXETB,train
4472-VESGY,train
4813-HQMGZ,train
1320-REHCS,train
3058-HJCUY,train
5321-NTRKC,train
3001-UNBTL,train
7663-YJHSN,train
3902-MIVLE,train
4712-UYOOI,train
9708-HPXWZ,train
2519-LBNQL,train
9318-NKNFC,train
3509-GWQGF,train
0979-PHULV,train
4524-QCSSM,train
4634-JLRJT,train
8610-WFCJF,train
6917-IAYHD,train
3486-KHMLI,train
3597-YASZG,train
4854-SSLTN,train
1153-GNOLC,train
1271-SJBGZ,train
3722-WPXTK,train
5032-MIYKT,train
6461-PPAXN,train
6994-KERXL,train
3913-FCUUW,train
5748-RNCJT,train
1395-WSWXR,train
4836-WNFNO,train
7729-XBTWX,train
0402-OAMEN,train
1972-XMUWV,train
6681-ZSEXG,train
5666-MBJPT,train
7326-RIGQZ,train
1401-FTHFQ,train
6075-QMNRR,train
0909-SDHNU,train
5923-GXUOC,train
2360-RDGRO,train
1016-DJTSV,train
2234-XADUH,train
1206-EHBDD,train
6993-YGFJV,train
2862-JVEOY,train
8739-QOTTN,train
6437-UDQJM,train
1942-OQFRW,train
5908-QMGOE,train
3096-WPXBT,train
2710-WYVXG,train
4389-UEFCZ,train
1661-CZBAU,train
8644-XLFBW,train
3538-WZPHD,train
8041-TMEID,train
3717-OFRTN,train
0096-BXERS,train
9508-ILZDG,train
6772-KSATR,train
8065-YKXKD,train
4808-YNLEU,train
1752-OZXFY,train
2034-CGRHZ,train
8896-BQTTI,train
5433-KYGHE,train
3336-JORSO,train
1696-HXOWK,train
3126-WQMGH,train
2056-EVGZL,train
3429-IFLEM,train
4229-CZMLL,train
0302-JOIVN,train
5480-XTFFL,train
2439-QKJUL,train
4132-POCZS,train
7488-MXJIV,train
7030-NJVDP,train
5740-YHGTW,train
9840-DVNDC,train
0689-NKYLF,train
9462-MJUAW,train
8204-YJCLA,train
6603-QWSPR,train
0463-WZZKO,train
5198-HQAEN,train
0014-BMAQU,train
2272-WUSPA,train
7607-QKKTJ,train
9844-FELAJ,train
2696-NARTR,train
5159-YFPKQ,train
3950-VPYJB,train
0319-QZTCO,train
0644-OQMDK,train
5366-IJEQJ,train
2121-JAFOM,train
2722-VOJQL,train
4536-PLEQY,train
2267-FPIMA,train
1226-UDFZR,train
2908-ZTPNF,train
5686-CMAWK,train
4109-CYRBD,train
6077-BDPXA,train
6476-EPYZR,train
7432-FFVAR,train
7310-EGVHZ,train
4137-BTIKL,train
8020-BWHYL,train
8201-AAXCB,train
1866-DIOQZ,train
4572-DVCGN,train
1769-GRUIK,train
8155-IBNHG,train
0402-CQAJN,train
5572-ZDXHY,train
5066-GFJMM,train
3154-HMWUU,train
8992-CEUEN,train
9933-QRGTX,train
0164-APGRB,train
0848-SOMKO,train
2589-AYCRP,train
9680-NIAUV,train
0247-SLUJI,train
1325-USMEC,train
8963-MQVYN,train
6963-EZQEE,train
9357-UJRUN,train
2382-BCKQJ,train
4176-FXYBO,train
0975-UYDTX,train
8512-WIWYV,train
4441-NIHPT,train
3813-DHBBB,train
0058-EVZWM,train
1813-JYWTO,train
5197-PYEPU,train
8348-HFYIV,train
1768-ZAIFU,train
9828-AOQLM,train
8378-LKJAF,train
9800-ONTFE,train
1853-UDXBW,train
9993-LHIEB,train
8017-LXHFA,train
1163-VIPRI,train
2284-VFLKH,train
6478-HRRCZ,train
1751-NCDLI,train
9730-DRTMJ,train
4629-NRXKX,train
7548-SEPYI,train
8859-AXJZP,train
6308-CQRBU,train
7319-VENRZ,train
1501-SGHBW,train
1086-LXKFY,train
4429-WYGFR,train
4933-BSAIP,train
9720-JJJOR,train
4737-HOBAX,train
1498-NHTLT,train
6024-RUGGH,train
0691-NIKRI,train
1614-JBEBI,train
0495-ZBNGW,train
3800-LYTRK,train
0264-CNITK,train
3296-SILRA,train
8631-NBHFZ,train
4250-ZBWLV,train
9750-BOOHV,train
5028-HTLJB,train
1342-JPNKI,train
4791-QRGMF,train
2880-FPNAE,train
4570-QHXHL,train
1950-KSVVJ,train
4503-BDXBD,train
4759-TRPLW,train
2842-BCQGE,train
7964-YESJC,train
3627-FHKBK,train
4817-KEQSP,train
2640-PMGFL,train
5337-IIWKZ,train
9391-LMANN,train
5871-DGTXZ,train
0657-DOGUM,train
3675-YDUPJ,train
5630-IXDXV,train
2123-AGEEN,train
7252-NTGSS,train
0390-DCFDQ,train
7089-RKVSZ,train
9572-MTILT,train
9048-JVYVF,train
9874-QLCLH,train
5655-JSMZM,train
5173-ZXXXL,train
8752-IMQOS,train
5529-GIBVH,train
1877-HKBQX,train
6469-QJKZW,train
8393-DLHGA,train
9309-BZGNT,train
7142-HVGBG,train
3780-DDGSE,train
4273-MBHYA,train
4188-FRABG,train
2233-FAGXV,train
2055-SIFSS,train
1494-EJZDW,train
8010-EZLOU,train
9898-KZQDZ,train
9415-TPKRV,train
4983-CLMLV,train
6599-CEBNN,train
3780-YVMFA,train
2955-BJZHG,train
8663-UPDGF,train
5734-EJKXG,train
5240-IJOQT,train
6479-SZPLM,train
1820-DJFPH,train
7459-IMVYU,train
5707-ZMDJP,train
7296-PIXQY,train
5583-EJXRD,train
4195-NZGTA,train
4822-RVYBB,train
2832-SCUCO,train
8309-PPCED,train
0690-SRQID,train
2030-BTZRO,train
4723-BEGSG,train
5628-RKIFK,train
0263-FJTQO,train
5514-YQENT,train
8676-OOQEJ,train
4902-OHLSK,train
5087-SUURX,train
9522-ZSINC,train
5766-FTRTS,train
1930-QPBVZ,train
7359-WWYJV,train
6537-QLGEX,train
6732-VAILE,train
6693-DJWTY,train
3223-DWFIO,train
8084-OIVBS,train
2178-PMGCJ,train
0667-NSRGI,train
5524-KHNJP,train
5995-OIGLP,train
5261-QSHQM,train
9408-SSNVZ,train
2282-YGNOR,train
7470-DYNOE,train
7445-WMRBW,train
2535-PBCGC,train
2873-ZLIWT,train
2189-UXTKY,train
9036-CSKBW,train
0220-EBGCE,train
2869-ADAWR,train
9412-GHEEC,train
3146-MSEGF,train
4735-BJKOU,train
1051-GEJLJ,train
3605-JISKB,train
6365-MTGZX,train
6586-PSJOX,train
7493-GVFIO,train
5578-NKCXI,train
7564-GHCVB,train
0203-HHYIJ,train
4146-SVFUD,train
4134-BSXLX,train
0678-RLHVP,train
9714-EDSUC,train
7595-EUIVN,train
6917-YACBP,train
9909-DFRJA,train
1660-HSOOQ,train
9445-ZUEQE,train
8807-OPMBM,train
3213-VVOLG,train
8046-DNVTL,train
9046-JBFWA,train
4706-AXVKM,train
3424-NMNBO,train
6518-LGAOV,train
3011-WQKSZ,train
9137-NOQKA,train
0308-GIQJT,train
8212-CRQXP,train
4139-SUGLD,train
7683-CBDKJ,train
3243-ZHOHY,train
1265-BCFEO,train
7952-OBOYL,train
4897-QSUYC,train
4381-MHQDC,train
2987-BJXIK,train
9689-PTNPG,train
2725-KXXWT,train
9837-BMCLM,train
1142-IHLOO,train
1000-AJSLD,train
1591-NFNLQ,train
2904-GGUAZ,train
2921-XWDJH,train
5010-IPEAQ,train
3249-ZPQRG,train
1227-UDMZR,train
3716-BDVDB,train
1855-CFULU,train
6770-XUAGN,train
2307-FYNNL,train
7826-VVKWT,train
7850-THJMU,train
5456-ITGIC,train
8000-REIQB,train
3258-SANFR,train
5188-HGMLP,train
5685-IIXLY,train
5478-JJVZK,train
6097-EQISJ,train
0036-IHMOT,train
6959-UWKHF,train
9978-HYCIN,train
5863-OOKCL,train
0463-TXOAK,train
2754-VDLTR,train
5150-ITWWB,train
7977-HXJKU,train
0455-XFASS,train
2129-ALKBS,train
6023-GSSXW,train
4614-NUVZD,train
6122-EFVKN,train
6686-YPGHK,train
3570-YUEKJ,train
8443-WVPSS,train
0221-NAUXK,train
2229-VWQJH,train
3982-DQLUS,train
7228-OMTPN,train
1195-OIYEJ,train
9795-VOWON,train
1930-WNXSB,train
3845-FXCYS,train
4190-MFLUW,train
9294-TDIPC,train
0322-YINQP,train
6050-FFXES,train
5360-LJCNJ,train
9602-WCXPI,train
4295-YURET,train
4075-JFPGR,train
6794-HKIAJ,train
4282-ACRXS,train
5803-NQJZO,train
5647-FXOTP,train
9795-SHUHB,train
8224-DWCKX,train
4182-BGSIQ,train
6352-GIGGQ,train
8445-DNBAE,train
4868-AADLV,train
3258-ZKPAI,train
6250-CGGUN,train
5605-XNWEN,train
1574-DYCWE,train
1895-QTKDO,train
5924-IFQTT,train
0356-ERHVT,train
2892-GESUL,train
0840-DCNZE,train
6366-ZGQGL,train
6288-CHQJB,train
6937-GCDGQ,train
5201-CBWYG,train
2522-WLNSF,train
8148-WOCMK,train
6865-JZNKO,train
3842-IYKUE,train
2480-SQIOB,train
2126-GSEGL,train
6305-YLBMM,train
6356-ELRKD,train
3750-CKVKH,train
3671-SHRSP,train
7802-EFKNY,train
4971-PUYQO,train
9659-ZTWSM,train
2826-DXLQO,train
2404-JIBFC,train
0374-IOEGQ,train
2619-WFQWU,train
0107-WESLM,train
9279-CJEOJ,train
3512-IZIKN,train
4423-YLHDV,train
7005-CCBKV,train
3948-KXDUF,train
9507-HSMMZ,train
4830-FAXFM,train
7746-QYVCO,train
0956-SYCWG,train
8590-YFFQO,train
6408-WHTEF,train
9504-YAZWB,train
4130-MZLCC,train
2302-ANTDP,train
1565-RHDJD,train
6184-DYUOB,train
8788-DOXSU,train
7129-ACFOG,train
2478-EEWWM,train
0188-GWFLE,train
8498-XXGWA,train
3703-KBKZP,train
6776-TLWOI,train
6257-RJOHI,train
4312-GVYNH,train
1094-BKOSX,train
9917-KWRBE,train
6270-OMFIW,train
7663-CUXZB,train
3137-NYQQI,train
8049-WJCLQ,train
7880-XSOJX,train
2685-SREOM,train
4680-KUTAJ,train
8840-DQLGN,train
0778-NELLA,train
2983-ZANRP,train
4501-VCPFK,train
1323-OOEPC,train
2824-DXNKN,train
7563-BIUPC,train
5681-LLOEI,train
1496-GGSUK,train
0562-HKHML,train
5089-IFSDP,train
0794-YVSGE,train
6769-DYBQN,train
3197-ARFOY,train
4683-WYDOU,train
3400-ESFUW,train
9803-FTJCG,train
9681-OXGVC,train
6168-YBYNP,train
5301-GAUUY,train
1905-OEILC,train
0872-CASZJ,train
9500-LTVBP,train
9565-FLVCG,train
4826-TZEVA,train
0411-EZJZE,train
4648-YPBTM,train
6145-NNPNO,train
7874-ECPQJ,train
8069-RHUXK,train
5909-ECHUI,train
5387-ASZNZ,train
3190-FZATL,train
9253-VIFJQ,train
2027-WKXMW,train
2634-HCZGT,train
9194-GFVOI,train
7976-CICYS,train
3179-GBRWV,train
7605-SNLQG,train
9592-ERDKV,train
2995-UPRYS,train
7821-DPRQE,train
1599-EAHXY,train
0396-YCHWO,train
5158-RIVOP,train
8262-COGGB,train
9847-HNVGP,train
4806-DXQCE,train
2242-MFOTG,train
0799-DDIHE,train
3547-LQRIK,train
7075-BNDVQ,train
8999-XXGNS,train
3612-YUNGG,train
9919-YLNNG,train
9769-TSBZE,train
4647-XXZAM,train
5442-BHQNG,train
2860-RANUS,train
3567-PQTSO,train
6507-DTJZV,train
5536-SLHPM,train
6900-RBKER,train
5049-GLYVG,train
6789-HJBWG,train
1951-IEYXM,train
7233-DRTRF,train
1077-HUUJM,train
8048-DSDFQ,train
1680-VDCWW,train
4674-HGNUA,train
0348-SDKOL,train
7560-QJAVJ,train
8158-WPEZG,train
9066-QRSDU,train
0562-KBDVM,train
3643-AHCFP,train
3727-OWVYD,train
8029-XYPWT,train
1360-JYXKQ,train
8885-QSQBX,train
6661-HBGWL,train
8710-YGLWG,train
9822-WMWVG,train
6728-DKUCO,train
5003-XZWWO,train
9152-AMKAK,train
7164-BPTUT,train
6067-NGCEU,train
6174-NRBTZ,train
1134-YWTYF,train
5519-YLDGW,train
6358-LYNGM,train
3951-NJCVI,train
3354-OADJP,train
8100-PNJMH,train
0512-FLFDW,train
6103-BOCOU,train
8775-ERLNB,train
9101-NTIXF,train
3295-YVUSR,train
7515-LODFU,train
5515-AKOAJ,train
8868-GAGIO,train
3227-WLKLI,train
9953-ZMKSM,train
4424-TKOPW,train
5982-FPVQN,train
0839-JTCUD,train
1816-FLZDK,train
6032-IGALN,train
0019-GFNTW,train
2321-OMBXY,train
4795-KTRTH,train
3181-MIZBN,train
2040-VZIKE,train
2067-QYTCF,train
4452-QIIEB,train
7159-FVYPK,train
4957-TREIR,train
2882-WDTBA,train
6719-FGEDO,train
6870-ECSHE,train
4285-GYRQC,train
1237-WIYYZ,train
5832-TRLPB,train
5275-PMFUT,train
3999-QGRJH,train
5440-VHLUL,train
5701-GUXDC,train
4718-DHSMV,train
1894-IGFSG,train
8164-OCKUJ,train
8749-JMNKX,train
4948-WBBKL,train
8221-HVAYI,train
8457-XIGKN,train
1821-BUCWY,train
1963-VAUKV,train
9391-TTOYH,train
8224-UAXBZ,train
9210-IAHGH,train
5193-QLVZB,train
8313-NDOIA,train
2001-MCUUW,train
8869-TORSS,train
9135-HSWOC,train
2675-DHUTR,train
2378-HTWFW,train
3339-EAQNV,train
4644-PIZRT,train
1264-BYWMS,train
5353-WILCI,train
0980-PVMRC,train
9801-GDWGV,train
5397-TUPSH,train
0818-OCPZO,train
2014-MKGMH,train
9371-BITHB,train
5424-RLQLC,train
6341-AEVKX,train
2466-NEJOJ,train
2208-NQBCT,train
7580-UGXNC,train
0257-KXZGU,train
8806-EAGWC,train
3978-YNKDD,train
6546-OPBBH,train
0430-IHCDJ,train
0447-RXSGD,train
4231-LZUYM,train
9415-DPEWS,train
1073-XXCZD,train
0925-VYDLG,train
7284-BUYEC,train
3401-URHDA,train
1402-PTHGN,train
4785-NKHCX,train
5153-LXKDT,train
1099-BTKWT,train
0883-EIBTI,train
6496-SLWHQ,train
8751-EDEKA,train
3511-APPBJ,train
5073-RZGBK,train
2739-CACDQ,train
6683-VLCTZ,train
2811-POVEX,train
5016-LIPDW,train
6080-LNESI,train
7483-IQWIB,train
7898-PDWQE,train
6682-QJDGB,train
4860-YZGZM,train
6847-KJLTS,train
6732-FZUGP,train
9305-CDSKC,train
8731-WBBMB,train
2428-HYUNX,train
2040-LDIWQ,train
6340-DACFT,train
3808-HFKDE,train
5383-MMTWC,train
7137-NAXML,train
6013-BHCAW,train
8241-JUIQO,train
6980-IMXXE,train
2587-EKXTS,train
4373-VVHQL,train
5562-YJQGT,train
6586-MYGKD,train
8782-LKFPK,train
5795-KTGUD,train
0856-NAOES,train
1841-YSJGV,train
3372-KWFBM,train
7814-LEEVE,train
7568-PODML,train
4565-NLZBV,train
9146-JRIOX,train
0811-GSDTP,train
2195-VVRJF,train
4742-TXUEX,train
0620-DLSLK,train
5443-SCMKX,train
9239-ZBZZV,train
7781-HVGMK,train
9743-DQKQW,train
5663-QBGIS,train
3678-MNGZX,train
1550-LOAHA,train
3677-TNKIO,train
7963-GQRMY,train
4855-SNKMY,train
5176-LDKUH,train
5173-WXOQV,train
4662-EKDPQ,train
4043-MKDTV,train
6543-XRMYR,train
4534-WGCIR,train
4310-KEDTB,train
3211-AAPKX,train
0486-HECZI,train
9554-DFKIC,train
1053-MXTTK,train
8336-TAVKX,train
3865-ZYKAD,train
0195-IESCP,train
8738-JOKAR,train
0229-LFJAF,train
1936-CZAKF,train
1213-NGCUN,train
6646-VRFOL,train
1303-SRDOK,train
9693-XMUOB,train
1767-TGTKO,train
4192-GORJT,train
7181-OQCUT,train
8861-HGGKB,train
1194-BHJYC,train
3999-WRNGR,train
7758-UJWYS,train
3521-SYVOR,train
1732-FEKLD,train
0052-DCKON,train
7785-RDVIG,train
3161-ONRWK,train
2325-NBPZG,train
1222-LRYKO,train
3778-FOAQW,train
2256-YLYLP,train
4560-WQAQW,train
4694-PHWFW,train
2995-YWTCD,train
9137-UIYPG,train
9495-REDIY,train
9227-UAQFT,train
1251-KRREG,train
0447-BEMNG,train
8775-LHDJH,train
1038-RQOST,train
4422-QVIJA,train
5271-YNWVR,train
1444-VVSGW,train
1322-AGOQM,train
2150-UWTFY,train
8849-GYOKR,train
6595-COKXZ,train
0709-TVGUR,train
4622-YNKIJ,train
8406-LNMHF,train
9225-BZLNZ,train
2806-MLNTI,train
9103-CXVOK,train
1930-BZLHI,train
6837-HAEVO,train
3580-HYCSP,train
6278-FEPBZ,train
2834-SPCJV,train
5649-RXQTV,train
8875-AKBYH,train
3466-BYAVD,train
7924-GJZFI,train
4682-BLBUC,train
2828-SLQPF,train
3030-ZKIWL,train
7188-CBBBA,train
0136-IFMYD,train
5248-RPYWW,train
3138-BKYAV,train
9169-BSVIN,train
0757-WCUUZ,train
5641-DMBFJ,train
2985-FMWYF,train
2672-TGEFF,train
0565-JUPYD,train
8433-WXGNA,train
6479-OAUSD,train
4098-NAUKP,train
4445-ZJNMU,train
6693-FRIRW,train
7776-QGYJC,train
3806-YAZOV,train
9780-FKVVF,train
3675-EQOZA,train
0487-RPVUM,train
4567-AKPIA,train
1156-ZFYDO,train
9754-CLVZW,train
3178-CIFOT,train
4039-HEUNW,train
4393-RYCRE,train
0750-EKNGL,train
0301-FIDRB,train
5854-KSRBJ,train
1760-CAZHT,train
5624-RYAMH,train
5536-RTPWK,train
5197-YPYBZ,train
7722-VJRQD,train
4373-MAVJG,train
3508-CFVZL,train
0484-FFVBJ,train
5762-TJXGK,train
7951-QKZPL,train
5274-XHAKY,train
0181-RITDD,train
8812-ZRHFP,train
2208-MPXIO,train
6650-VJONK,train
8640-SDGKB,train
6729-FZWSY,train
7599-FKVXZ,train
3043-SUDUA,train
6188-UXBBR,train
2122-YWVYA,train
5448-VWNAM,train
4659-NZRUF,train
2243-FNMMI,train
7115-IRDHS,train
9504-DSHWM,train
6961-VCPMC,train
3566-HJGPK,train
3003-CMDUU,train
2077-DDHJK,train
4116-TZAQJ,train
4334-HOWRP,train
6797-LNAQX,train
5989-AXPUC,train
5568-DMXZS,train
8185-UPYBR,train
3167-SNQPL,train
1360-XFJMR,train
2294-SALNE,train
0870-VEMYL,train
0742-NXBGR,train
4187-CINZD,train
3563-SVYLG,train
6968-MHOMU,train
6857-VWJDT,train
5108-ADXWO,train
1763-KUAAW,train
5756-OZRIO,train
8728-SKJLR,train
8809-RIHDD,train
9840-EFJQB,train
4489-SNOJF,train
8329-UTMVM,train
0396-HUJBP,train
8627-ZYGSZ,train
9372-TXXPS,train
6486-LHTMA,train
2636-OHFMN,train
1329-VHWNP,train
6467-CHFZW,train
3280-NMUVX,train
7110-BDTWG,train
5960-WPXQM,train
0506-LVNGN,train
4707-YNOQA,train
0939-EREMR,train
7410-KTVFV,train
9029-FEGVJ,train
2878-DHMIN,train
8800-JOOCF,train
2108-XWMPY,train
8219-VYBVI,train
7402-EYFXX,train
7422-WNBTY,train
1848-LBZHY,train
7277-OZCGZ,train
4208-UFFGW,train
5172-RKOCB,train
5201-USSQZ,train
3212-KXOCR,train
7666-WKRON,train
2314-TNDJQ,train
8384-FZBJK,train
7534-BFESC,train
7868-BGSZA,train
6164-HAQTX,train
2379-GYFLQ,train
4521-YEEHE,train
5934-RMPOV,train
7853-WNZSY,train
9102-OXKFY,train
6502-KUGLL,train
4578-PHJYZ,train
8207-DMRVL,train
4325-NFSKC,train
7587-RZNME,train
8920-NAVAY,train
3282-ZISZV,train
8456-QDAVC,train
9103-TCIHJ,train
3262-EIDHV,train
7392-YYPYJ,train
5482-PLVPE,train
4256-ZWTZI,train
0020-JDNXP,train
2959-FENLU,train
1585-MQSSU,train
9862-KJTYK,train
0082-OQIQY,train
7351-MHQVU,train
4923-ADWXJ,train
1518-OMDIK,train
3569-EDBPQ,train
4472-LVYGI,train
3419-SNJJD,train
4065-JJAVA,train
7851-FLGGQ,train
2790-XUYMV,train
4203-QGNZA,train
8564-LDKFL,train
8996-ZROXE,train
2223-GDSHL,train
6967-QIQRV,train
0376-OIWME,train
2320-SLKMB,train
3744-ZRRDZ,train
6176-YJWAS,train
3865-YIOTT,train
7608-RGIRO,train
9481-IEBZY,train
4782-OSFXZ,train
1453-RZFON,train
5921-NGYRH,train
3308-JSGML,train
1455-UGQVH,train
3623-FQBOX,train
6941-KXRRV,train
0820-FNRNX,train
1200-TUZHR,train
6861-XWTWQ,train
7816-VGHTO,train
9710-ZUSHQ,train
9351-HXDMR,train
3657-COGMW,train
5716-LIBJC,train
0691-JVSYA,train
1371-WEPDS,train
1589-AGTLK,train
5378-IKEEG,train
1730-VFMWO,train
1170-SASML,train
7083-YNSKY,train
7410-YTJIK,train
8374-XGEJJ,train
8265-HKSOW,train
9058-MJLZC,train
0208-BPQEJ,train
4816-LXZYW,train
5208-HFSBT,train
4587-VVTOX,train
2951-QOQTK,train
6196-HBOBZ,train
7872-RDDLZ,train
2235-ZGKPT,train
4091-TVOCN,train
9746-UGFAC,train
2277-VWCNI,train
9644-KVCNC,train
9025-ZRPVR,train
9770-LXDBK,train
5281-BUZGT,train
0225-ZORZP,train
5394-MEITZ,train
0956-ACVZC,train
1552-AAGRX,train
8229-TNIQA,train
2516-VQRRV,train
7938-OUHIO,train
2418-TPEUN,train
5232-NXPAY,train
1169-SAOCL,train
6421-SZVEM,train
6682-VCIXC,train
2519-TWKFS,train
9170-CCKOU,train
8257-RZAHR,train
3199-NPKCN,train
1307-ATKGB,train
7250-EQKIY,train
6537-OTKMY,train
4821-WQOYN,train
8777-PVYGU,train
9931-DCEZH,train
3750-RNQKR,train
9412-ARGBX,train
5627-TVBPP,train
4955-VCWBI,train
8313-AFGBW,train
8883-ANODQ,train
7274-CGTOD,train
8454-AATJP,train
7856-GANIL,train
2851-MMUTZ,train
2371-JQHZZ,train
8937-RDTHP,train
2558-BUOZZ,train
5287-QWLKY,train
6713-OKOMC,train
5135-GRQJV,train
4462-CYWMH,train
7783-YKGDV,train
0927-LCSMG,train
7929-SKFGK,train
9867-JCZSP,train
0608-JDVEC,train
7799-LGRDP,train
2582-FFFZR,train
8755-IWJHN,train
6353-BRMMA,train
0013-SMEOE,train
0280-XJGEX,train
7143-BQIBA,train
5808-TOTXO,train
0727-IWKVK,train
5649-ANRML,train
2528-HFYZX,train
0256-LTHVJ,train
3009-JWMPU,train
5600-PDUJF,train
9065-ZCPQX,train
6397-JNZZG,train
6567-HOOPW,train
8357-EQXFO,train
9489-JMTTN,train
7550-WIQVA,train
5868-YWPDW,train
7795-CFOCW,train
9496-IVVRP,train
7861-UVUFT,train
6284-AHOOQ,train
6158-HDPXZ,train
7495-OOKFY,train
6728-VOIFY,train
9351-LZYGF,train
7315-WYOAW,train
6752-APNJL,train
9541-PWTWO,train
7025-WCBNE,train
3384-CTMSF,train
8979-CAMGB,train
0306-JAELE,train
9220-CXRSC,train
4508-OEBEY,train
1024-KPRBB,train
9593-CVZKR,train
1120-BMWUB,train
5022-JNQEQ,train
2812-ENYMO,train
5084-OOVCJ,train
2346-DJQTB,train
7077-XJMET,train
9306-CPCBC,train
0640-YJTPY,train
0637-UBJRP,train
1217-VASWC,train
0219-YTZUE,train
7636-XUHWW,train
5124-EOGYE,train
0330-BGYZE,train
1502-XFCVR,train
7108-DGVUU,train
2045-BMBTJ,train
9339-FIIJL,train
8003-EWNDZ,train
2466-FCCPT,train
5213-TWWJU,train
0134-XWXCE,train
8263-OKETD,train
9839-ETQOE,train
1216-BGTSP,train
6702-OHFWR,train
6701-DHKWQ,train
0567-GGCAC,train
5569-KGJHX,train
2673-ZALNP,train
7328-ZJAJO,train
9227-YBAXE,train
0674-GCDXG,train
5229-DTFYB,train
5447-VYTKW,train
4950-HKQTE,train
5816-JMLGY,train
8651-ENBZX,train
8706-HRADD,train
9647-ERGBE,train
5542-NKVRU,train
7274-RTAPZ,train
2616-FLVQC,train
1393-IMKZG,train
6368-NWMCE,train
3506-LCJDC,train
7798-JVXYM,train
5057-RKGLH,train
1697-NVVGY,train
5977-CKHON,train
1430-SFQSA,train
3583-EKAPL,train
6549-YMFAW,train
1480-IVEVR,train
9778-OGKQZ,train
2516-XSJKX,train
6890-PFRQX,train
0823-HSCDJ,train
5334-JLAXU,train
8337-MSSXB,train
1627-AFWVJ,train
8249-THVEC,train
0675-NCDYU,train
5133-VRSAB,train
4566-NECEV,train
0378-CJKPV,train
6876-ADESB,train
5329-KRDTM,train
7328-OWMOM,train
1984-GPTEH,train
4006-HKYHO,train
7048-GXDAY,train
1080-BWSYE,train
2683-JXWQQ,train
8746-OQQRW,train
1174-FGIFN,train
8773-HHUOZ,train
2133-TSRRM,train
6135-OZQVA,train
4476-OSWTN,train
8626-PTQGE,train
8417-GSODA,train
3966-HRMZA,train
6505-OZNPG,train
0505-SPOOW,train
2911-UREFD,train
8474-UMLNT,train
0017-IUDMW,train
2296-DKZFP,train
7020-OZKXZ,train
1131-ALZWV,train
8421-WZOOW,train
3973-SKMLN,train
4632-PAOYU,train
8630-FJLIB,train
9948-YPTDG,train
7055-HNEOJ,train
4395-PZMSN,train
0536-BGFMZ,train
8873-GLDMH,train
9396-ZSFLL,train
3709-OIJEA,train
8621-MNIHH,train
0068-FIGTF,train
0089-IIQKO,train
1347-KTTTA,train
3131-NWVFJ,train
2369-UAPKZ,train
8199-ZLLSA,train
5242-UOWHD,train
6179-GJPSO,train
1525-LNLOJ,train
0742-LAFQK,train
5922-ABDVO,train
0963-ZBDRN,train
9742-XOKTS,train
2027-OAQQC,train
4248-QPAVC,train
5811-IWXYM,train
5231-FIQPA,train
9926-PJHDQ,train
7921-BEPCI,train
5804-LEPIM,train
1656-DRSMG,train
9895-VFOXH,train
4021-RQSNY,train
0749-IRGQE,train
3500-NSDOA,train
3470-OBUET,train
7409-JURKQ,train
1642-HMARX,train
3198-VELRD,train
1371-OJCEK,train
1230-QAJDW,train
1452-VOQCH,train
5360-XGYAZ,train
8267-KFGYD,train
8914-RBTSB,train
1010-DIAUQ,train
1304-NECVQ,train
7401-RUBNK,train
6447-GORXK,train
9588-OZDMQ,train
7872-BAAZR,train
7044-YAACC,train
0771-CHWSK,train
6874-SGLHU,train
3254-YRILK,train
3519-ZKXGG,train
3192-LNKRK,train
0295-PPHDO,train
3814-MLAXC,train
3221-CJMSG,train
3898-BSJYF,train
5968-XQIVE,train
7661-CPURM,train
2259-OUUSZ,train
1133-KXCGE,train
4299-SIMNS,train
5018-GWURO,train
6331-LWDTQ,train
3285-UCQVC,train
8404-VLQFB,train
3976-NLDEZ,train
6695-AMZUF,train
3565-UNOCC,train
1571-SAVHK,train
1334-FJSVR,train
1899-VXWXM,train
8580-QVLOC,train
7501-IWUNG,train
2592-SEIFQ,train
3970-XGJDU,train
9108-EJFJP,train
5371-VYLSX,train
9317-WZPGV,train
9824-BEMCV,train
6078-VESFR,train
1813-JLKWR,train
0945-TSONX,train
9894-QMIMJ,train
6362-QHAFM,train
4646-QZXTF,train
0186-CAERR,train
8433-WPJTV,train
0968-GSIKN,train
3886-CERTZ,train
0021-IKXGC,train
5067-XJQFU,train
6457-USBER,train
2070-XYMFH,train
9435-JMLSX,train
5397-NSKQG,train
4667-OHGKG,train
7928-VJYAB,train
7065-YUNRY,train
1338-CECEE,train
9057-SIHCH,train
9297-FVVDH,train
8510-BBWMU,train
5414-OFQCB,train
5093-FEGLU,train
3694-DELSO,train
6128-DAFVY,train
9467-ROOLM,train
5020-ZSTTY,train
3474-BAFSJ,train
9938-PRCVK,train
1154-HYWWO,train
5275-SQEIZ,train
3688-FTHLT,train
0489-WMEMG,train
3043-TYBNO,train
5405-ZMYXQ,train
7779-ORAEL,train
1043-YCUTE,train
5747-PMBSQ,train
4795-WRNVT,train
2616-UUTFK,train
4967-WPNCF,train
0668-OGMHD,train
9447-YPTBX,train
0380-NEAVX,train
4658-HCOHW,train
6008-NAIXK,train
1231-YNDEK,train
5887-IKKYO,train
2303-PJYHN,train
3148-BLQJT,train
9968-FFVVH,train
9178-JHUVJ,train
9620-ENEJV,train
8086-OVPWV,train
1091-SOZGA,train
5656-JAMLX,train
2273-QCKXA,train
3498-LZGQZ,train
9674-EHPPG,train
5751-USDBL,train
3729-OWRVL,train
5172-MIGPM,train
6899-PPEEA,train
7450-NWRTR,train
2842-JTCCU,train
2040-OBMLJ,train
3393-FMZPV,train
9251-WNSOD,train
7047-YXDMZ,train
2843-CQMEG,train
7594-RQHXR,train
7037-MTYVW,train
9497-QCMMS,train
8024-XNAFQ,train
1135-HIORI,train
6827-IEAUQ,train
2073-QBVBI,train
7967-HYCDE,train
9866-QEVEE,train
2674-MIAHT,train
5797-APWZC,train
4877-TSOFF,train
7579-KKLOE,train
9481-WHGWY,train
3359-DSRKA,train
9828-QHFBK,train
5542-TBBWB,train
3450-WXOAT,train
1699-HPSBG,train
1970-KKFWL,train
3422-WJOYD,train
2612-RANWT,train
6861-OKBCE,train
6620-JDYNW,train
5949-HGVJL,train
9348-ROUAI,train
9931-KGHOA,train
8085-MSNLK,train
3055-MJDSB,train
1024-VRZHF,train
1684-FLBGS,train
5846-ABOBJ,train
8514-VZHEB,train
1708-PBBOA,train
9489-DEDVP,train
2680-XKKNJ,train
6211-WWLTF,train
0409-WTMPL,train
9796-BPKIW,train
4223-BKEOR,train
1399-UBQIU,train
7096-UCLNH,train
3370-GQEAL,train
2234-EOFPT,train
7762-ONLJY,train
4719-UMSIY,train
5980-BDHPY,train
7242-EDTYC,train
9777-WJJPR,train
8847-GEOOQ,train
4238-JSSWH,train
5160-UXJED,train
8215-NGSPE,train
7209-JCUDS,train
1215-EXRMO,train
2931-FSOHN,train
8429-XIBUM,train
4359-INNWN,train
9313-CDOGY,train
7698-YFGEZ,train
5543-QDCRY,train
7766-CLTIC,train
2749-CTKAJ,train
1293-BSEUN,train
1697-LYYYX,train
1670-SVOWZ,train
6217-KDYWC,train
2499-AJYUA,train
2514-GINMM,train
8450-UYIBU,train
7636-PEPNS,train
5006-MXVRN,train
6035-BXTTY,train
2722-JMONI,train
3550-SAHFP,train
6728-WYQBC,train
9741-YLNTD,train
1298-PHBTI,train
9479-HYNYL,train
7103-IPXPJ,train
2676-SSLTO,train
7714-YXSMB,train
4801-JZAZL,train
1475-VWVDO,train
3503-TYDAY,train
1184-PJVDB,train
3259-FDWOY,train
4277-BWBML,train
8780-YRMTT,train
1641-BYBTK,train
5884-FBCTL,train
5777-KJIRB,train
0682-USIXD,train
3704-IEAXF,train
1337-BOZWO,train
2882-DDZPG,train
0708-SJDIS,train
9643-YBLUR,train
3066-RRJIO,train
9584-EXCDZ,train
4184-VODJZ,train
4030-VPZBD,train
8058-DMYRU,train
7943-RQCHR,train
7246-ZGQDF,train
0654-PQKDW,train
4324-AHJKS,train
2143-LJULT,train
4063-EIKNQ,train
6844-DZKRF,train
0486-LGCCH,train
2150-OEGBV,train
3070-BDOQC,train
8670-MEFCP,train
9921-ZVRHG,train
5895-QSXOD,train
9405-GPBBG,train
3190-ITQXP,train
5876-QMYLD,train
1169-WCVAK,train
1131-QQZEB,train
1025-FALIX,train
2308-STERM,train
3777-XROBG,train
4088-YLDSU,train
9223-UCPVT,train
7722-CVFXN,train
2636-ALXXZ,train
5564-NEMQO,train
9220-ZNKJI,train
4092-OFQZS,train
7636-OWBPG,train
6419-ZTTLE,train
6818-DJXAA,train
9961-JBNMK,train
7343-EOBEU,train
2202-OUTMO,train
9142-XMYJH,train
6048-QBXKL,train
0310-MVLET,train
5766-ZJYBB,train
4933-IKULF,train
6946-LMSQS,train
9802-CAQUT,train
0685-MLYYM,train
1539-LNKHM,train
7029-RPUAV,train
6734-CKRSM,train
5567-WSELE,train
2560-WBWXF,train
4054-CUMIA,train
1140-UKVZG,train
2482-CZGBB,train
1534-OULXE,train
2919-HBCJO,train
4075-WKNIU,train
4289-DTDKW,train
6088-BXMRG,train
8008-ESFLK,train
2141-RRYGO,train
5676-CFLYY,train
2462-XIIJB,train
6918-UMQCG,train
7203-OYKCT,train
9544-PYPSJ,train
6616-AALSR,train
2058-DCJBE,train
4690-PKDQG,train
1552-CZCLL,train
8565-HBFNN,train
7268-WNTCP,train
8778-LMWTJ,train
5357-TZHPP,train
9738-QLWTP,train
2274-XUATA,train
8945-GRKHX,train
6806-YDEUL,train
5546-QUERU,train
5696-EXCYS,train
7794-JASDG,train
9626-VFRGG,train
9369-XFEHK,train
8835-VSDSE,train
4939-KYYPY,train
7435-ZNUYY,train
3059-NGMXB,train
2717-HVIZY,train
0376-YMCJC,train
8183-ONMXC,train
0475-RIJEP,train
0042-RLHYP,train
1576-PFZIW,train
5356-KZCKT,train
6140-QNRQQ,train
8337-UPOAQ,train
0013-EXCHZ,train
5440-FLBQG,train
4786-UKSNZ,train
2361-FJWNO,train
8775-CEBBJ,train
9068-FHQHD,train
7815-PDTHL,train
1963-SVUCV,train
6621-NRZAK,train
5081-NWSUP,train
1678-FYZOW,train
1698-XFZCI,train
9189-JWSHV,train
4547-FZJWE,train
0769-MURVM,train
4541-RMRLG,train
4625-XMOYM,train
5886-VLQVU,train
3588-WSTTJ,train
8784-CGILN,train
4973-MGTON,train
7895-VONWT,train
8818-DOPVL,train
5736-YEJAX,train
0887-WBJVH,train
1205-WNWPJ,train
9348-YVOMK,train
0761-AETCS,train
3387-PLKUI,train
1063-DHQJF,train
5593-SUAOO,train
9885-CSMWE,train
8082-GHXOP,train
3640-PHQXK,train
5828-AVIPD,train
7569-NMZYQ,train
9912-OMZDS,train
8750-QWZAJ,train
7596-ZYWBB,train
3557-HTYWR,train
6319-IEJWJ,train
0394-YONDK,train
6860-YRJZP,train
0536-ACXIP,train
6521-YYTYI,train
9174-IHETN,train
3034-ZBEQN,train
9831-BPFRI,train
2260-USTRB,train
8540-ZQGEA,train
0487-VVUVK,train
0829-DDVLK,train
4495-LHSSK,train
6374-AFWOX,train
1755-FZQEC,train
2805-AUFQN,train
7639-OPLNG,train
5793-YOLJN,train
3224-DFQNQ,train
8250-ZNGGW,train
2103-ZRXFN,train
1442-BQPVU,train
0872-JCPIB,train
5233-AOZUF,train
8286-AFUYI,train
4195-PNGZS,train
0661-XEYAN,train
1803-BGNBD,train
2761-XECQW,train
4647-MUZON,train
9450-TRJUU,train
2100-BDNSN,train
6549-NNDYT,train
2606-RMDHZ,train
9945-PSVIP,train
7460-ITWWP,train
2320-JRSDE,train
7718-UPSKJ,train
8181-YHCMF,train
2227-JRSJX,train
3069-SSVSN,train
7503-EPSZW,train
0147-ESWWR,train
6746-WAUWT,train
8166-ORCHU,train
7336-RLLRH,train
3280-MRDOF,train
6185-TASNN,train
3721-CNZHX,train
7890-VYYWG,train
1173-XZPYF,train
3489-VSFRD,train
9788-HNGUT,train
7931-PXHFC,train
6815-ABQFQ,train
2202-CUYXZ,train
4342-HENTK,train
2925-MXLSX,train
6286-ZHAOK,train
3648-GZPHF,train
8053-WWDRO,train
2858-EIMXH,train
4987-GQWPO,train
4616-EWBNJ,train
9770-KXGQU,train
4163-HFTUK,train
6332-FBZRI,train
0661-KQHNK,train
1406-PUQVY,train
6569-KTMDU,train
8309-IEYJD,train
2400-FEQME,train
0365-GXEZS,train
0461-CVKMU,train
7786-WBJYI,train
2694-CIUMO,train
2848-YXSMW,train
0308-IVGOK,train
7184-LRUUR,train
1194-SPVSP,train
6275-YDUVO,train
3703-VAVCL,train
0993-OSGPT,train
1017-FBQMM,train
9777-IQHWP,train
2430-USGXP,train
2868-SNELZ,train
9257-AZMTZ,train
7473-ZBDSN,train
4013-UBXWQ,train
0786-IVLAW,train
2378-VTKDH,train
1597-FZREH,train
5067-WJEUN,train
0060-FUALY,train
8774-GSBUN,train
7325-ENZFI,train
7267-FRMJW,train
4549-ZDQYY,train
5649-VUKMC,train
8993-IZEUX,train
1699-UOTXU,train
2546-KZAAT,train
6210-KBBPI,train
4317-VTEOA,train
7673-BQGKU,train
5897-ZYEKH,train
9819-FBNSV,train
2004-OCQXK,train
4946-EDSEW,train
0754-EEBDC,train
0363-SVHYR,train
6244-BESBM,train
4277-UDIEF,train
4795-UXVCJ,train
2740-JFBOK,train
0174-QRVVY,train
8042-JVNFH,train
0396-UKGAI,train
9110-HSGTV,train
8734-DKSTZ,train
6663-JOCQO,train
0744-BIKKF,train
2599-CZABP,train
8922-NPKBJ,train
2097-YVPKN,train
2683-BPJSO,train
6253-GNHWH,train
8625-AZYZY,train
5073-WXOYN,train
4018-PPNDW,train
7975-JMZNT,train
2018-PZKMU,train
9375-MHRRS,train
4183-MYFRB,train
6202-DYYFX,train
2180-DXNEG,train
6483-OATDN,train
0420-TXVSG,train
0621-TSSMU,train
3205-MXZRA,train
4323-SADQS,train
8242-SOQUO,train
2672-DZUOY,train
0141-YEAYS,train
1355-KUSBG,train
1809-DMJHQ,train
7248-VZQLC,train
7748-UMTRK,train
3955-JBZZM,train
3606-TWKGI,train
7442-YGZFK,train
5183-SNMJQ,train
4957-SREEC,train
3417-TSCIC,train
5696-JVVQY,train
5998-VVEJY,train
6614-FHDBO,train
5119-KEPFY,train
6281-FKEWS,train
5976-JCJRH,train
2676-ISHSF,train
0258-NOKBL,train
0238-WHBIQ,train
9586-JGQKH,train
4936-YPJNK,train
1273-MTETI,train
3442-ZHHCC,train
8947-YRTDV,train
6349-JDHQP,train
2320-YKQBO,train
9163-GHAYE,train
4693-VWVBO,train
6122-LJADA,train
8645-KOMJQ,train
1686-STUHN,train
0318-ZOPWS,train
7562-GSUHK,train
2969-QWUBZ,train
8883-GRDWQ,train
1871-MOWRM,train
9381-NDKME,train
4720-VSTSI,train
4827-LTQRJ,train
8519-IMDHU,train
9909-IDLEK,train
0970-QXPXW,train
6888-SBYAI,train
6173-GOLSU,train
0196-VULGZ,train
7219-TLZHO,train
6726-WEXXK,train
5032-USPKF,train
0581-MDMPW,train
5993-JSUWV,train
1555-HAPSU,train
8974-OVACP,train
4701-MLJPN,train
7113-HIPFI,train
4801-KFYKL,train
9483-GCPWE,train
8194-PEEBY,train
6497-TILVL,train
2249-YPRNG,train
3680-CTHUH,train
5215-LNLDJ,train
6898-MDLZW,train
9391-YZEJW,train
5515-IDEJJ,train
3871-IKPYH,train
2988-QRAJY,train
0617-FHSGK,train
7018-WBJNK,train
8685-WHQPW,train
4026-SKKHW,train
5966-EMAZU,train
4468-KAZHE,train
4329-YPDDQ,train
4779-ZGICK,train
4250-WAROZ,train
2885-HIJDH,train
6413-XKKPU,train
7272-QDCKA,train
5175-AOBHI,train
1921-KYSAY,train
1345-ZUKID,train
6818-WOBHJ,train
1794-SWWKL,train
2674-MLXMN,train
6994-FGRHH,train
2393-DIVAI,train
7207-RMRDB,train
9233-PSYHO,train
2469-DTSGX,train
0404-AHASP,train
1587-FKLZB,train
2495-TTHBQ,train
7695-PKLCZ,train
7997-EASSD,train
4404-HIBDJ,train
7526-BEZQB,train
2265-CYWIV,train
1371-DWPAZ,train
0206-OYVOC,train
3363-EWLGO,train
9079-YEXQJ,train
0869-PAPRP,train
6015-VVHHE,train
7216-EWTRS,train
3320-VEOYC,train
5724-BIDBU,train
8347-GDTMP,train
3672-YITQD,train
6837-BJYDQ,train
4822-LPTYJ,train
7797-EJMDP,train
7710-JSYOA,train
8597-CWYHH,train
3866-MDTUB,train
2990-IAJSV,train
0434-CSFON,train
9752-ZNQUT,train
9256-JTBNZ,train
5791-KAJFD,train
4083-BFNYK,train
7945-PRBVF,train
3836-FZSDJ,train
6198-PNNSZ,train
2080-CAZNM,train
2017-CCBLH,train
1784-BXEFA,train
1336-EZFZY,train
3071-MVJCD,train
7740-BTPUX,train
3389-KTRXV,train
6892-XPFPU,train
5472-CVMDX,train
6370-ZVHDV,train
9362-MWODR,train
6506-EYCNH,train
2430-RRYUW,train
1209-VFFOC,train
4742-DRORA,train
5859-HZYLF,train
6261-RCVNS,train
2962-XPMCQ,train
9026-RNUJS,train
3023-GFLBR,train
0378-TOVMS,train
0897-FEGMU,train
0215-BQKGS,train
3318-NMQXL,train
3331-HQDTW,train
2194-IIQOF,train
1941-HOSAM,train
5071-FBJFS,train
5099-BAILX,train
3904-UKFRE,train
1268-ASBGA,train
5204-HMGYF,train
9558-IHEZX,train
1965-AKTSX,train
7161-DFHUF,train
0177-PXBAT,train
2933-FILNV,train
8565-WUXZU,train
7950-XWOVN,train
6152-ONASV,train
7404-JLKQG,train
5692-FPTAH,train
1991-VOPLL,train
8815-LMFLX,train
1723-HKXJQ,train
0048-PIHNL,train
0148-DCDOS,train
1194-HVAIF,train
5642-MHDQT,train
4911-BANWH,train
8999-EXMNO,train
7240-ETPTR,train
0684-AOSIH,train
5555-RNPGT,train
6833-JMZYP,train
5019-GQVCR,test
3766-EJLFL,test
9764-REAFF,test
6199-IPCAO,test
2378-YIZKA,test
7964-VEXDG,test
1666-JXLKU,test
6734-GMPVK,test
9761-XUJWD,test
2720-WGKHP,test
2625-TRCZQ,test
4980-URKXC,test
1409-PHXTF,test
7927-AUXBZ,test
0254-FNMCI,test
8720-RQSBJ,test
3462-BJQQA,test
5678-VFNEQ,test
0298-XACET,test
7811-JIVPF,test
8073-IJDCM,test
3597-MVHJT,test
3551-GAEGL,test
0480-BIXDE,test
3797-FKOGQ,test
2368-GAKKQ,test
0679-IDSTG,test
4817-QRJSX,test
3099-OONVS,test
9692-TUSXH,test
7241-AJHFS,test
6598-KELSS,test
1559-DTODC,test
8715-KKTFG,test
7024-OHCCK,test
6692-YQHXC,test
9488-HGMJH,test
3694-GLTJM,test
7016-BPGEU,test
3908-BLSYF,test
8671-KKKOS,test
9637-CDTKZ,test
8294-UIMBA,test
3014-WJKSM,test
4032-RMHCI,test
0917-EZOLA,test
3308-MHOOC,test
3585-YNADK,test
2323-ARSVR,test
4695-WJZUE,test
3077-RSNTJ,test
4765-OXPPD,test
8859-DZTGQ,test
7820-ZYGNY,test
4672-FOTSD,test
1555-DJEQW,test
8099-MZPUJ,test
8124-NZVGJ,test
9229-RQABD,test
8966-KZXXA,test
1897-RCFUM,test
8642-GVWRF,test
1035-IPQPU,test
6630-UJZMY,test
6298-QDFNH,test
9430-FRQOC,test
0093-XWZFY,test
5687-DKDTV,test
7253-UVNDW,test
7817-BOQPW,test
6217-TOWGS,test
1629-DQQVB,test
4086-YQSNZ,test
7244-QWYHG,test
6772-WFQRD,test
0454-OKRCT,test
7839-NUIAA,test
1363-TXLSL,test
5140-FOMCQ,test
2465-BLLEU,test
3301-LSLWQ,test
2876-GZYZC,test
5385-SUIRI,test
5186-SAMNZ,test
5278-PNYOX,test
7109-CQYUZ,test
0130-SXOUN,test
6910-HADCM,test
1150-WFARN,test
9610-WCESF,test
2115-BFTIW,test
9411-TPQQV,test
2812-SFXMJ,test
4959-JOSRX,test
0236-HFWSV,test
2520-SGTTA,test
1422-DGUBX,test
5306-BVTKJ,test
3317-HRTNN,test
6344-SFJVH,test
1038-ZAGBI,test
0719-SYFRB,test
9906-NHHVC,test
9776-CLUJA,test
4505-EXZHB,test
9801-NOSHQ,test
2676-OXPPQ,test
2080-SRCDE,test
3428-MMGUB,test
2410-CIYFZ,test
7100-FQPRV,test
9821-BESNZ,test
8325-QRPZR,test
4451-RWASJ,test
0691-IFBQW,test
4194-FJARJ,test
2737-YNGYW,test
1098-TDVUQ,test
3807-XHCJH,test
8713-IGZSO,test
1866-OBPNR,test
0786-VSSUD,test
6485-QXWWE,test
1410-RSCMR,test
8627-EHGIP,test
4024-CSNBY,test
0742-MOABM,test
0440-EKDCF,test
4873-ILOLJ,test
3537-HPKQT,test
4847-QNOKA,test
9658-WYUFB,test
2144-BFDSO,test
4706-DGAHW,test
7808-DVWEP,test
6096-EGVTU,test
6968-GMKPR,test
3606-SBKRY,test
8819-ZBYNA,test
4154-AQUGT,test
6551-GNYDG,test
0804-YGEQV,test
9943-VSZUV,test
6223-DHJGV,test
8205-VSLRB,test
1163-ONYEY,test
8160-HOWOX,test
4895-TMWIR,test
6445-TNRXS,test
9880-TDQAC,test
5248-KWLAR,test
5186-EJEGL,test
6218-KNUBD,test
3976-HXHCE,test
5502-RLUYV,test
8932-CZHRQ,test
3716-LRGXK,test
5244-IRFIH,test
3092-IGHWF,test
6400-BWQKW,test
4860-IJUDE,test
9350-VLHMB,test
8873-TMKGR,test
9578-FOMUK,test
8766-PAFNE,test
4277-PVRAN,test
9236-NDUCW,test
3669-OYSJI,test
3251-YMVWZ,test
6823-SIDFQ,test
2961-VNFKL,test
9282-IZGQK,test
7147-AYBAA,test
6680-WKXRZ,test
0481-SUMCB,test
0575-CUQOV,test
5696-CEIQJ,test
5989-PGKJB,test
8466-PZBLH,test
9552-TGUZV,test
9090-SGQXL,test
2192-CKRLV,test
4822-NGOCH,test
1907-UBQFC,test
6625-FLENO,test
9609-BENEA,test
6463-MVYRY,test
3976-BWUCK,test
5129-JLPIS,test
1830-IPXVJ,test
3113-IWHLC,test
6691-CCIHA,test
0135-NMXAP,test
6000-UKLWI,test
0020-INWCK,test
5294-IMHHT,test
1952-DVVSW,test
3936-QQFLL,test
3378-AJRAO,test
4291-HPAXL,test
6762-QVYJO,test
7629-WIXZF,test
0410-IPFTY,test
3721-WKIIL,test
9860-LISIZ,test
7501-VTYLJ,test
3594-KADLU,test
4727-MCYZG,test
6988-CJEYV,test
3173-NVMPX,test
2386-LAHRK,test
3082-YVEKW,test
1569-TTNYJ,test
2475-MROZF,test
4667-QONEA,test
5855-EIBDE,test
3363-DTIVD,test
5640-CAXOA,test
5729-KLZAR,test
9565-DJPIB,test
4366-CTOUZ,test
3097-PYWXL,test
5049-MUBWG,test
8405-IGQFX,test
1439-LCGVL,test
1352-HNSAW,test
8573-JGCZW,test
7858-GTZSP,test
3178-FESZO,test
6128-AQBMT,test
7138-GIRSH,test
3763-GCZHZ,test
3621-CHYVB,test
1087-GRUYI,test
2024-BASKD,test
4446-BZKHU,test
3090-HAWSU,test
6242-MBHPK,test
1790-NESIO,test
2074-GUHPQ,test
7459-RRWQZ,test
7530-HDYDS,test
6194-HBGQN,test
1685-VAYJF,test
0224-HJAPT,test
7294-TMAOP,test
4274-OWWYO,test
5857-XRECV,test
5712-AHQNN,test
3209-ZPKFI,test
4883-KCPZJ,test
6134-KWTBV,test
5240-CAOYT,test
0305-SQECB,test
5884-GCYMI,test
4526-RMTLL,test
4825-XJGDM,test
9705-ZJBCG,test
0580-PIQHM,test
2054-PJOCK,test
5043-TRZWM,test
3413-DHLPB,test
3312-ZWLGF,test
6873-UDNLD,test
7767-UXAGJ,test
8443-ZRDBZ,test
4514-GFCFI,test
7971-HLVXI,test
1814-WFGVS,test
8630-QSGXK,test
1960-UOTYM,test
9209-NWPGU,test
7029-IJEJK,test
4770-QAZXN,test
4837-PZTIC,test
9115-YQHGA,test
5842-POCOP,test
5799-JRCZO,test
4678-DVQEO,test
7733-UDMTP,test
6765-MBQNU,test
0129-KPTWJ,test
6435-VWCCY,test
2706-QZIHY,test
8780-RSYYU,test
5896-NPFWW,test
5445-PZWGX,test
9766-HGEDE,test
5949-XIKAE,test
5115-GZDEL,test
8644-XYTSV,test
9069-LGEUL,test
0310-VQXAM,test
8224-KDLKN,test
4803-LBYPN,test
3030-YDNRM,test
5575-GNVDE,test
2774-LVQUS,test
6726-NNFWD,test
2669-QVCRG,test
5310-NOOVA,test
2082-OJVTK,test
8197-BFWVU,test
4760-THGOT,test
0568-ONFPC,test
5144-PQCDZ,test
1135-LMECX,test
6897-RWMUB,test
2038-LLMLM,test
4104-PVRPS,test
8552-OBVRU,test
3410-MHHUM,test
3758-CKOQL,test
5968-VXZLG,test
2897-DOVND,test
0603-OLQDC,test
6233-HXJMX,test
9853-JFZDU,test
0278-YXOOG,test
7198-GLXTC,test
5934-TSSAU,test
1599-MMYRQ,test
6990-YNRIO,test
2908-WGAXL,test
9767-FFLEM,test
1635-FJFCC,test
9206-GVPEQ,test
8805-JNRAZ,test
7590-VHVEG,test
7148-XZPHA,test
7245-NIIWQ,test
5940-AHUHD,test
1755-RMCXH,test
7301-ABVAD,test
3521-MNKLV,test
9473-CBZOP,test
2091-RFFBA,test
4018-KJYUY,test
2325-WINES,test
5849-ASHZJ,test
2266-SJNAT,test
5307-DZCVC,test
4067-HLYQI,test
4817-VYYWS,test
4592-IWTJI,test
5876-HZVZM,test
5996-EBTKM,test
9912-GVSEQ,test
1485-YDHMM,test
7481-ATQQS,test
4673-KKSLS,test
3426-NIYYL,test
7750-EYXWZ,test
9251-AWQGT,test
6147-CBCRA,test
4016-BJKTZ,test
2402-TAIRZ,test
7243-LCGGZ,test
0307-BCOPK,test
4566-QVRRW,test
1066-JKSGK,test
5753-QQWPW,test
5062-CJJKH,test
6924-TDGMT,test
7909-FIOIY,test
9894-EZEWG,test
5498-IBWPI,test
9903-LYSAB,test
5442-BXVND,test
5035-BVCXS,test
2344-JMOGN,test
2476-YGEFM,test
9605-WGJVW,test
8468-EHYJA,test
3927-NLNRY,test
9711-FJTBX,test
9619-GSATL,test
2573-GYRUU,test
2239-JALAW,test
6583-SZVGP,test
7771-CFQRQ,test
3831-YCPUO,test
9708-KFDBY,test
4950-BDEUX,test
6328-ZPBGN,test
7399-QHBJS,test
9249-FXSCK,test
4806-KEXQR,test
7729-JTEEC,test
4385-GZQXV,test
7537-RBWEA,test
4023-RTIQM,test
0191-ZHSKZ,test
9972-VAFJJ,test
0239-OXEXL,test
6288-LBEAR,test
0864-FVJNJ,test
7349-ALMUX,test
7410-OIEDU,test
9835-ZIITK,test
0379-DJQHR,test
8617-ENBDS,test
7408-OFWXJ,test
1852-QSWCD,test
1910-FMXJM,test
2626-VEEWG,test
5539-TMZLF,test
6345-HOVES,test
2748-MYRVK,test
7878-RTCZG,test
1383-EZRWL,test
3815-SLMEF,test
2959-MJHIC,test
2984-MIIZL,test
3665-JATSN,test
6575-SUVOI,test
5044-LRQAQ,test
2114-MGINA,test
2011-TRQYE,test
1448-PWKYE,test
9052-VKDUW,test
0485-ZBSLN,test
9167-APMXZ,test
0923-PNFUB,test
6784-XYJAE,test
0282-NVSJS,test
6394-HHHZM,test
9970-QBCDA,test
9681-KYGYB,test
0701-RFGFI,test
0928-JMXNP,test
7869-ZYDST,test
6907-CQGPN,test
7673-LPRNY,test
4922-CVPDX,test
4550-EVXNY,test
1104-TNLZA,test
8904-OPDCK,test
5546-BYZSM,test
8224-IVVPA,test
4367-NHWMM,test
9451-LPGOO,test
7073-QETQY,test
3097-IDVPU,test
5498-TXHLF,test
8490-BXHEO,test
5442-PPTJY,test
8203-XJZRC,test
5302-BDJNT,test
7649-PHJVR,test
2041-JIJCI,test
2662-NNTDK,test
5392-AKEMH,test
0641-EVBOJ,test
7781-EWARA,test
2181-UAESM,test
7881-INRLC,test
4118-CEVPF,test
1830-GGFNM,test
7614-QVWQL,test
4979-HPRFL,test
2817-NTQDO,test
5149-QYTTU,test
4826-DXMUP,test
8080-POTJR,test
3318-ISQFQ,test
6248-TKCQV,test
3244-CQPHU,test
3572-UUHRS,test
3067-SVMTC,test
9259-PACGQ,test
2371-KFUOG,test
5331-RGMTT,test
5171-EPLKN,test
1508-DFXCU,test
7718-RXDGG,test
2239-CGBUZ,test
2720-FVBQP,test
9606-PBKBQ,test
8637-XJIVR,test
1728-BQDMA,test
5468-BPMMO,test
9555-SAHUZ,test
8436-BJUMM,test
4013-GUXND,test
1306-RPWXZ,test
4737-AQCPU,test
7439-DKZTW,test
7130-VTEWQ,test
9625-QNLUX,test
9758-MFWGD,test
7993-NQLJE,test
6131-IUNXN,test
2208-NKVVH,test
1679-JRFBR,test
5146-YYFRZ,test
5018-LXQQG,test
7776-QWNFX,test
5315-CKEQK,test
7691-KGKGP,test
7055-JCGNI,test
9633-DENPU,test
2075-PUEPR,test
3679-XASPY,test
7668-XCFYV,test
8628-MFKAX,test
3345-PBBFH,test
9501-UKKNL,test
2929-ERCFZ,test
0297-RBCSG,test
7579-OOPEC,test
7112-OPOTK,test
9699-UBQFS,test
4079-WWQQQ,test
7598-UAASY,test
2075-RMJIK,test
3199-XGZCY,test
8791-GFXLZ,test
7234-KMNRQ,test
2351-RRBUE,test
8561-NMTBD,test
4608-LCIMN,test
7963-SHNDT,test
6178-KFNHS,test
4510-HIMLV,test
1833-VGRUM,test
2167-FQSTQ,test
6952-OMNWB,test
2501-XWWTZ,test
9753-OYLBX,test
8039-ACLPL,test
7905-TVXTA,test
0071-NDAFP,test
3348-CFRNX,test
3208-YPIOE,test
2081-KJSQF,test
7643-RCHXS,test
3097-FQTVJ,test
6906-ANDWJ,test
2898-LSJGD,test
8066-POXGX,test
7153-CHRBV,test
1724-BQUHA,test
6333-YDVLT,test
0378-NHQXU,test
5174-ITUMV,test
8659-IOOPU,test
6661-EIPZC,test
9974-JFBHQ,test
7010-BRBUU,test
3884-HCSWG,test
8455-HIRAQ,test
2636-SJDOU,test
8735-NBLWT,test
3258-SYSWS,test
2192-OZITF,test
1262-OPMFY,test
6877-LGWXO,test
3887-PBQAO,test
6963-KQYQB,test
1089-HDMKP,test
1925-TIBLE,test
5914-DVBWJ,test
3061-BCKYI,test
8495-PRWFH,test
8089-UZWLX,test
7493-TPUWZ,test
1374-DMZUI,test
2719-BDAQO,test
2886-KEFUM,test
7206-PQBBZ,test
8120-JDCAM,test
8414-MYSHR,test
0151-ONTOV,test
4343-EJVQB,test
6907-NZZIJ,test
7586-ZATGZ,test
3786-WOVKF,test
7956-XQWGU,test
3451-VAWLI,test
4323-ELYYB,test
9389-ACWBI,test
3771-PZOBW,test
6778-YSNIH,test
2604-XVDAM,test
2603-HVKCG,test
5570-PTWEH,test
2580-ASVVY,test
0621-CXBKL,test
0324-BRPCJ,test
9494-MRNYX,test
7452-FOLON,test
3088-LHEFH,test
6394-MFYNG,test
1564-NTYXF,test
7402-PWYJJ,test
1666-JZPZT,test
4712-AUQZO,test
6711-FLDFB,test
6516-NKQBO,test
8317-BVKSO,test
9863-JZAIC,test
4513-CXYIX,test
3988-RQIXO,test
6522-YRBXD,test
3714-XPXBW,test
4877-EVATK,test
9191-MYQKX,test
5474-LAMUQ,test
5789-LDFXO,test
7426-WEIJX,test
5118-MUEYH,test
2277-AXSDC,test
4390-KYULV,test
4730-AWNAU,test
4851-BQDNX,test
5622-UEJFI,test
3692-JHONH,test
6110-OHIHY,test
8740-XLHDR,test
4353-HYOJD,test
9158-VCTQB,test
6023-YEBUP,test
5955-EPOAZ,test
1925-LFCZZ,test
4361-JEIVL,test
3315-IKYZQ,test
8178-EYZUO,test
8696-JKZNU,test
4304-TSPVK,test
5696-QURRL,test
9058-HRZSV,test
1602-IJQQE,test
9134-WYRVP,test
2604-IJPDU,test
2511-MORQY,test
1689-YQBYY,test
2957-JIRMN,test
0337-CNPZE,test
6388-TABGU,test
4350-ZTLPI,test
6572-ADKRS,test
8902-ZEOVF,test
5850-BDWCY,test
8075-GXIUB,test
8577-QSOCG,test
8559-WNQZS,test
5027-XWQHA,test
8417-FMLZI,test
4201-JMNGR,test
2057-ZBLPD,test
0795-XCCTE,test
2519-FAKOD,test
3669-LVWZB,test
5561-NWEVX,test
5451-YHYPW,test
8356-WUAOJ,test
5699-BNCAS,test
9402-ORRAH,test
4522-XRWWI,test
6435-SRWBJ,test
3724-UCSHY,test
7389-KBFIT,test
4121-AGSIN,test
4518-FZBSX,test
7305-ZWMAJ,test
3148-AOIQT,test
1241-EZFMJ,test
0701-TJSEF,test
3423-HHXAO,test
4163-NCJAK,test
6685-XSHHU,test
1641-RQDAY,test
2209-XADXF,test
0415-MOSGF,test
7994-UYIVZ,test
4365-MSDYN,test
4412-YLTKF,test
3923-CSIHK,test
6302-JGYRJ,test
6993-YCOBK,test
1744-JHKYS,test
2946-KIQSP,test
3546-GHEAE,test
7208-PSIHR,test
5940-NFXKV,test
8097-OMULG,test
0133-BMFZO,test
2251-PYLPB,test
8908-SLFCJ,test
7054-DMVAS,test
2550-QHZGP,test
3082-VQXNH,test
0895-DQHEW,test
9488-FVZCC,test
5178-LMXOP,test
0853-NWIFK,test
2333-KWEWW,test
4581-LNWUM,test
7061-OVMIM,test
3374-TTZTK,test
0930-EHUZA,test
0570-BFQHT,test
9577-WJVCQ,test
1172-VIYBP,test
8465-SBRXP,test
7601-WFVZV,test
0533-BNWKF,test
9575-IWCAZ,test
9972-EWRJS,test
6581-NQCBA,test
0230-WEQUW,test
8648-PFRMP,test
2657-ALMWY,test
3063-QFSZL,test
2005-DWQZJ,test
6407-GSJNL,test
6289-CPNLD,test
9967-ATRFS,test
2138-VFAPZ,test
0289-IVARM,test
6252-DFGTK,test
2428-ZMCTB,test
4741-WWJQZ,test
7369-TRPFD,test
9626-WEQRM,test
6464-KEXXH,test
0840-DFEZH,test
9940-RHLFB,test
9254-RBFON,test
6292-TOSSS,test
8080-DDEMJ,test
6701-YVNQG,test
5199-FPUSP,test
1535-VTJOQ,test
6311-UEUME,test
6377-KSLXC,test
6300-BWMJX,test
2257-BOVXD,test
1391-UBDAR,test
1740-CSDJP,test
4732-RRJZC,test
2770-NSVDG,test
2157-MXBJS,test
3806-DXQOM,test
7576-OYWBN,test
8958-JPTRR,test
2800-QQUSO,test
4776-XSKYQ,test
3164-AALRN,test
3133-PZNSR,test
5858-EAFCZ,test
3639-XJHKQ,test
9837-FWLCH,test
8231-BSWXX,test
4702-HDRKD,test
0479-HMSWA,test
6849-WLEYG,test
4566-GOLUK,test
1251-STYSZ,test
7205-BAIAD,test
2521-NPUZR,test
5364-EVNIB,test
2169-RRLFW,test
9537-JALFH,test
6848-HJTXY,test
3914-FDRHP,test
2252-JHJGE,test
3569-VLDHH,test
3957-SQXML,test
9200-NLNPD,test
5013-SBUIH,test
0233-FTHAV,test
8272-ONJLV,test
0137-OCGAB,test
1482-OXZSY,test
4523-WXCEF,test
7446-KQISO,test
5499-ECUTN,test
0847-HGRML,test
0851-DFJKB,test
6563-VNPMN,test
8133-ANHHJ,test
7295-JOMMD,test
0732-OCQOC,test
2792-VPPET,test
5039-LZRQT,test
8917-FAEMR,test
1373-ORVIZ,test
2623-DRYAM,test
7521-AFHAB,test
1270-XKUCC,test
2581-VKIRT,test
3629-ZNKXA,test
3049-NDXFL,test
1004-NOZNR,test
4749-VFKVB,test
3325-FUYCG,test
0689-DSXGL,test
5832-XKAES,test
8499-BRXTD,test
5161-XEUVX,test
6710-HSJRD,test
4402-FTBXC,test
5916-QEWPT,test
6504-VBLFL,test
5110-CHOPY,test
0074-HDKDG,test
2450-ZKEED,test
3920-HIHMQ,test
9097-ZUBYC,test
6917-FIJHC,test
9286-BHDQG,test
3235-ETOOB,test
1442-OKRJE,test
8961-QDZZJ,test
9625-QSTYE,test
7998-ZLXWN,test
9514-JDSKI,test
2120-SMPEX,test
4501-UYKBC,test
2387-KDZQY,test
6500-JVEGC,test
6723-CEGQI,test
3798-EPWRR,test
5960-MVTUK,test
6235-VDHOM,test
5574-NXZIU,test
6771-XWBDM,test
7181-BQYBV,test
0330-IVZHA,test
0369-ZGOVK,test
5827-MWCZK,test
3387-VATUS,test
6557-BZXLQ,test
1385-TQOZW,test
6976-BWGLQ,test
2277-BKJKN,test
7356-AYNJP,test
1229-RCALF,test
8146-QQKZH,test
6845-RGTYS,test
1456-TWCGB,test
4676-WLUHT,test
4282-YMKNA,test
6461-SZMCV,test
6901-GOGZG,test
7218-HKQFK,test
6953-PBDIN,test
7120-RFMVS,test
4657-FWVFY,test
0585-EGDDA,test
7339-POGZN,test
7469-LKBCI,test
7239-HZZCX,test
4849-PYRLQ,test
0952-KMEEH,test
9385-NXKDA,test
1223-UNPKS,test
5879-HMFFH,test
5219-YIPTK,test
0670-ANMUU,test
3926-YZVVX,test
2924-KHUVI,test
7105-BENQF,test
5469-CTCWN,test
4097-YODCF,test
5135-RDDQL,test
2347-WKKAE,test
2916-BQZLN,test
0774-IFUVM,test
8149-AIQCG,test
7675-OZCZG,test
7026-YMSBE,test
6711-VTNRE,test
0515-YPMCW,test
7622-FWGEW,test
0436-TWFFZ,test
9356-AXGMP,test
4623-ZKHLY,test
8559-CIZFV,test
2348-KCJLT,test
5590-YRFJT,test
1564-HJUVY,test
9861-PDSZP,test
7277-KAMWT,test
3961-SXAXY,test
7801-KICAO,test
8050-DVOJX,test
6645-MXQJT,test
9965-YOKZB,test
2692-PFYTJ,test
5993-BQHEA,test
3506-OVLKD,test
3858-VOBET,test
0868-VJRDR,test
3580-REOAC,test
9919-FZDED,test
8984-EYLLL,test
2023-VQFDL,test
3913-RDSJZ,test
3750-YHRYO,test
0921-OHLVP,test
7777-UNYHB,test
9237-HQITU,test
8550-XSXUQ,test
6341-JVQGF,test
5364-XYIRR,test
2207-OBZNX,test
0281-CNTZX,test
8182-BJDSI,test
8601-QACRS,test
0988-AADSA,test
9710-NJERN,test
1625-JAIIY,test
6439-PKTRR,test
5982-PSMKW,test
4891-NLUBA,test
1121-QSIVB,test
8205-MQUGY,test
9650-VBUOG,test
7743-EXURX,test
2725-IWWBA,test
8837-VVWLQ,test
0218-QNVAS,test
7760-OYPDY,test
6878-GGDWG,test
7577-SWIFR,test
0780-XNZFN,test
6481-LXPWL,test
6296-DDOOR,test
9518-RWHZL,test
1850-AKQEP,test
3096-YXENJ,test
9565-AXSMR,test
0707-HOVVN,test
1707-HABPF,test
5982-XMDEX,test
7641-TQFHN,test
9099-FTUHS,test
2379-ENZGV,test
1090-ESELR,test
7873-CVMAW,test
5003-OKNNK,test
9313-QOLTZ,test
0496-AHOOK,test
1397-XKKWR,test
6598-RFFVI,test
1240-KNSEZ,test
4250-FDVOU,test
9734-UYXQI,test
6543-CPZMK,test
8882-TLVRW,test
7492-TAFJD,test
4174-LPGTI,test
6198-RTPMF,test
6161-ERDGD,test
0187-QSXOE,test
3658-KIBGF,test
2758-RNWXS,test
2446-BEGGB,test
2123-VSCOT,test
9661-MHUMO,test
9314-QDMDW,test
7233-IOQNP,test
1178-PZGAB,test
8450-JOVAH,test
5312-IRCFR,test
8821-KVZKQ,test
8023-QHAIO,test
2200-DSAAL,test
4456-RHSNB,test
2739-CCZMB,test
8910-ICHIU,test
2330-PQGDQ,test
2207-RYYRL,test
1051-EQPZR,test
6257-DTAYD,test
1784-EZDKJ,test
0426-TIRNE,test
4903-UYAVB,test
9638-JIQYA,test
5857-TYBCJ,test
5346-BZCHP,test
3689-MOZGR,test
8044-BGWPI,test
6131-JLWZM,test
3945-GFWQL,test
7649-SIJJF,test
3717-FDJFU,test
8189-HBVRW,test
2927-CVULT,test
8496-EJAUI,test
7401-JIXNM,test
8681-ICONS,test
2560-QTSBS,test
2187-LZGPL,test
5052-PNLOS,test
4369-NYSCF,test
9184-GALIL,test
6972-SNKKW,test
2038-OEQZH,test
9588-YRFHY,test
5447-WZAFP,test
1334-PDUKM,test
9474-PHLYD,test
4323-OHFOW,test
1513-XNPPH,test
6137-MFAJN,test
6303-KFWSL,test
3272-VUHPV,test
1897-OKVMW,test
4815-YOSUK,test
5294-DMSFH,test
1862-QRWPE,test
5845-BZZIB,test
8992-VONJD,test
1166-PQLGG,test
7929-DMBCV,test
9436-ZBZCT,test
1027-LKKQQ,test
9138-EFSMO,test
4945-RVMTE,test
5457-COLHT,test
0004-TLHLJ,test
0030-FNXPP,test
2632-IVXVF,test
3933-DQPWX,test
3723-BFBGR,test
4116-IQRFR,test
4632-XJMEX,test
6137-NICCO,test
5197-LQXXH,test
1763-WQFUK,test
8473-VUVJN,test
8677-HDZEE,test
4003-FUSHP,test
0784-GTUUK,test
8672-OAUPW,test
2391-IPLOP,test
8267-ZNYVZ,test
5091-HFAZW,test
5014-GSOUQ,test
1099-GODLO,test
4374-YMUSQ,test
3027-ZTDHO,test
7356-IWLFW,test
1768-HNVGJ,test
4396-KLSEH,test
9600-UDOPK,test
6203-HBZPA,test
2087-QAREY,test
2380-DAMQP,test
3724-BSCVH,test
7989-AWGEH,test
6266-QHOJZ,test
6168-WFVVF,test
7030-FZTFM,test
0612-RTZZA,test
3587-PMCOY,test
0191-EQUUH,test
2082-CEFLT,test
2205-LPVGL,test
4077-HWUYD,test
6141-OOXUQ,test
7601-DHFWZ,test
2165-VOEGB,test
2061-VVFST,test
1459-QNFQT,test
4115-NZRKS,test
4881-GQJTW,test
2007-QVGAW,test
7587-AOVVU,test
3739-YBWAB,test
1488-SYSFC,test
4480-MBMLB,test
4804-NCPET,test
7102-JJVTX,test
8868-WOZGU,test
0696-UKTOX,test
8143-ETQTI,test
4439-YRNVD,test
5893-PYOLZ,test
0843-WTBXE,test
6986-IXNDM,test
1557-EMYVT,test
9696-RMYBA,test
1635-NZATJ,test
0639-TSIQW,test
4090-KPJIP,test
7694-VLBWQ,test
0314-TKOSI,test
5181-OABFK,test
7434-SHXLS,test
4504-YOULA,test
1354-YZFNB,test
7225-IILWY,test
9975-SKRNR,test
8950-MTZNV,test
4918-QLLIW,test
8943-URTMR,test
7538-GWHML,test
6339-TBELP,test
4644-OBGFZ,test
8123-QBNAZ,test
7576-JMYWV,test
6202-JVYEU,test
5684-FJVYR,test
0234-TEVTT,test
6038-GCYEC,test
3365-SAIGS,test
6115-ZTBFQ,test
0374-AACSZ,test
7567-ECMCM,test
0440-MOGPM,test
7852-LECYP,test
4315-MURBD,test
0388-EOPEX,test
4829-AUOAX,test
3508-VLHCZ,test
0940-OUQEC,test
6418-HNFED,test
3882-IYOIJ,test
1682-VCOIO,test
9365-SRSZE,test
6997-UVGOX,test
4079-VTGLK,test
8098-LLAZX,test
9373-WSLOY,test
3956-MGXOG,test
2834-JKOOW,test
8562-GHPPI,test
1136-XGEQU,test
8290-YWKHZ,test
5840-NVDCG,test
7881-EVUAD,test
2796-NNUFI,test
6352-TWCAU,test
9940-HPQPG,test
2833-SLKDQ,test
8015-IHCGW,test
8515-OCTJS,test
8975-SKGRX,test
2137-DQMEV,test
4778-IZARL,test
0520-FDVVT,test
3269-ATYWD,test
8984-HPEMB,test
6689-KXGBO,test
5816-QVHRX,test
9063-ZGTUY,test
7908-QCBCA,test
9700-ZCLOT,test
1431-AIDJQ,test
3279-DYZQM,test
1541-ETJZO,test
0613-WUXUM,test
8999-BOHSE,test
2856-HYAPG,test
4631-OACRM,test
9565-JSNFM,test
6319-QSUSR,test
3761-FLYZI,test
6345-ULYRW,test
3982-XWFZQ,test
9367-TCUYN,test
6212-ATMLK,test
7321-VGNKU,test
0835-JKADZ,test
1845-CSBRZ,test
8647-SDTWQ,test
6171-ZTVYB,test
7542-CYDDM,test
4806-HIPDW,test
6551-VLJMV,test
0634-SZPQA,test
5406-KGRMX,test
2692-BUCFV,test
9058-CBREO,test
6418-PIQSP,test
3373-YZZYM,test
4871-JTKJF,test
5512-IDZEI,test
3108-PCCGG,test
4537-DKTAL,test
4102-HLENU,test
6022-UGGSO,test
0625-AFOHS,test
4597-NUCQV,test
1208-NBVFH,test
6427-FEFIG,test
9506-UXUSK,test
5846-NEQVZ,test
6614-VBEGU,test
5566-SOEZD,test
8413-YNHNV,test
0943-ZQPXH,test
4094-NSEDU,test
4135-FRWKJ,test
2560-PPCHE,test
5480-HPRRX,test
5815-HGGHV,test
8822-KNBHV,test
4859-ZSRDZ,test
5176-LMJXE,test
6416-TVAIH,test
8571-ZCMCX,test
7996-MHXLW,test
5327-CNLUQ,test
7519-JTWQH,test
4816-OKWNX,test
1400-MMYXY,test
7978-DKUQH,test
1552-TKMXS,test
3352-ALMCK,test
5630-AHZIL,test
2403-BCASL,test
1977-STDKI,test
7394-LWLYN,test
1028-FFNJK,test
5131-PONJI,test
1113-IUJYX,test
5989-OMNJE,test
5485-WUYWF,test
5394-SVGJV,test
1319-YLZJG,test
3086-RUCRN,test
1635-HDGFT,test
0771-WLCLA,test
6715-OFDBP,test
3511-BFTJW,test
2931-SVLTV,test
5208-FVQKB,test
2865-TCHJW,test
9972-NKTFD,test
2101-RANCD,test
4607-CHPCA,test
9776-OJUZI,test
1971-DTCZB,test
3129-AAQOU,test
9499-XPZXM,test
9800-OUIGR,test
2724-FJDYW,test
4785-FCIFB,test
3191-CSNMG,test
5002-GCQFH,test
9505-SQFSW,test
9465-RWMXL,test
9470-XCCEM,test
2661-GKBTK,test
3244-DCJWY,test
9833-TGFHX,test
5389-FFVKB,test
3769-MHZNV,test
7632-MNYOY,test
2896-TBNBE,test
6072-NUQCB,test
0363-QJVFX,test
7306-YDSOI,test
9944-HKVVB,test
9050-IKDZA,test
2233-TXSIU,test
2239-CFOUJ,test
0480-KYJVA,test
9522-BNTHX,test
7083-MIOPC,test
3002-WQZWT,test
9420-LOJKX,test
6559-PDZLR,test
6510-UPNKS,test
3096-JRDSO,test
4685-TFLLS,test
1746-TGTWV,test
9646-NMHXE,test
0687-ZVTHB,test
7266-GSSJX,test
2884-GBPFB,test
4140-MUHUG,test
4487-ZYJZK,test
9547-ITEFG,test
0345-XMMUG,test
8096-LOIST,test
7134-MJPDY,test
0929-HYQEW,test
8510-AWCXC,test
8434-PNQZX,test
8372-JUXUI,test
6538-POCHL,test
9947-OTFQU,test
3990-QYKBE,test
2592-HODOV,test
1197-BVMVG,test
5889-JTMUL,test
7619-PLRLP,test
2804-ETQDK,test
2197-OMWGI,test
0567-XRHCU,test
8605-ITULD,test
8144-DGHXP,test
0895-LMRSF,test
1618-CFHME,test
1088-AUUZZ,test
6260-ONULR,test
9386-LDCZR,test
4223-WOZCM,test
5998-DZLYR,test
9848-JQJTX,test
8012-SOUDQ,test
8687-BAFGU,test
6986-IJDHX,test
8963-JLGJT,test
3969-JQABI,test
5025-GOOKI,test
7049-GKVZY,test
0866-QLSIR,test
1927-QEWMY,test
2651-ZCBXV,test
7182-OVLBJ,test
7693-LCKZL,test
5423-BHIXO,test
2372-HWUHI,test
2452-SNHFZ,test
2568-BRGYX,test
9529-OFXHY,test
4283-IVYCI,test
7602-DBTOU,test
5481-NTDOH,test
2982-VPSGI,test
5975-BAICR,test
7787-BNTZM,test
6734-FQAJX,test
9050-QLROH,test
3796-ENZGF,test
4612-THJBS,test
0875-CABNR,test
7954-MLBUN,test
8430-TWCBX,test
7595-EHCDL,test
6230-BSUXY,test
5174-RNGBH,test
6339-RZCBJ,test
0003-MKNFE,test
4335-UPJSI,test
6297-NOOPG,test
7013-PSXHK,test
5906-DVAPM,test
1567-DSCIC,test
0067-DKWBL,test
4318-RAJVY,test
8108-UXRQN,test
4811-JBUVU,test
5175-WLYXL,test
7619-ODSGN,test
9207-ZPANB,test
2335-GSODA,test
8769-KKTPH,test
9581-GVBXT,test
5600-KTXFM,test
7610-TVOPG,test
3146-JTQHR,test
0206-TBWLC,test
3757-NJYBX,test
6689-TCZHQ,test
4332-MUOEZ,test
7596-IIWYC,test
2669-OIDSD,test
7845-URHJN,test
1042-HFUCW,test
4468-YDOVK,test
9950-MTGYX,test
2144-ESWKO,test
2606-PKWJB,test
8910-LEDAG,test
8761-NSOBC,test
8263-JQAIK,test
8871-JLMHM,test
3541-ZNUHK,test
3707-GNWHM,test
4398-HSCJH,test
3488-PGMQJ,test
7463-IFMQU,test
8387-UGUSU,test
8184-WMOFI,test
9359-JANWS,test
3987-KQDDU,test
6927-WTFIV,test
4482-EWFMI,test
1245-HARPS,test
0407-BDJKB,test
8709-KRDVL,test
0623-EJQEG,test
3530-CRZSB,test
2000-DHJUY,test
6240-EURKS,test
4378-MYPGO,test
8946-BFWSG,test
3620-MWJNE,test
6169-PPETC,test
5795-BKOYE,test
6982-UQZLY,test
4636-JGAAI,test
1282-IHQAC,test
9133-AYJZG,test
5501-TVMGM,test
0056-EPFBG,test
7980-MHFLQ,test
1370-GGAWX,test
5372-FBKBN,test
9701-CDXHR,test
