customer_id,gender,age,under_30,senior_citizen,married,dependents,number_of_dependents,country,state,city,zip_code,latitude,longitude,population,quarter,referred_a_friend,number_of_referrals,tenure_in_months,offer,phone_service,avg_monthly_long_distance_charges,multiple_lines,internet_service,internet_type,avg_monthly_gb_download,online_security,online_backup,device_protection_plan,premium_tech_support,streaming_tv,streaming_movies,streaming_music,unlimited_data,contract,paperless_billing,payment_method,monthly_charge,total_charges,total_refunds,total_extra_data_charges,total_long_distance_charges,total_revenue,satisfaction_score,customer_status,churn_label,churn_score,cltv,churn_category,churn_reason,churn_flag,active_flag,tenure_group,age_group,monthly_charge_band,customer_value_segment,service_count,protection_support_service_count,referral_group,contract_risk_group,descriptive_risk_points,descriptive_risk_segment,avg_revenue_per_tenure_month,customer_engagement_profile,predicted_churn_probability,high_risk_at_selected_threshold,flag_high_value_high_risk,flag_early_fiber,flag_early_month_to_month,flag_senior_high_charge,flag_fiber_month_to_month,flag_month_to_month_no_support,flag_san_diego,primary_intervention,intervention_priority,recommended_action,base_offer_cost
5386-THSLQ,Female,65,No,Yes,Yes,No,0,United States,California,Santa Monica,90402,34.035849,-118.503508,11509,Q3,No,0,66,Offer A,No,0.0,No,Yes,Cable,9,No,Yes,Yes,No,Yes,No,No,Yes,One Year,No,Bank Withdrawal,45.55,3027.25,0.0,0,0.0,3027.25,5,Stayed,No,28,6238,Not Applicable,Not Applicable,0,1,49–72 months,60–69,$35–$69.99,Premium Value,5,2,No Referrals,Moderate Contract Risk,1,Lower,45.87,Protection Engaged,0.460340844856056,True,False,False,False,False,False,False,False,Competitor-response retention,8,"Personalized device, data, speed, or value response based on customer needs",55.0
2504-DSHIH,Male,66,No,Yes,Yes,No,0,United States,California,Thousand Oaks,91360,34.214054,-118.88109,42526,Q3,Yes,1,23,No Offer,Yes,42.59,Yes,Yes,Fiber Optic,2,No,No,No,No,No,Yes,Yes,Yes,One Year,No,Bank Withdrawal,86.8,1975.85,0.0,0,979.57,2955.42,3,Stayed,No,38,5788,Not Applicable,Not Applicable,0,1,13–24 months,60–69,$70–$89.99,Premium Value,5,0,1–2 Referrals,Moderate Contract Risk,2,Elevated,128.5,Advocate,0.6153682098780945,True,False,False,False,False,False,False,False,Competitor-response retention,8,"Personalized device, data, speed, or value response based on customer needs",55.0
7529-ZDFXI,Male,79,No,Yes,Yes,No,0,United States,California,La Verne,91750,34.144703,-117.770299,35530,Q3,Yes,1,57,No Offer,Yes,36.66,Yes,Yes,Fiber Optic,9,No,Yes,No,No,No,Yes,No,Yes,One Year,Yes,Bank Withdrawal,89.85,4925.35,0.0,0,2089.62,7014.97,5,Stayed,No,36,4429,Not Applicable,Not Applicable,0,1,49–72 months,70+,$70–$89.99,Core Value,5,1,1–2 Referrals,Moderate Contract Risk,2,Elevated,123.07,Advocate,0.404170168229368,True,False,False,False,False,False,False,False,Competitor-response retention,8,"Personalized device, data, speed, or value response based on customer needs",55.0
3197-ARFOY,Female,67,No,Yes,No,No,0,United States,California,Ontario,91761,34.035602,-117.591528,56280,Q3,No,0,19,No Offer,Yes,7.95,No,Yes,Fiber Optic,12,Yes,Yes,No,Yes,Yes,Yes,No,No,One Year,Yes,Mailed Check,105.0,2007.25,0.0,20,151.05,2178.3,3,Stayed,No,59,3524,Not Applicable,Not Applicable,0,1,13–24 months,60–69,$90+,Core Value,7,3,No Referrals,Moderate Contract Risk,2,Elevated,114.65,Protection Engaged,0.3633460716720774,True,False,False,False,True,False,False,False,Senior assistance,4,"Accessible bill review, assisted support, and service-fit consultation",20.0
4716-HHKQH,Male,68,No,Yes,Yes,No,0,United States,California,Pomona,91767,34.083086,-117.737997,46626,Q3,Yes,3,20,No Offer,Yes,27.56,Yes,Yes,Fiber Optic,3,No,Yes,No,Yes,Yes,Yes,No,Yes,One Year,No,Bank Withdrawal,107.05,2172.05,0.0,0,551.2,2723.25,3,Stayed,No,65,5328,Not Applicable,Not Applicable,0,1,13–24 months,60–69,$90+,High Value,7,2,3–5 Referrals,Moderate Contract Risk,2,Elevated,136.16,Advocate,0.3666868029670141,True,False,False,False,True,False,False,False,Senior assistance,4,"Accessible bill review, assisted support, and service-fit consultation",20.0
4847-TAJYI,Female,77,No,Yes,No,No,0,United States,California,Chula Vista,91911,32.607964,-117.059459,71126,Q3,No,0,6,Offer E,Yes,8.06,No,Yes,Fiber Optic,19,No,No,No,No,Yes,Yes,No,Yes,One Year,Yes,Bank Withdrawal,89.35,567.8,0.0,0,48.36,616.16,3,Stayed,No,75,2578,Not Applicable,Not Applicable,0,1,1–6 months,70+,$70–$89.99,Emerging Value,5,0,No Referrals,Moderate Contract Risk,3,High,102.69,Multi-Service,0.5912982316788948,True,False,False,False,False,False,False,False,Competitor-response retention,8,"Personalized device, data, speed, or value response based on customer needs",55.0
6851-WEFYX,Male,73,No,Yes,Yes,No,0,United States,California,Descanso,91916,32.912664,-116.635387,1587,Q3,Yes,4,35,No Offer,Yes,2.12,Yes,Yes,Fiber Optic,3,No,No,Yes,No,Yes,Yes,No,Yes,One Year,Yes,Bank Withdrawal,100.8,3437.5,0.0,0,74.2,3511.7,5,Stayed,No,38,3318,Not Applicable,Not Applicable,0,1,25–48 months,70+,$90+,Emerging Value,6,1,3–5 Referrals,Moderate Contract Risk,3,High,100.33,Advocate,0.3340271069765935,True,False,False,False,True,False,False,False,Senior assistance,4,"Accessible bill review, assisted support, and service-fit consultation",20.0
2799-ARNLO,Female,67,No,Yes,Yes,No,0,United States,California,Bonsall,92003,33.290907,-117.202895,3849,Q3,No,0,5,Offer E,Yes,9.56,No,Yes,Fiber Optic,13,No,No,No,No,No,No,No,Yes,One Year,Yes,Bank Withdrawal,69.35,341.6,0.0,0,47.8,389.4,4,Stayed,No,41,5437,Not Applicable,Not Applicable,0,1,1–6 months,60–69,$35–$69.99,Premium Value,3,0,No Referrals,Moderate Contract Risk,3,High,77.88,Basic Relationship,0.7873523056682946,True,True,False,False,False,False,False,False,High-value outreach,1,Dedicated retention specialist and personalized value-protection review,75.0
0021-IKXGC,Female,72,No,Yes,No,No,0,United States,California,San Marcos,92078,33.119028,-117.166036,6760,Q3,No,0,1,Offer E,Yes,7.77,Yes,Yes,Fiber Optic,22,No,No,No,No,No,No,No,Yes,One Year,Yes,Bank Withdrawal,72.1,72.1,0.0,0,7.77,79.87,4,Joined,No,50,4432,Not Applicable,Not Applicable,0,1,1–6 months,70+,$70–$89.99,Core Value,3,0,No Referrals,Moderate Contract Risk,3,High,79.87,Basic Relationship,0.4957714086716085,True,False,False,False,False,False,False,False,Competitor-response retention,8,"Personalized device, data, speed, or value response based on customer needs",55.0
4115-NZRKS,Female,72,No,Yes,No,No,0,United States,California,San Diego,92102,32.716007,-117.117462,47140,Q3,No,0,7,No Offer,Yes,16.36,No,Yes,Fiber Optic,28,No,No,No,No,Yes,Yes,No,Yes,One Year,Yes,Bank Withdrawal,89.15,574.35,0.0,0,114.52,688.87,5,Stayed,No,25,2415,Not Applicable,Not Applicable,0,1,7–12 months,70+,$70–$89.99,Emerging Value,5,0,No Referrals,Moderate Contract Risk,3,High,98.41,Multi-Service,0.4944172387021317,True,False,False,False,False,False,False,True,San Diego investigation,7,"Local network, acquisition, service, and competitor root-cause investigation",15.0
6705-LXORM,Female,79,No,Yes,Yes,No,0,United States,California,Perris,92570,33.787298,-117.320676,36817,Q3,Yes,1,5,Offer E,Yes,5.42,No,Yes,Fiber Optic,23,No,No,No,No,No,No,No,Yes,One Year,No,Bank Withdrawal,70.05,302.6,0.0,0,27.1,329.7,4,Stayed,No,24,2064,Not Applicable,Not Applicable,0,1,1–6 months,70+,$70–$89.99,Emerging Value,3,0,1–2 Referrals,Moderate Contract Risk,3,High,65.94,Advocate,0.6189846177293913,True,False,False,False,False,False,False,False,Competitor-response retention,8,"Personalized device, data, speed, or value response based on customer needs",55.0
1297-VQDRP,Male,80,No,Yes,Yes,Yes,1,United States,California,Foothill Ranch,92610,33.698728,-117.67768,10936,Q3,No,0,68,Offer A,Yes,32.11,Yes,Yes,Fiber Optic,12,No,No,Yes,Yes,Yes,Yes,No,No,One Year,Yes,Credit Card,107.15,7379.8,0.0,50,2183.48,9613.28,5,Stayed,No,66,4324,Not Applicable,Not Applicable,0,1,49–72 months,70+,$90+,Core Value,6,2,No Referrals,Moderate Contract Risk,2,Elevated,141.37,Protection Engaged,0.4544897778381731,True,False,False,False,True,False,False,False,Senior assistance,4,"Accessible bill review, assisted support, and service-fit consultation",20.0
2123-AGEEN,Female,66,No,Yes,No,No,0,United States,California,Millbrae,94030,37.601248,-122.403099,20350,Q3,No,0,7,Offer E,Yes,26.29,No,Yes,Fiber Optic,20,No,No,Yes,No,Yes,No,No,No,One Year,Yes,Bank Withdrawal,84.35,609.65,29.17,10,184.03,774.51,3,Stayed,No,38,2107,Not Applicable,Not Applicable,0,1,7–12 months,60–69,$70–$89.99,Emerging Value,4,1,No Referrals,Moderate Contract Risk,3,High,110.64,Basic Relationship,0.4498368196054423,True,False,False,False,False,False,False,False,Competitor-response retention,8,"Personalized device, data, speed, or value response based on customer needs",55.0
1258-YMZNM,Female,70,No,Yes,No,No,0,United States,California,Montara,94037,37.540582,-122.509594,2346,Q3,No,0,27,Offer C,Yes,35.76,Yes,Yes,Fiber Optic,4,Yes,Yes,Yes,No,Yes,Yes,No,Yes,One Year,Yes,Bank Withdrawal,110.5,2857.6,0.0,0,965.52,3823.12,3,Stayed,No,56,4997,Not Applicable,Not Applicable,0,1,25–48 months,70+,$90+,High Value,8,3,No Referrals,Moderate Contract Risk,3,High,141.6,Protection Engaged,0.3311240423240478,True,True,False,False,True,False,False,False,High-value outreach,1,Dedicated retention specialist and personalized value-protection review,75.0
2858-EIMXH,Female,69,No,Yes,Yes,No,0,United States,California,Vallejo,94592,38.093701,-122.276589,159,Q3,Yes,1,53,No Offer,Yes,30.09,Yes,Yes,Fiber Optic,12,No,No,No,No,Yes,Yes,No,Yes,One Year,Yes,Credit Card,95.85,5016.25,18.85,0,1594.77,6592.17,3,Stayed,No,65,5325,Not Applicable,Not Applicable,0,1,49–72 months,60–69,$90+,High Value,5,0,1–2 Referrals,Moderate Contract Risk,3,High,124.38,Advocate,0.423606715207802,True,True,False,False,True,False,False,False,High-value outreach,1,Dedicated retention specialist and personalized value-protection review,75.0
8242-SOQUO,Female,73,No,Yes,No,No,0,United States,California,Oakland,94619,37.787186,-122.14633,24518,Q3,No,0,5,Offer E,Yes,14.22,No,Yes,Fiber Optic,4,No,Yes,No,No,Yes,No,No,Yes,One Year,Yes,Bank Withdrawal,84.7,392.5,41.2,0,71.1,422.4,4,Stayed,No,54,2660,Not Applicable,Not Applicable,0,1,1–6 months,70+,$70–$89.99,Emerging Value,5,1,No Referrals,Moderate Contract Risk,3,High,84.48,Multi-Service,0.4471894162370954,True,False,False,False,False,False,False,False,Competitor-response retention,8,"Personalized device, data, speed, or value response based on customer needs",55.0
6242-MBHPK,Female,67,No,Yes,Yes,No,0,United States,California,Hathaway Pines,95233,38.184914,-120.364085,335,Q3,Yes,1,23,No Offer,Yes,41.88,No,Yes,Fiber Optic,12,Yes,No,No,No,Yes,Yes,Yes,Yes,One Year,Yes,Bank Withdrawal,95.1,2326.05,0.0,0,963.24,3289.29,3,Stayed,No,66,4025,Not Applicable,Not Applicable,0,1,13–24 months,60–69,$90+,Core Value,7,1,1–2 Referrals,Moderate Contract Risk,3,High,143.01,Advocate,0.5895118907341836,True,False,False,False,True,False,False,False,Senior assistance,4,"Accessible bill review, assisted support, and service-fit consultation",20.0
5461-QKNTN,Male,71,No,Yes,Yes,No,0,United States,California,Catheys Valley,95306,37.394411,-120.127262,986,Q3,Yes,1,43,No Offer,Yes,4.59,Yes,Yes,Fiber Optic,5,No,Yes,No,Yes,Yes,No,No,Yes,One Year,Yes,Bank Withdrawal,94.3,3953.15,0.0,0,197.37,4150.52,3,Stayed,No,63,2040,Not Applicable,Not Applicable,0,1,25–48 months,70+,$90+,Emerging Value,6,2,1–2 Referrals,Moderate Contract Risk,2,Elevated,96.52,Advocate,0.4116198334935597,True,False,False,False,True,False,False,False,Senior assistance,4,"Accessible bill review, assisted support, and service-fit consultation",20.0
4468-KAZHE,Female,70,No,Yes,Yes,No,0,United States,California,Hughson,95326,37.5923,-120.853288,6822,Q3,Yes,1,20,No Offer,Yes,8.98,No,Yes,DSL,16,No,Yes,No,No,No,Yes,No,Yes,One Year,Yes,Bank Withdrawal,60.0,1259.35,0.0,0,179.6,1438.95,5,Stayed,No,37,2399,Not Applicable,Not Applicable,0,1,13–24 months,70+,$35–$69.99,Emerging Value,5,1,1–2 Referrals,Moderate Contract Risk,1,Lower,71.95,Advocate,0.3780613173105075,True,False,False,False,False,False,False,False,Competitor-response retention,8,"Personalized device, data, speed, or value response based on customer needs",55.0
1251-STYSZ,Female,66,No,Yes,No,No,0,United States,California,Glenhaven,95443,39.045246,-122.743181,175,Q3,No,0,4,No Offer,Yes,8.75,Yes,Yes,Fiber Optic,4,Yes,No,No,No,No,No,No,No,One Year,Yes,Bank Withdrawal,80.25,303.7,0.0,30,35.0,368.7,4,Stayed,No,20,3828,Not Applicable,Not Applicable,0,1,1–6 months,60–69,$70–$89.99,Core Value,3,1,No Referrals,Moderate Contract Risk,3,High,92.18,Basic Relationship,0.3695206536836453,True,False,False,False,False,False,False,False,Competitor-response retention,8,"Personalized device, data, speed, or value response based on customer needs",55.0
2692-BUCFV,Male,79,No,Yes,No,No,0,United States,California,Shingle Springs,95682,38.598936,-120.963092,24738,Q3,No,0,29,Offer C,Yes,6.59,No,Yes,Fiber Optic,21,No,Yes,Yes,No,Yes,Yes,No,No,One Year,Yes,Bank Withdrawal,101.45,2948.6,0.0,60,191.11,3199.71,4,Stayed,No,76,5285,Not Applicable,Not Applicable,0,1,25–48 months,70+,$90+,High Value,6,2,No Referrals,Moderate Contract Risk,3,High,110.33,Protection Engaged,0.3220294217215511,True,True,False,False,True,False,False,False,High-value outreach,1,Dedicated retention specialist and personalized value-protection review,75.0
8016-ZMGMO,Female,73,No,Yes,Yes,No,0,United States,California,Colusa,95932,39.273096,-122.050763,7503,Q3,No,0,66,No Offer,Yes,44.01,Yes,Yes,Cable,17,No,Yes,Yes,No,Yes,No,No,Yes,One Year,Yes,Bank Withdrawal,70.85,4738.85,0.0,0,2904.66,7643.51,5,Stayed,No,37,5572,Not Applicable,Not Applicable,0,1,49–72 months,70+,$70–$89.99,Premium Value,6,2,No Referrals,Moderate Contract Risk,1,Lower,115.81,Protection Engaged,0.3542555471597772,True,False,False,False,False,False,False,False,Competitor-response retention,8,"Personalized device, data, speed, or value response based on customer needs",55.0
0481-SUMCB,Female,74,No,Yes,No,No,0,United States,California,Greenville,95947,40.160386,-120.835428,2064,Q3,No,0,45,Offer B,Yes,34.12,Yes,Yes,Fiber Optic,15,No,No,Yes,No,Yes,Yes,No,Yes,One Year,Yes,Bank Withdrawal,102.15,4735.35,0.0,0,1535.4,6270.75,4,Stayed,No,69,5391,Not Applicable,Not Applicable,0,1,25–48 months,70+,$90+,Premium Value,6,1,No Referrals,Moderate Contract Risk,3,High,139.35,Multi-Service,0.3572539331874419,True,True,False,False,True,False,False,False,High-value outreach,1,Dedicated retention specialist and personalized value-protection review,75.0
7789-HKSBS,Female,79,No,Yes,Yes,No,0,United States,California,Lakewood,90713,33.847755,-118.112532,27563,Q3,Yes,2,42,No Offer,Yes,35.38,Yes,Yes,Fiber Optic,7,Yes,No,Yes,No,Yes,Yes,Yes,Yes,One Year,Yes,Bank Withdrawal,105.2,4599.15,40.46,0,1485.96,6044.65,3,Stayed,No,36,5573,Not Applicable,Not Applicable,0,1,25–48 months,70+,$90+,Premium Value,8,2,1–2 Referrals,Moderate Contract Risk,3,High,143.92,Advocate,0.3753838016943163,True,True,False,False,True,False,False,False,High-value outreach,1,Dedicated retention specialist and personalized value-protection review,75.0
4832-VRBMR,Male,65,No,Yes,Yes,No,0,United States,California,Parker Dam,92267,34.273872,-114.192901,131,Q3,Yes,1,65,No Offer,Yes,16.65,Yes,Yes,Fiber Optic,5,No,Yes,Yes,No,Yes,Yes,Yes,Yes,One Year,Yes,Bank Withdrawal,103.15,6792.45,0.0,0,1082.25,7874.7,3,Stayed,No,51,6441,Not Applicable,Not Applicable,0,1,49–72 months,60–69,$90+,Premium Value,8,2,1–2 Referrals,Moderate Contract Risk,3,High,121.15,Advocate,0.4231804301709219,True,True,False,False,True,False,False,False,High-value outreach,1,Dedicated retention specialist and personalized value-protection review,75.0
0380-NEAVX,Male,72,No,Yes,No,No,0,United States,California,Newport Beach,92660,33.634626,-117.874882,28687,Q3,No,0,34,No Offer,Yes,35.0,No,Yes,Fiber Optic,12,No,Yes,Yes,No,Yes,Yes,No,Yes,One Year,Yes,Bank Withdrawal,99.85,3343.15,0.0,0,1190.0,4533.15,5,Stayed,No,71,5626,Not Applicable,Not Applicable,0,1,25–48 months,70+,$90+,Premium Value,7,2,No Referrals,Moderate Contract Risk,3,High,133.33,Protection Engaged,0.3329923254596255,True,True,False,False,True,False,False,False,High-value outreach,1,Dedicated retention specialist and personalized value-protection review,75.0
1013-QCWAM,Female,73,No,Yes,Yes,No,0,United States,California,Garden Grove,92841,33.786738,-117.982564,31428,Q3,No,0,66,Offer A,Yes,28.06,Yes,Yes,Fiber Optic,20,No,Yes,No,No,Yes,Yes,No,Yes,Two Year,Yes,Bank Withdrawal,100.8,6690.75,0.0,0,1851.96,8542.71,4,Stayed,No,32,5469,Not Applicable,Not Applicable,0,1,49–72 months,70+,$90+,Premium Value,6,1,No Referrals,Lower Contract Risk,3,High,129.43,Multi-Service,0.4482315830044438,True,True,False,False,True,False,False,False,High-value outreach,1,Dedicated retention specialist and personalized value-protection review,75.0
4238-JSSWH,Female,70,No,Yes,Yes,No,0,United States,California,Porterville,93257,36.008958,-118.891593,65566,Q3,Yes,1,35,No Offer,Yes,45.13,Yes,Yes,Fiber Optic,10,No,No,Yes,No,Yes,Yes,Yes,Yes,Two Year,No,Bank Withdrawal,102.05,3452.55,0.0,0,1579.55,5032.1,5,Stayed,No,35,3199,Not Applicable,Not Applicable,0,1,25–48 months,70+,$90+,Emerging Value,7,1,1–2 Referrals,Lower Contract Risk,3,High,143.77,Advocate,0.347700561256679,True,False,False,False,True,False,False,False,Senior assistance,4,"Accessible bill review, assisted support, and service-fit consultation",20.0
6486-LHTMA,Female,67,No,Yes,Yes,No,0,United States,California,California City,93505,35.151491,-117.927597,8316,Q3,Yes,1,31,No Offer,Yes,44.26,Yes,Yes,Fiber Optic,22,No,No,Yes,No,Yes,No,No,Yes,One Year,Yes,Bank Withdrawal,90.7,2835.5,0.0,0,1372.06,4207.56,3,Stayed,No,34,2364,Not Applicable,Not Applicable,0,1,25–48 months,60–69,$90+,Emerging Value,5,1,1–2 Referrals,Moderate Contract Risk,3,High,135.73,Advocate,0.6370430685861169,True,False,False,False,True,False,False,False,Senior assistance,4,"Accessible bill review, assisted support, and service-fit consultation",20.0
5150-ITWWB,Male,65,No,Yes,No,No,0,United States,California,Hamilton City,95951,39.732767,-122.042298,1931,Q3,No,0,3,Offer E,Yes,37.78,Yes,Yes,Fiber Optic,28,No,No,No,No,Yes,Yes,Yes,Yes,Two Year,Yes,Bank Withdrawal,94.85,335.75,0.0,0,113.34,449.09,4,Joined,No,40,4496,Not Applicable,Not Applicable,0,1,1–6 months,60–69,$90+,Core Value,6,0,No Referrals,Lower Contract Risk,4,Very High,149.7,Multi-Service,0.3921195529363552,True,False,False,False,True,False,False,False,Senior assistance,4,"Accessible bill review, assisted support, and service-fit consultation",20.0
9799-CAYJJ,Female,79,No,Yes,Yes,No,0,United States,California,West Hills,91307,34.199787,-118.68493,23637,Q3,Yes,1,2,Offer E,Yes,32.62,No,Yes,Fiber Optic,2,No,No,No,No,No,No,No,Yes,Two Year,Yes,Bank Withdrawal,69.3,153.8,0.0,0,65.24,219.04,4,Joined,No,58,2901,Not Applicable,Not Applicable,0,1,1–6 months,70+,$35–$69.99,Emerging Value,3,0,1–2 Referrals,Lower Contract Risk,3,High,109.52,Advocate,0.4326783045024618,True,False,False,False,False,False,False,False,Competitor-response retention,8,"Personalized device, data, speed, or value response based on customer needs",55.0
2880-FPNAE,Male,69,No,Yes,Yes,No,0,United States,California,Van Nuys,91405,34.202494,-118.448048,51348,Q3,Yes,1,2,Offer E,Yes,7.29,No,Yes,Fiber Optic,14,No,No,Yes,No,No,No,No,Yes,Two Year,Yes,Bank Withdrawal,74.2,140.1,0.0,0,14.58,154.68,4,Joined,No,32,3170,Not Applicable,Not Applicable,0,1,1–6 months,60–69,$70–$89.99,Emerging Value,4,1,1–2 Referrals,Lower Contract Risk,3,High,77.34,Advocate,0.4409413656844704,True,False,False,False,False,False,False,False,Competitor-response retention,8,"Personalized device, data, speed, or value response based on customer needs",55.0
9699-UBQFS,Female,76,No,Yes,Yes,No,0,United States,California,Los Angeles,90065,34.108833,-118.229715,47534,Q3,Yes,4,43,No Offer,Yes,3.66,Yes,Yes,Fiber Optic,22,Yes,Yes,No,No,Yes,No,No,Yes,Month-to-Month,Yes,Bank Withdrawal,94.5,4156.8,0.0,0,157.38,4314.18,3,Stayed,No,32,4745,Not Applicable,Not Applicable,0,1,25–48 months,70+,$90+,High Value,6,2,3–5 Referrals,Higher Contract Risk,4,Very High,100.33,Advocate,0.3435332441835703,True,True,False,False,True,True,True,False,High-value outreach,1,Dedicated retention specialist and personalized value-protection review,75.0
1261-FWTTE,Male,78,No,Yes,No,No,0,United States,California,Los Angeles,90067,34.057496,-118.413959,2527,Q3,No,0,23,No Offer,No,0.0,No,Yes,Cable,2,No,No,No,No,No,Yes,Yes,Yes,Month-to-Month,Yes,Bank Withdrawal,34.65,768.45,0.0,0,0.0,768.45,4,Stayed,No,67,2307,Not Applicable,Not Applicable,0,1,13–24 months,70+,Under $35,Emerging Value,4,0,No Referrals,Higher Contract Risk,2,Elevated,33.41,Basic Relationship,0.5641514056469125,True,False,False,False,False,False,True,False,Support bundle and contract,6,Time-limited premium-support bundle with a longer-contract value option,45.0
3320-VEOYC,Male,65,No,Yes,No,No,0,United States,California,Beverly Hills,90210,34.099891,-118.414338,21397,Q3,No,0,14,No Offer,Yes,37.62,Yes,Yes,Fiber Optic,10,No,No,No,No,Yes,Yes,Yes,Yes,Month-to-Month,Yes,Bank Withdrawal,95.6,1273.3,0.0,0,526.68,1799.98,3,Stayed,No,78,3502,Not Applicable,Not Applicable,0,1,13–24 months,60–69,$90+,Core Value,6,0,No Referrals,Higher Contract Risk,4,Very High,128.57,Multi-Service,0.8149731840546803,True,False,False,False,True,True,True,False,Senior assistance,4,"Accessible bill review, assisted support, and service-fit consultation",20.0
1360-JYXKQ,Female,68,No,Yes,Yes,No,0,United States,California,South Gate,90280,33.944624,-118.192615,96267,Q3,Yes,1,54,No Offer,Yes,22.05,No,Yes,Fiber Optic,17,No,No,Yes,Yes,Yes,Yes,Yes,Yes,One Year,Yes,Bank Withdrawal,99.1,5437.1,0.0,0,1190.7,6627.8,5,Stayed,No,54,4118,Not Applicable,Not Applicable,0,1,49–72 months,60–69,$90+,Core Value,8,2,1–2 Referrals,Moderate Contract Risk,2,Elevated,122.74,Advocate,0.3678879525727503,True,False,False,False,True,False,False,False,Senior assistance,4,"Accessible bill review, assisted support, and service-fit consultation",20.0
5995-SNNEW,Male,80,No,Yes,Yes,No,0,United States,California,Whittier,90605,33.960891,-118.032222,38181,Q3,Yes,1,23,No Offer,Yes,45.21,Yes,Yes,Fiber Optic,14,No,Yes,Yes,No,Yes,Yes,Yes,No,Month-to-Month,Yes,Bank Withdrawal,104.45,2184.85,0.0,60,1039.83,3284.68,5,Stayed,No,37,5883,Not Applicable,Not Applicable,0,1,13–24 months,70+,$90+,Premium Value,7,2,1–2 Referrals,Higher Contract Risk,4,Very High,142.81,Advocate,0.8971655429905482,True,True,False,False,True,True,True,False,High-value outreach,1,Dedicated retention specialist and personalized value-protection review,75.0
4128-ETESU,Female,73,No,Yes,Yes,No,0,United States,California,Pasadena,91101,34.146635,-118.139225,16812,Q3,Yes,3,47,No Offer,Yes,2.98,Yes,Yes,Fiber Optic,7,No,No,Yes,No,Yes,Yes,Yes,No,Month-to-Month,No,Bank Withdrawal,99.7,4747.2,0.0,140,140.06,5027.26,3,Stayed,No,67,4787,Not Applicable,Not Applicable,0,1,25–48 months,70+,$90+,High Value,6,1,3–5 Referrals,Higher Contract Risk,4,Very High,106.96,Advocate,0.6179228513814452,True,True,False,False,True,True,True,False,High-value outreach,1,Dedicated retention specialist and personalized value-protection review,75.0
3295-YVUSR,Male,73,No,Yes,No,No,0,United States,California,Glendale,91202,34.167926,-118.267539,21990,Q3,No,0,2,No Offer,Yes,15.19,Yes,Yes,Fiber Optic,30,No,No,No,No,No,No,No,Yes,Month-to-Month,Yes,Mailed Check,72.6,154.3,0.0,0,30.38,184.68,3,Joined,No,47,5098,Not Applicable,Not Applicable,0,1,1–6 months,70+,$70–$89.99,High Value,3,0,No Referrals,Higher Contract Risk,4,Very High,92.34,Basic Relationship,0.8105418281689994,True,True,True,True,False,True,True,False,High-value outreach,1,Dedicated retention specialist and personalized value-protection review,75.0
8016-NCFVO,Male,70,No,Yes,No,No,0,United States,California,Glendale,91203,34.153338,-118.262974,14493,Q3,No,0,55,No Offer,Yes,29.3,Yes,Yes,Fiber Optic,10,Yes,Yes,Yes,Yes,Yes,Yes,No,Yes,Month-to-Month,Yes,Bank Withdrawal,116.5,6382.55,0.0,0,1611.5,7994.05,4,Stayed,No,58,4222,Not Applicable,Not Applicable,0,1,49–72 months,70+,$90+,Core Value,9,4,No Referrals,Higher Contract Risk,3,High,145.35,Protection Engaged,0.432281006092404,True,False,False,False,True,True,False,False,Senior assistance,4,"Accessible bill review, assisted support, and service-fit consultation",20.0
2080-CAZNM,Female,78,No,Yes,No,No,0,United States,California,Burbank,91502,34.177267,-118.31003,11517,Q3,No,0,41,Offer B,Yes,6.33,Yes,Yes,Fiber Optic,15,No,Yes,Yes,No,Yes,Yes,No,Yes,Month-to-Month,Yes,Bank Withdrawal,104.4,4133.95,0.0,0,259.53,4393.48,5,Stayed,No,61,4477,Not Applicable,Not Applicable,0,1,25–48 months,70+,$90+,Core Value,7,2,No Referrals,Higher Contract Risk,4,Very High,107.16,Protection Engaged,0.6165816851981093,True,False,False,False,True,True,True,False,Senior assistance,4,"Accessible bill review, assisted support, and service-fit consultation",20.0
1028-FFNJK,Male,79,No,Yes,Yes,No,0,United States,California,Burbank,91504,34.213049,-118.317651,25882,Q3,Yes,1,30,Offer C,Yes,48.02,Yes,Yes,Fiber Optic,24,No,No,No,Yes,Yes,Yes,No,Yes,Month-to-Month,Yes,Bank Withdrawal,101.5,2917.65,0.0,0,1440.6,4358.25,5,Stayed,No,73,4828,Not Applicable,Not Applicable,0,1,25–48 months,70+,$90+,High Value,6,1,1–2 Referrals,Higher Contract Risk,3,High,145.28,Advocate,0.818581315908711,True,True,False,False,True,True,False,False,High-value outreach,1,Dedicated retention specialist and personalized value-protection review,75.0
3001-UNBTL,Male,69,No,Yes,Yes,Yes,1,United States,California,Burbank,91506,34.169706,-118.323548,18539,Q3,Yes,1,29,Offer C,Yes,49.36,Yes,Yes,Fiber Optic,19,No,No,Yes,No,Yes,Yes,No,Yes,Month-to-Month,Yes,Bank Withdrawal,103.95,2964.8,0.0,0,1431.44,4396.24,4,Stayed,No,58,3733,Not Applicable,Not Applicable,0,1,25–48 months,60–69,$90+,Core Value,6,1,1–2 Referrals,Higher Contract Risk,4,Very High,151.59,Advocate,0.8258103356251921,True,False,False,False,True,True,True,False,Senior assistance,4,"Accessible bill review, assisted support, and service-fit consultation",20.0
4282-ACRXS,Male,69,No,Yes,Yes,No,0,United States,California,Covina,91723,34.084747,-117.886844,17554,Q3,Yes,2,38,Offer C,No,0.0,No,Yes,Cable,30,No,No,No,No,No,No,No,Yes,Month-to-Month,Yes,Bank Withdrawal,24.85,955.75,0.0,0,0.0,955.75,3,Stayed,No,33,3511,Not Applicable,Not Applicable,0,1,25–48 months,60–69,Under $35,Core Value,2,0,1–2 Referrals,Higher Contract Risk,2,Elevated,25.15,Advocate,0.4345356743214454,True,False,False,False,False,False,True,False,Support bundle and contract,6,Time-limited premium-support bundle with a longer-contract value option,45.0
9233-PSYHO,Female,68,No,Yes,No,No,0,United States,California,Ontario,91762,34.057256,-117.667677,54254,Q3,No,0,45,Offer B,Yes,6.9,Yes,Yes,Fiber Optic,20,No,No,Yes,No,Yes,Yes,No,Yes,One Year,Yes,Bank Withdrawal,100.15,4459.8,0.0,0,310.5,4770.3,4,Stayed,No,21,2636,Not Applicable,Not Applicable,0,1,25–48 months,60–69,$90+,Emerging Value,6,1,No Referrals,Moderate Contract Risk,3,High,106.01,Multi-Service,0.3221842343371398,True,False,False,False,True,False,False,False,Senior assistance,4,"Accessible bill review, assisted support, and service-fit consultation",20.0
5419-JKZNQ,Male,65,No,Yes,Yes,No,0,United States,California,La Mesa,91941,32.759327,-116.99726,44652,Q3,Yes,1,30,No Offer,Yes,2.86,Yes,Yes,Fiber Optic,19,No,No,No,No,No,No,No,Yes,Month-to-Month,No,Mailed Check,77.9,2351.45,0.0,0,85.8,2437.25,3,Stayed,No,49,2009,Not Applicable,Not Applicable,0,1,25–48 months,60–69,$70–$89.99,Emerging Value,3,0,1–2 Referrals,Higher Contract Risk,3,High,81.24,Advocate,0.8586378970090724,True,False,False,False,False,True,True,False,Fiber quality and contract,5,Fiber diagnostics followed by a value-led contract-upgrade incentive,50.0
2144-BFDSO,Female,70,No,Yes,Yes,No,0,United States,California,Ranchita,92066,33.215251,-116.53633,339,Q3,Yes,1,50,Offer B,Yes,9.18,Yes,Yes,Fiber Optic,2,Yes,Yes,Yes,No,Yes,Yes,Yes,Yes,Month-to-Month,No,Bank Withdrawal,108.75,5431.9,0.0,0,459.0,5890.9,3,Stayed,No,54,5211,Not Applicable,Not Applicable,0,1,49–72 months,70+,$90+,High Value,9,3,1–2 Referrals,Higher Contract Risk,4,Very High,117.82,Advocate,0.6465908903033861,True,True,False,False,True,True,True,False,High-value outreach,1,Dedicated retention specialist and personalized value-protection review,75.0
5647-FXOTP,Female,71,No,Yes,Yes,No,0,United States,California,Santa Ysabel,92070,33.174725,-116.743329,1143,Q3,Yes,1,60,Offer B,Yes,36.71,Yes,Yes,Fiber Optic,25,No,Yes,Yes,No,Yes,Yes,Yes,No,Month-to-Month,Yes,Bank Withdrawal,105.9,6401.25,0.0,110,2202.6,8713.85,5,Stayed,No,40,5084,Not Applicable,Not Applicable,0,1,49–72 months,70+,$90+,High Value,7,2,1–2 Referrals,Higher Contract Risk,4,Very High,145.23,Advocate,0.7619177716136686,True,True,False,False,True,True,True,False,High-value outreach,1,Dedicated retention specialist and personalized value-protection review,75.0
6078-VESFR,Male,78,No,Yes,Yes,No,0,United States,California,Vista,92084,33.22784,-117.200024,44692,Q3,Yes,1,13,No Offer,Yes,36.57,No,Yes,Fiber Optic,26,No,No,No,No,No,No,No,Yes,Month-to-Month,No,Bank Withdrawal,70.45,849.1,0.0,0,475.41,1324.51,5,Stayed,No,53,5225,Not Applicable,Not Applicable,0,1,13–24 months,70+,$70–$89.99,High Value,3,0,1–2 Referrals,Higher Contract Risk,3,High,101.89,Advocate,0.7704152141639311,True,True,False,False,False,True,True,False,High-value outreach,1,Dedicated retention specialist and personalized value-protection review,75.0
2786-GCDPI,Female,75,No,Yes,No,No,0,United States,California,Pioneertown,92268,34.201108,-116.593456,354,Q3,No,0,50,Offer B,Yes,17.65,Yes,Yes,Fiber Optic,29,No,No,Yes,Yes,Yes,Yes,No,Yes,Month-to-Month,Yes,Bank Withdrawal,104.95,5222.35,0.0,0,882.5,6104.85,5,Stayed,No,39,5570,Not Applicable,Not Applicable,0,1,49–72 months,70+,$90+,Premium Value,7,2,No Referrals,Higher Contract Risk,3,High,122.1,Protection Engaged,0.4915779003676873,True,True,False,False,True,True,False,False,High-value outreach,1,Dedicated retention specialist and personalized value-protection review,75.0
8490-BXHEO,Male,67,No,Yes,No,No,0,United States,California,Lucerne Valley,92356,34.508417,-116.856103,5256,Q3,No,0,18,No Offer,Yes,38.79,Yes,Yes,Fiber Optic,14,No,Yes,No,No,No,No,No,Yes,Month-to-Month,Yes,Credit Card,80.55,1411.65,0.0,0,698.22,2109.87,5,Stayed,No,27,5137,Not Applicable,Not Applicable,0,1,13–24 months,60–69,$70–$89.99,High Value,4,1,No Referrals,Higher Contract Risk,3,High,117.21,Basic Relationship,0.5429904905975714,True,True,False,False,False,True,True,False,High-value outreach,1,Dedicated retention specialist and personalized value-protection review,75.0
7856-GANIL,Male,71,No,Yes,Yes,No,0,United States,California,Irvine,92606,33.703976,-117.824172,17621,Q3,Yes,1,45,Offer B,Yes,2.38,Yes,Yes,Fiber Optic,20,No,Yes,Yes,Yes,Yes,No,No,Yes,One Year,Yes,Bank Withdrawal,98.7,4525.8,0.0,0,107.1,4632.9,3,Stayed,No,66,2535,Not Applicable,Not Applicable,0,1,25–48 months,70+,$90+,Emerging Value,7,3,1–2 Referrals,Moderate Contract Risk,2,Elevated,102.95,Advocate,0.3593438651868679,True,False,False,False,True,False,False,False,Senior assistance,4,"Accessible bill review, assisted support, and service-fit consultation",20.0
5985-BEHZK,Female,78,No,Yes,Yes,No,0,United States,California,Santa Ana,92705,33.766004,-117.786763,44117,Q3,Yes,1,72,Offer A,Yes,27.79,Yes,Yes,Fiber Optic,10,No,Yes,Yes,No,Yes,Yes,No,Yes,One Year,No,Credit Card,105.0,7578.05,0.0,0,2000.88,9578.93,5,Stayed,No,56,6423,Not Applicable,Not Applicable,0,1,49–72 months,70+,$90+,Premium Value,7,2,1–2 Referrals,Moderate Contract Risk,3,High,133.04,Advocate,0.4021736632256592,True,True,False,False,True,False,False,False,High-value outreach,1,Dedicated retention specialist and personalized value-protection review,75.0
9279-CJEOJ,Female,77,No,Yes,No,No,0,United States,California,Anaheim,92801,33.844983,-117.952151,60553,Q3,No,0,21,No Offer,Yes,37.4,Yes,Yes,Fiber Optic,16,No,No,No,No,Yes,Yes,No,Yes,Month-to-Month,Yes,Bank Withdrawal,95.4,2025.1,0.0,0,785.4,2810.5,4,Stayed,No,47,5691,Not Applicable,Not Applicable,0,1,13–24 months,70+,$90+,Premium Value,5,0,No Referrals,Higher Contract Risk,4,Very High,133.83,Multi-Service,0.7820885502477457,True,True,False,False,True,True,True,False,High-value outreach,1,Dedicated retention specialist and personalized value-protection review,75.0
6646-JPPHA,Female,76,No,Yes,No,No,0,United States,California,Fullerton,92832,33.868316,-117.929029,24502,Q3,No,0,14,No Offer,Yes,48.01,No,Yes,Fiber Optic,2,Yes,Yes,No,No,No,No,No,No,Month-to-Month,No,Bank Withdrawal,78.85,1043.8,0.0,50,672.14,1765.94,3,Stayed,No,44,5327,Not Applicable,Not Applicable,0,1,13–24 months,70+,$70–$89.99,High Value,4,2,No Referrals,Higher Contract Risk,3,High,126.14,Protection Engaged,0.4129397302361048,True,True,False,False,False,True,True,False,High-value outreach,1,Dedicated retention specialist and personalized value-protection review,75.0
7658-UYUQS,Male,71,No,Yes,Yes,No,0,United States,California,Fullerton,92835,33.902211,-117.914922,21157,Q3,No,0,21,No Offer,Yes,22.3,No,Yes,Fiber Optic,9,No,No,Yes,No,Yes,No,No,Yes,Month-to-Month,No,Bank Withdrawal,86.55,1857.25,0.0,0,468.3,2325.55,5,Stayed,No,67,5318,Not Applicable,Not Applicable,0,1,13–24 months,70+,$70–$89.99,High Value,5,1,No Referrals,Higher Contract Risk,3,High,110.74,Multi-Service,0.8870907058448033,True,True,False,False,False,True,True,False,High-value outreach,1,Dedicated retention specialist and personalized value-protection review,75.0
4619-EVPHY,Female,65,No,Yes,Yes,No,0,United States,California,Lamont,93241,35.245035,-118.905553,15364,Q3,Yes,2,20,No Offer,Yes,38.85,No,Yes,Fiber Optic,2,No,No,No,No,Yes,Yes,Yes,Yes,One Year,Yes,Bank Withdrawal,91.0,1859.5,0.0,0,777.0,2636.5,5,Stayed,No,57,3748,Not Applicable,Not Applicable,0,1,13–24 months,60–69,$90+,Core Value,6,0,1–2 Referrals,Moderate Contract Risk,3,High,131.82,Advocate,0.5866213250410827,True,False,False,False,True,False,False,False,Senior assistance,4,"Accessible bill review, assisted support, and service-fit consultation",20.0
9334-GWGOW,Male,68,No,Yes,Yes,No,0,United States,California,Mc Kittrick,93251,35.38381,-119.730885,302,Q3,Yes,2,7,No Offer,Yes,6.81,Yes,Yes,Fiber Optic,13,No,No,No,No,No,No,No,Yes,Month-to-Month,Yes,Bank Withdrawal,74.85,485.25,0.0,0,47.67,532.92,4,Stayed,No,44,2259,Not Applicable,Not Applicable,0,1,7–12 months,60–69,$70–$89.99,Emerging Value,3,0,1–2 Referrals,Higher Contract Risk,4,Very High,76.13,Advocate,0.8186442742408496,True,False,True,False,False,True,True,False,Early fiber assurance,2,"First-90-day fiber service-health check, rapid issue resolution, and plan review",40.0
3312-ZWLGF,Male,69,No,Yes,Yes,No,0,United States,California,Acton,93510,34.501452,-118.207862,7831,Q3,No,0,29,No Offer,Yes,10.55,Yes,Yes,Fiber Optic,2,No,No,No,Yes,No,No,No,Yes,Month-to-Month,Yes,Bank Withdrawal,79.3,2414.55,0.0,0,305.95,2720.5,5,Stayed,No,21,3172,Not Applicable,Not Applicable,0,1,25–48 months,60–69,$70–$89.99,Emerging Value,4,1,No Referrals,Higher Contract Risk,2,Elevated,93.81,Basic Relationship,0.8263337377106869,True,False,False,False,False,True,False,False,Fiber quality and contract,5,Fiber diagnostics followed by a value-led contract-upgrade incentive,50.0
1580-BMCMR,Male,66,No,Yes,No,No,0,United States,California,Tehachapi,93561,35.073777,-118.652112,25805,Q3,No,0,19,No Offer,Yes,29.8,No,Yes,Fiber Optic,16,Yes,No,No,No,No,Yes,Yes,Yes,Month-to-Month,Yes,Bank Withdrawal,87.3,1637.3,0.0,0,566.2,2203.5,3,Stayed,No,70,4447,Not Applicable,Not Applicable,0,1,13–24 months,60–69,$70–$89.99,Core Value,6,1,No Referrals,Higher Contract Risk,3,High,115.97,Multi-Service,0.6130669369327651,True,False,False,False,False,True,True,False,Fiber quality and contract,5,Fiber diagnostics followed by a value-led contract-upgrade incentive,50.0
4583-PARNH,Male,66,No,Yes,Yes,No,0,United States,California,Kerman,93630,36.727418,-120.123526,14062,Q3,Yes,1,16,No Offer,Yes,15.44,No,Yes,Fiber Optic,20,No,No,Yes,Yes,No,Yes,Yes,Yes,Month-to-Month,Yes,Bank Withdrawal,91.55,1540.05,0.0,0,247.04,1787.09,5,Stayed,No,46,4045,Not Applicable,Not Applicable,0,1,13–24 months,60–69,$90+,Core Value,7,2,1–2 Referrals,Higher Contract Risk,3,High,111.69,Advocate,0.8285173880797154,True,False,False,False,True,True,False,False,Senior assistance,4,"Accessible bill review, assisted support, and service-fit consultation",20.0
8695-ARGXZ,Male,66,No,Yes,Yes,No,0,United States,California,Fresno,93722,36.78979,-119.929894,60889,Q3,Yes,1,34,No Offer,Yes,2.07,Yes,Yes,Fiber Optic,16,No,No,No,No,No,No,No,Yes,Month-to-Month,Yes,Bank Withdrawal,75.55,2425.4,0.0,0,70.38,2495.78,5,Stayed,No,22,5381,Not Applicable,Not Applicable,0,1,25–48 months,60–69,$70–$89.99,Premium Value,3,0,1–2 Referrals,Higher Contract Risk,3,High,73.41,Advocate,0.7869275461187338,True,True,False,False,False,True,True,False,High-value outreach,1,Dedicated retention specialist and personalized value-protection review,75.0
1697-NVVGY,Male,71,No,Yes,Yes,No,0,United States,California,Fresno,93728,36.757345,-119.818274,16346,Q3,Yes,1,19,No Offer,Yes,30.44,No,Yes,DSL,26,Yes,No,Yes,No,Yes,No,No,Yes,Month-to-Month,No,Bank Withdrawal,66.4,1286.05,0.0,0,578.36,1864.41,4,Stayed,No,22,4533,Not Applicable,Not Applicable,0,1,13–24 months,70+,$35–$69.99,High Value,6,2,1–2 Referrals,Higher Contract Risk,2,Elevated,98.13,Advocate,0.6005816133347684,True,False,False,False,False,False,True,False,Support bundle and contract,6,Time-limited premium-support bundle with a longer-contract value option,45.0
9112-WSNPU,Female,65,No,Yes,No,No,0,United States,California,Monterey,93940,36.362741,-121.869685,32857,Q3,No,0,35,No Offer,Yes,16.91,No,Yes,Fiber Optic,30,No,No,No,No,No,No,No,Yes,Month-to-Month,No,Bank Withdrawal,70.55,2419.0,0.0,0,591.85,3010.85,4,Stayed,No,45,5873,Not Applicable,Not Applicable,0,1,25–48 months,60–69,$70–$89.99,Premium Value,3,0,No Referrals,Higher Contract Risk,3,High,86.02,Basic Relationship,0.3869068537996274,True,True,False,False,False,True,True,False,High-value outreach,1,Dedicated retention specialist and personalized value-protection review,75.0
2077-MPJQO,Male,80,No,Yes,Yes,No,0,United States,California,Menlo Park,94025,37.449551,-122.183762,39062,Q3,Yes,2,7,No Offer,Yes,21.37,Yes,Yes,Fiber Optic,21,No,No,No,No,No,No,No,Yes,Month-to-Month,Yes,Bank Withdrawal,75.4,533.05,0.0,0,149.59,682.64,4,Stayed,No,41,3533,Not Applicable,Not Applicable,0,1,7–12 months,70+,$70–$89.99,Core Value,3,0,1–2 Referrals,Higher Contract Risk,4,Very High,97.52,Advocate,0.8204430471021791,True,False,True,False,False,True,True,False,Early fiber assurance,2,"First-90-day fiber service-health check, rapid issue resolution, and plan review",40.0
1480-IVEVR,Male,76,No,Yes,Yes,No,0,United States,California,Montara,94037,37.540582,-122.509594,2346,Q3,Yes,2,35,No Offer,Yes,4.16,Yes,Yes,Fiber Optic,28,No,No,Yes,No,No,No,No,Yes,One Year,Yes,Bank Withdrawal,81.6,2815.25,0.0,0,145.6,2960.85,3,Stayed,No,60,2300,Not Applicable,Not Applicable,0,1,25–48 months,70+,$70–$89.99,Emerging Value,4,1,1–2 Referrals,Moderate Contract Risk,2,Elevated,84.6,Advocate,0.4092571783292494,True,False,False,False,False,False,False,False,Competitor-response retention,8,"Personalized device, data, speed, or value response based on customer needs",55.0
9943-VSZUV,Male,75,No,Yes,No,No,0,United States,California,Alamo,94507,37.855717,-121.994813,15187,Q3,No,0,67,Offer A,Yes,39.89,Yes,Yes,Fiber Optic,19,No,No,No,No,No,No,No,Yes,Month-to-Month,Yes,Mailed Check,75.7,5060.85,0.0,0,2672.63,7733.48,4,Stayed,No,30,5823,Not Applicable,Not Applicable,0,1,49–72 months,70+,$70–$89.99,Premium Value,3,0,No Referrals,Higher Contract Risk,3,High,115.43,Basic Relationship,0.6520944978188858,True,True,False,False,False,True,True,False,High-value outreach,1,Dedicated retention specialist and personalized value-protection review,75.0
9355-NPPFS,Female,70,No,Yes,No,No,0,United States,California,Fremont,94538,37.505768,-121.962472,56126,Q3,No,0,26,No Offer,Yes,19.21,No,Yes,Fiber Optic,15,No,No,No,No,No,Yes,Yes,Yes,Month-to-Month,Yes,Bank Withdrawal,78.8,2006.1,0.0,0,499.46,2505.56,3,Stayed,No,37,4509,Not Applicable,Not Applicable,0,1,25–48 months,70+,$70–$89.99,Core Value,5,0,No Referrals,Higher Contract Risk,3,High,96.37,Multi-Service,0.5856639406508893,True,False,False,False,False,True,True,False,Fiber quality and contract,5,Fiber diagnostics followed by a value-led contract-upgrade incentive,50.0
2931-FSOHN,Male,76,No,Yes,No,No,0,United States,California,Napa,94559,38.232389,-122.324944,26894,Q3,No,0,13,No Offer,Yes,49.9,No,Yes,DSL,30,No,Yes,No,No,Yes,No,No,Yes,Month-to-Month,Yes,Bank Withdrawal,59.9,788.35,0.0,0,648.7,1437.05,5,Stayed,No,58,5254,Not Applicable,Not Applicable,0,1,13–24 months,70+,$35–$69.99,High Value,5,1,No Referrals,Higher Contract Risk,2,Elevated,110.54,Multi-Service,0.4665998239664605,True,False,False,False,False,False,True,False,Support bundle and contract,6,Time-limited premium-support bundle with a longer-contract value option,45.0
5271-DBYSJ,Male,80,No,Yes,No,No,0,United States,California,Berkeley,94708,37.897743,-122.263124,10737,Q3,No,0,11,Offer D,Yes,26.84,No,Yes,Fiber Optic,15,No,No,No,No,No,Yes,Yes,No,Month-to-Month,Yes,Credit Card,79.15,827.7,0.0,140,295.24,1262.94,5,Stayed,No,20,3355,Not Applicable,Not Applicable,0,1,7–12 months,70+,$70–$89.99,Emerging Value,4,0,No Referrals,Higher Contract Risk,4,Very High,114.81,Basic Relationship,0.506596959318175,True,False,True,False,False,True,True,False,Early fiber assurance,2,"First-90-day fiber service-health check, rapid issue resolution, and plan review",40.0
5671-UUNXD,Female,79,No,Yes,Yes,No,0,United States,California,Nicasio,94946,38.065359,-122.665566,607,Q3,Yes,1,50,No Offer,Yes,36.58,Yes,Yes,Fiber Optic,23,No,No,No,Yes,Yes,Yes,Yes,Yes,One Year,Yes,Bank Withdrawal,100.65,5189.75,0.0,0,1829.0,7018.75,3,Stayed,No,40,5791,Not Applicable,Not Applicable,0,1,49–72 months,70+,$90+,Premium Value,7,1,1–2 Referrals,Moderate Contract Risk,2,Elevated,140.38,Advocate,0.4723572778063802,True,False,False,False,True,False,False,False,Senior assistance,4,"Accessible bill review, assisted support, and service-fit consultation",20.0
0282-NVSJS,Female,70,No,Yes,Yes,Yes,1,United States,California,Aromas,95004,36.878364,-121.629781,3373,Q3,Yes,1,12,Offer D,No,0.0,No,Yes,DSL,14,No,No,No,Yes,No,No,No,Yes,Month-to-Month,Yes,Mailed Check,29.3,355.9,0.0,0,0.0,355.9,4,Stayed,No,75,3353,Not Applicable,Not Applicable,0,1,7–12 months,70+,Under $35,Emerging Value,3,1,1–2 Referrals,Higher Contract Risk,2,Elevated,29.66,Advocate,0.5366894393342301,True,False,False,False,False,False,False,False,Competitor-response retention,8,"Personalized device, data, speed, or value response based on customer needs",55.0
7537-CBQUZ,Male,68,No,Yes,No,No,0,United States,California,Castroville,95012,36.784481,-121.759054,8582,Q3,No,0,63,No Offer,Yes,26.11,Yes,Yes,Fiber Optic,20,Yes,Yes,Yes,No,Yes,Yes,Yes,Yes,Month-to-Month,Yes,Bank Withdrawal,109.4,7031.45,0.0,0,1644.93,8676.38,3,Stayed,No,24,5961,Not Applicable,Not Applicable,0,1,49–72 months,60–69,$90+,Premium Value,9,3,No Referrals,Higher Contract Risk,4,Very High,137.72,Protection Engaged,0.415656491260192,True,True,False,False,True,True,True,False,High-value outreach,1,Dedicated retention specialist and personalized value-protection review,75.0
4884-ZTHVF,Female,80,No,Yes,No,No,0,United States,California,Santa Cruz,95065,37.031404,-121.981865,8365,Q3,No,0,8,No Offer,Yes,39.01,No,Yes,Fiber Optic,28,No,Yes,No,No,Yes,No,No,Yes,Month-to-Month,Yes,Bank Withdrawal,87.1,713.6,0.0,0,312.08,1025.68,5,Stayed,No,65,3950,Not Applicable,Not Applicable,0,1,7–12 months,70+,$70–$89.99,Core Value,5,1,No Referrals,Higher Contract Risk,4,Very High,128.21,Multi-Service,0.7261326194306037,True,False,True,False,False,True,True,False,Early fiber assurance,2,"First-90-day fiber service-health check, rapid issue resolution, and plan review",40.0
9605-WGJVW,Female,69,No,Yes,No,No,0,United States,California,Stockton,95204,37.974498,-121.319568,30476,Q3,No,0,1,No Offer,Yes,22.34,No,Yes,Fiber Optic,12,No,No,No,No,No,No,No,Yes,Month-to-Month,Yes,Bank Withdrawal,70.2,70.2,0.0,0,22.34,92.54,5,Joined,No,47,2422,Not Applicable,Not Applicable,0,1,1–6 months,60–69,$70–$89.99,Emerging Value,3,0,No Referrals,Higher Contract Risk,4,Very High,92.54,Basic Relationship,0.7001410810876403,True,False,True,True,False,True,True,False,Early fiber assurance,2,"First-90-day fiber service-health check, rapid issue resolution, and plan review",40.0
3258-SANFR,Male,69,No,Yes,No,No,0,United States,California,Big Oak Flat,95305,37.818589,-120.256995,167,Q3,No,0,6,Offer E,Yes,19.74,No,Yes,DSL,7,No,No,No,No,No,No,No,Yes,Month-to-Month,No,Credit Card,44.7,276.5,0.0,0,118.44,394.94,3,Stayed,No,30,4270,Not Applicable,Not Applicable,0,1,1–6 months,60–69,$35–$69.99,Core Value,3,0,No Referrals,Higher Contract Risk,3,High,65.82,Basic Relationship,0.3644974088458768,True,False,False,True,False,False,True,False,Early onboarding,3,Structured 30/60/90-day onboarding support and service education,25.0
2322-VCZHZ,Male,70,No,Yes,Yes,No,0,United States,California,El Portal,95318,37.654551,-119.822984,579,Q3,Yes,3,23,Offer D,Yes,31.53,No,Yes,Fiber Optic,20,Yes,Yes,No,No,No,Yes,No,Yes,Month-to-Month,Yes,Bank Withdrawal,90.0,2024.1,0.0,0,725.19,2749.29,3,Stayed,No,50,4999,Not Applicable,Not Applicable,0,1,13–24 months,70+,$90+,High Value,6,2,3–5 Referrals,Higher Contract Risk,4,Very High,119.53,Advocate,0.4028527175546327,True,True,False,False,True,True,True,False,High-value outreach,1,Dedicated retention specialist and personalized value-protection review,75.0
0118-JPNOY,Female,71,No,Yes,No,No,0,United States,California,Le Grand,95333,37.249377,-120.249581,3256,Q3,No,0,26,No Offer,Yes,33.74,No,Yes,Fiber Optic,7,Yes,No,No,No,Yes,No,No,Yes,Month-to-Month,Yes,Credit Card,85.8,2193.65,0.0,0,877.24,3070.89,3,Stayed,No,46,5700,Not Applicable,Not Applicable,0,1,25–48 months,70+,$70–$89.99,Premium Value,5,1,No Referrals,Higher Contract Risk,3,High,118.11,Multi-Service,0.4530932475866449,True,True,False,False,False,True,True,False,High-value outreach,1,Dedicated retention specialist and personalized value-protection review,75.0
0644-OQMDK,Male,69,No,Yes,No,No,0,United States,California,Merced,95348,37.40122,-120.514191,23100,Q3,No,0,4,Offer E,Yes,6.18,No,Yes,Fiber Optic,12,No,No,No,No,No,No,No,Yes,Month-to-Month,Yes,Bank Withdrawal,70.65,293.85,0.0,0,24.72,318.57,4,Stayed,No,34,4510,Not Applicable,Not Applicable,0,1,1–6 months,60–69,$70–$89.99,Core Value,3,0,No Referrals,Higher Contract Risk,4,Very High,79.64,Basic Relationship,0.753177977003963,True,False,True,True,False,True,True,False,Early fiber assurance,2,"First-90-day fiber service-health check, rapid issue resolution, and plan review",40.0
2378-HTWFW,Male,78,No,Yes,No,No,0,United States,California,Newman,95360,37.343846,-121.039391,8504,Q3,No,0,35,No Offer,Yes,26.19,Yes,Yes,Fiber Optic,19,Yes,No,No,No,No,Yes,No,No,Month-to-Month,No,Credit Card,91.0,3180.5,0.0,40,916.65,4137.15,3,Stayed,No,35,5527,Not Applicable,Not Applicable,0,1,25–48 months,70+,$90+,Premium Value,4,1,No Referrals,Higher Contract Risk,4,Very High,118.2,Basic Relationship,0.3652007930603788,True,True,False,False,True,True,True,False,High-value outreach,1,Dedicated retention specialist and personalized value-protection review,75.0
0439-IFYUN,Female,78,No,Yes,No,No,0,United States,California,Escondido,92027,33.141265,-116.967221,48690,Q3,No,0,18,Offer D,Yes,21.09,No,Yes,Fiber Optic,18,No,Yes,No,No,No,No,No,No,Month-to-Month,Yes,Bank Withdrawal,74.7,1294.6,0.0,20,379.62,1694.22,4,Stayed,No,62,3896,Not Applicable,Not Applicable,0,1,13–24 months,70+,$70–$89.99,Core Value,3,1,No Referrals,Higher Contract Risk,3,High,94.12,Basic Relationship,0.4018302378556765,True,False,False,False,False,True,True,False,Fiber quality and contract,5,Fiber diagnostics followed by a value-led contract-upgrade incentive,50.0
6458-CYIDZ,Female,72,No,Yes,No,No,0,United States,California,Albion,95410,39.225694,-123.717354,1054,Q3,No,0,5,Offer E,Yes,36.27,No,Yes,Fiber Optic,17,Yes,Yes,No,No,No,No,No,Yes,Month-to-Month,No,Bank Withdrawal,80.7,374.8,0.0,0,181.35,556.15,4,Stayed,No,51,3468,Not Applicable,Not Applicable,0,1,1–6 months,70+,$70–$89.99,Emerging Value,5,2,No Referrals,Higher Contract Risk,4,Very High,111.23,Protection Engaged,0.579751705712929,True,False,True,True,False,True,True,False,Early fiber assurance,2,"First-90-day fiber service-health check, rapid issue resolution, and plan review",40.0
1932-UEDCX,Male,79,No,Yes,Yes,No,0,United States,California,Manchester,95459,38.966713,-123.586412,586,Q3,Yes,6,33,No Offer,Yes,44.1,Yes,Yes,Fiber Optic,22,No,Yes,No,No,Yes,Yes,No,Yes,Month-to-Month,Yes,Bank Withdrawal,100.6,3270.25,0.0,0,1455.3,4725.55,4,Stayed,No,55,3669,Not Applicable,Not Applicable,0,1,25–48 months,70+,$90+,Core Value,6,1,6+ Referrals,Higher Contract Risk,4,Very High,143.2,Advocate,0.3384397151928759,True,False,False,False,True,True,True,False,Senior assistance,4,"Accessible bill review, assisted support, and service-fit consultation",20.0
5331-RGMTT,Male,67,No,Yes,Yes,No,0,United States,California,Point Arena,95468,38.911299,-123.609588,1352,Q3,No,0,54,No Offer,Yes,38.48,Yes,Yes,Fiber Optic,13,No,No,Yes,No,Yes,Yes,No,No,Month-to-Month,Yes,Credit Card,99.05,5295.7,0.0,40,2077.92,7413.62,5,Stayed,No,34,4011,Not Applicable,Not Applicable,0,1,49–72 months,60–69,$90+,Core Value,5,1,No Referrals,Higher Contract Risk,4,Very High,137.29,Multi-Service,0.8093587501073041,True,False,False,False,True,True,True,False,Senior assistance,4,"Accessible bill review, assisted support, and service-fit consultation",20.0
6048-QBXKL,Female,68,No,Yes,No,No,0,United States,California,Madison,95653,38.674276,-121.961866,844,Q3,No,0,2,Offer E,Yes,31.74,Yes,Yes,DSL,25,No,Yes,No,No,No,No,No,Yes,Month-to-Month,Yes,Credit Card,56.55,118.25,0.0,0,63.48,181.73,4,Joined,No,33,2069,Not Applicable,Not Applicable,0,1,1–6 months,60–69,$35–$69.99,Emerging Value,4,1,No Referrals,Higher Contract Risk,3,High,90.86,Basic Relationship,0.5396273283317626,True,False,False,True,False,False,True,False,Early onboarding,3,Structured 30/60/90-day onboarding support and service education,25.0
2974-GGUXS,Female,74,No,Yes,Yes,No,0,United States,California,Granite Bay,95746,38.749466,-121.184196,20675,Q3,No,0,36,Offer C,Yes,11.32,Yes,Yes,Fiber Optic,16,No,Yes,No,No,Yes,No,No,Yes,Month-to-Month,Yes,Credit Card,91.95,3301.05,17.76,0,407.52,3690.81,5,Stayed,No,48,3273,Not Applicable,Not Applicable,0,1,25–48 months,70+,$90+,Emerging Value,5,1,No Referrals,Higher Contract Risk,4,Very High,102.52,Multi-Service,0.785346010114543,True,False,False,False,True,True,True,False,Senior assistance,4,"Accessible bill review, assisted support, and service-fit consultation",20.0
3256-EZDBI,Male,71,No,Yes,Yes,No,0,United States,California,Greenville,95947,40.160386,-120.835428,2064,Q3,Yes,1,51,Offer B,No,0.0,No,Yes,DSL,21,No,Yes,No,No,No,No,No,Yes,Month-to-Month,Yes,Credit Card,29.45,1459.35,0.0,0,0.0,1459.35,4,Stayed,No,80,6285,Not Applicable,Not Applicable,0,1,49–72 months,70+,Under $35,Premium Value,3,1,1–2 Referrals,Higher Contract Risk,2,Elevated,28.61,Advocate,0.3268936684806702,True,False,False,False,False,False,True,False,Support bundle and contract,6,Time-limited premium-support bundle with a longer-contract value option,45.0
6969-MVBAI,Female,66,No,Yes,No,No,0,United States,California,Davis Creek,96108,41.750354,-120.403885,104,Q3,No,0,9,Offer E,Yes,40.0,Yes,Yes,Fiber Optic,4,No,No,Yes,No,Yes,No,No,Yes,Month-to-Month,Yes,Bank Withdrawal,90.1,816.8,0.0,0,360.0,1176.8,5,Stayed,No,48,2893,Not Applicable,Not Applicable,0,1,7–12 months,60–69,$90+,Emerging Value,5,1,No Referrals,Higher Contract Risk,5,Very High,130.76,Multi-Service,0.846679428481507,True,False,True,False,True,True,True,False,Early fiber assurance,2,"First-90-day fiber service-health check, rapid issue resolution, and plan review",40.0
7426-GSWPO,Male,78,No,Yes,No,No,0,United States,California,Portola,96122,39.786755,-120.445626,4236,Q3,No,0,64,Offer B,Yes,19.2,Yes,Yes,Fiber Optic,18,Yes,Yes,No,No,Yes,Yes,Yes,Yes,Month-to-Month,Yes,Bank Withdrawal,103.5,6548.65,0.0,0,1228.8,7777.45,3,Stayed,No,63,5125,Not Applicable,Not Applicable,0,1,49–72 months,70+,$90+,High Value,8,2,No Referrals,Higher Contract Risk,4,Very High,121.52,Protection Engaged,0.340492744874593,True,True,False,False,True,True,True,False,High-value outreach,1,Dedicated retention specialist and personalized value-protection review,75.0
1226-IENZN,Male,68,No,Yes,No,No,0,United States,California,Los Angeles,90024,34.066303,-118.435479,44150,Q3,No,0,16,Offer D,Yes,39.52,No,Yes,Fiber Optic,17,No,No,No,No,No,Yes,Yes,Yes,Month-to-Month,Yes,Bank Withdrawal,78.75,1218.25,0.0,0,632.32,1850.57,4,Stayed,No,74,4351,Not Applicable,Not Applicable,0,1,13–24 months,60–69,$70–$89.99,Core Value,5,0,No Referrals,Higher Contract Risk,3,High,115.66,Multi-Service,0.5241835222420125,True,False,False,False,False,True,True,False,Fiber quality and contract,5,Fiber diagnostics followed by a value-led contract-upgrade incentive,50.0
3411-WLRSQ,Female,80,No,Yes,Yes,No,0,United States,California,Los Angeles,90038,34.088017,-118.327168,32562,Q3,Yes,3,3,Offer E,Yes,39.51,No,Yes,Fiber Optic,17,No,Yes,No,No,No,No,No,No,Month-to-Month,Yes,Bank Withdrawal,74.6,239.05,0.0,30,118.53,387.58,5,Joined,No,57,3711,Not Applicable,Not Applicable,0,1,1–6 months,70+,$70–$89.99,Core Value,3,1,3–5 Referrals,Higher Contract Risk,4,Very High,129.19,Advocate,0.7125907169003239,True,False,True,True,False,True,True,False,Early fiber assurance,2,"First-90-day fiber service-health check, rapid issue resolution, and plan review",40.0
3588-WSTTJ,Female,78,No,Yes,No,No,0,United States,California,Los Angeles,90077,34.102084,-118.451629,10470,Q3,No,0,35,Offer C,Yes,31.64,Yes,Yes,Fiber Optic,7,Yes,No,No,No,Yes,Yes,Yes,Yes,Month-to-Month,Yes,Bank Withdrawal,99.05,3554.6,0.0,0,1107.4,4662.0,4,Stayed,No,63,3484,Not Applicable,Not Applicable,0,1,25–48 months,70+,$90+,Core Value,7,1,No Referrals,Higher Contract Risk,4,Very High,133.2,Multi-Service,0.5533116698882992,True,False,False,False,True,True,True,False,Senior assistance,4,"Accessible bill review, assisted support, and service-fit consultation",20.0
3798-EPWRR,Female,74,No,Yes,No,No,0,United States,California,Beverly Hills,90212,34.062095,-118.401508,11355,Q3,No,0,2,Offer E,Yes,19.09,No,Yes,DSL,30,No,No,No,No,No,No,No,Yes,Month-to-Month,No,Bank Withdrawal,43.95,85.1,0.0,0,38.18,123.28,5,Joined,No,55,4057,Not Applicable,Not Applicable,0,1,1–6 months,70+,$35–$69.99,Core Value,3,0,No Referrals,Higher Contract Risk,3,High,61.64,Basic Relationship,0.4638096828695187,True,False,False,True,False,False,True,False,Early onboarding,3,Structured 30/60/90-day onboarding support and service education,25.0
4989-LIXVT,Male,66,No,Yes,No,No,0,United States,California,Santa Monica,90404,34.026334,-118.474222,19975,Q3,No,0,68,No Offer,Yes,19.67,Yes,Yes,Fiber Optic,28,No,Yes,Yes,No,No,Yes,No,Yes,Month-to-Month,Yes,Bank Withdrawal,95.9,6503.2,0.0,0,1337.56,7840.76,3,Stayed,No,68,5080,Not Applicable,Not Applicable,0,1,49–72 months,60–69,$90+,High Value,6,2,No Referrals,Higher Contract Risk,4,Very High,115.31,Protection Engaged,0.3996866362692518,True,True,False,False,True,True,True,False,High-value outreach,1,Dedicated retention specialist and personalized value-protection review,75.0
0749-IRGQE,Female,68,No,Yes,Yes,No,0,United States,California,Buena Park,90621,33.874224,-117.993368,33528,Q3,Yes,5,13,No Offer,No,0.0,No,Yes,DSL,9,No,No,No,No,Yes,Yes,No,Yes,Month-to-Month,No,Bank Withdrawal,45.3,528.45,0.0,0,0.0,528.45,4,Stayed,No,48,4118,Not Applicable,Not Applicable,0,1,13–24 months,60–69,$35–$69.99,Core Value,4,0,3–5 Referrals,Higher Contract Risk,2,Elevated,40.65,Advocate,0.3592282007663137,True,False,False,False,False,False,True,False,Support bundle and contract,6,Time-limited premium-support bundle with a longer-contract value option,45.0
2267-WTPYD,Female,77,No,Yes,Yes,No,0,United States,California,Granada Hills,91344,34.291273,-118.505104,48867,Q3,Yes,1,57,No Offer,Yes,23.05,Yes,Yes,Fiber Optic,30,No,Yes,Yes,No,No,Yes,No,Yes,Month-to-Month,No,Credit Card,94.0,5438.95,0.0,0,1313.85,6752.8,5,Stayed,No,49,6015,Not Applicable,Not Applicable,0,1,49–72 months,70+,$90+,Premium Value,6,2,1–2 Referrals,Higher Contract Risk,4,Very High,118.47,Advocate,0.5142555834990188,True,True,False,False,True,True,True,False,High-value outreach,1,Dedicated retention specialist and personalized value-protection review,75.0
9129-UXERG,Female,65,No,Yes,No,No,0,United States,California,Van Nuys,91405,34.202494,-118.448048,51348,Q3,No,0,18,No Offer,Yes,1.27,Yes,Yes,Fiber Optic,3,No,Yes,No,Yes,Yes,Yes,Yes,No,Month-to-Month,Yes,Credit Card,103.6,1806.35,0.0,10,22.86,1839.21,4,Stayed,No,73,2094,Not Applicable,Not Applicable,0,1,13–24 months,60–69,$90+,Emerging Value,7,2,No Referrals,Higher Contract Risk,3,High,102.18,Protection Engaged,0.5610088283567504,True,False,False,False,True,True,False,False,Senior assistance,4,"Accessible bill review, assisted support, and service-fit consultation",20.0
6229-LSCKB,Male,69,No,Yes,No,No,0,United States,California,Encino,91436,34.152875,-118.486056,13129,Q3,No,0,6,Offer E,Yes,48.32,No,Yes,Fiber Optic,11,No,No,No,No,Yes,No,No,Yes,Month-to-Month,Yes,Bank Withdrawal,79.7,497.6,0.0,0,289.92,787.52,5,Stayed,No,44,2893,Not Applicable,Not Applicable,0,1,1–6 months,60–69,$70–$89.99,Emerging Value,4,0,No Referrals,Higher Contract Risk,4,Very High,131.25,Basic Relationship,0.7937062321383412,True,False,True,True,False,True,True,False,Early fiber assurance,2,"First-90-day fiber service-health check, rapid issue resolution, and plan review",40.0
6127-IYJOZ,Male,71,No,Yes,No,No,0,United States,California,Studio City,91604,34.139082,-118.39275,26157,Q3,No,0,1,No Offer,Yes,40.38,No,Yes,DSL,6,No,No,No,No,No,No,No,Yes,Month-to-Month,Yes,Credit Card,45.85,45.85,0.0,0,40.38,86.23,5,Joined,No,56,5715,Not Applicable,Not Applicable,0,1,1–6 months,70+,$35–$69.99,Premium Value,3,0,No Referrals,Higher Contract Risk,3,High,86.23,Basic Relationship,0.4193114174480877,True,True,False,True,False,False,True,False,High-value outreach,1,Dedicated retention specialist and personalized value-protection review,75.0
4690-PKDQG,Female,66,No,Yes,Yes,No,0,United States,California,San Diego,92102,32.716007,-117.117462,47140,Q3,Yes,3,42,No Offer,Yes,22.89,Yes,Yes,Fiber Optic,12,No,Yes,Yes,No,Yes,No,No,Yes,Month-to-Month,Yes,Bank Withdrawal,95.55,3930.6,0.0,0,961.38,4891.98,3,Stayed,No,26,4121,Not Applicable,Not Applicable,0,1,25–48 months,60–69,$90+,Core Value,6,2,3–5 Referrals,Higher Contract Risk,4,Very High,116.48,Advocate,0.5986386954281844,True,False,False,False,True,True,True,True,Senior assistance,4,"Accessible bill review, assisted support, and service-fit consultation",20.0
7789-CRUVC,Female,77,No,Yes,Yes,No,0,United States,California,San Diego,92107,32.741852,-117.243453,27959,Q3,Yes,1,61,No Offer,Yes,33.75,Yes,Yes,Fiber Optic,29,Yes,Yes,Yes,Yes,No,No,No,Yes,Month-to-Month,Yes,Credit Card,94.2,5895.45,0.0,0,2058.75,7954.2,3,Stayed,No,76,5274,Not Applicable,Not Applicable,0,1,49–72 months,70+,$90+,High Value,7,4,1–2 Referrals,Higher Contract Risk,3,High,130.4,Advocate,0.3297865729551532,True,True,False,False,True,True,False,True,High-value outreach,1,Dedicated retention specialist and personalized value-protection review,75.0
1035-IPQPU,Female,77,No,Yes,Yes,No,0,United States,California,Parker Dam,92267,34.273872,-114.192901,131,Q3,Yes,2,63,No Offer,Yes,18.14,Yes,Yes,Fiber Optic,2,No,Yes,Yes,No,Yes,Yes,Yes,Yes,Month-to-Month,Yes,Bank Withdrawal,103.5,6479.4,0.0,0,1142.82,7622.22,4,Stayed,No,53,5187,Not Applicable,Not Applicable,0,1,49–72 months,70+,$90+,High Value,8,2,1–2 Referrals,Higher Contract Risk,4,Very High,120.99,Advocate,0.6267174057701635,True,True,False,False,True,True,True,False,High-value outreach,1,Dedicated retention specialist and personalized value-protection review,75.0
2235-DWLJU,Female,75,No,Yes,No,No,0,United States,California,Thousand Palms,92276,33.849263,-116.382778,6242,Q3,No,0,6,No Offer,No,0.0,No,Yes,DSL,24,No,No,No,No,Yes,Yes,Yes,Yes,Month-to-Month,Yes,Bank Withdrawal,44.4,263.05,0.0,0,0.0,263.05,5,Stayed,No,71,4611,Not Applicable,Not Applicable,0,1,1–6 months,70+,$35–$69.99,High Value,5,0,No Referrals,Higher Contract Risk,3,High,43.84,Multi-Service,0.6899069722747874,True,True,False,True,False,False,True,False,High-value outreach,1,Dedicated retention specialist and personalized value-protection review,75.0
7590-VHVEG,Female,36,No,No,Yes,No,0,United States,California,Los Angeles,90001,33.973616,-118.24902,54492,Q3,No,0,1,Offer E,No,0.0,No,Yes,DSL,10,No,Yes,No,No,No,No,No,Yes,Month-to-Month,Yes,Bank Withdrawal,29.85,29.85,0.0,0,0.0,29.85,3,Joined,No,27,3964,Not Applicable,Not Applicable,0,1,1–6 months,30–44,Under $35,Core Value,3,1,No Referrals,Higher Contract Risk,3,High,29.85,Basic Relationship,0.8953178213174429,True,False,False,True,False,False,True,False,Early onboarding,3,Structured 30/60/90-day onboarding support and service education,25.0
6713-OKOMC,Female,42,No,No,No,No,0,United States,California,Los Angeles,90008,34.008293,-118.346766,30852,Q3,No,0,10,Offer D,No,0.0,No,Yes,DSL,8,Yes,No,No,No,No,No,No,Yes,Month-to-Month,No,Mailed Check,29.75,301.9,0.0,0,0.0,301.9,3,Stayed,No,51,2013,Not Applicable,Not Applicable,0,1,7–12 months,30–44,Under $35,Emerging Value,3,1,No Referrals,Higher Contract Risk,3,High,30.19,Basic Relationship,0.3805855910837641,True,False,False,False,False,False,True,False,Support bundle and contract,6,Time-limited premium-support bundle with a longer-contract value option,45.0
9763-GRSKD,Male,37,No,No,Yes,Yes,2,United States,California,Los Angeles,90012,34.065875,-118.238728,30596,Q3,Yes,1,13,Offer D,Yes,29.68,No,Yes,DSL,22,Yes,No,No,No,No,No,No,No,Month-to-Month,Yes,Mailed Check,49.95,587.45,0.0,150,385.84,1123.29,3,Stayed,No,76,5764,Not Applicable,Not Applicable,0,1,13–24 months,30–44,$35–$69.99,Premium Value,3,1,1–2 Referrals,Higher Contract Risk,2,Elevated,86.41,Advocate,0.361422879417685,True,False,False,False,False,False,True,False,Support bundle and contract,6,Time-limited premium-support bundle with a longer-contract value option,45.0
5129-JLPIS,Male,27,Yes,No,No,No,0,United States,California,Los Angeles,90016,34.028331,-118.354338,46984,Q3,No,0,25,No Offer,Yes,10.4,No,Yes,Fiber Optic,48,Yes,No,Yes,Yes,Yes,Yes,Yes,Yes,Month-to-Month,Yes,Bank Withdrawal,105.5,2686.05,0.0,0,260.0,2946.05,3,Stayed,No,75,5822,Not Applicable,Not Applicable,0,1,25–48 months,19–29,$90+,Premium Value,9,3,No Referrals,Higher Contract Risk,3,High,117.84,Protection Engaged,0.5335592874680773,True,True,False,False,False,True,False,False,High-value outreach,1,Dedicated retention specialist and personalized value-protection review,75.0
4183-MYFRB,Female,30,No,No,No,No,0,United States,California,Los Angeles,90021,34.029043,-118.239504,3012,Q3,No,0,21,Offer D,Yes,6.49,No,Yes,Fiber Optic,73,No,Yes,Yes,No,No,Yes,Yes,No,Month-to-Month,Yes,Bank Withdrawal,90.05,1862.9,0.0,30,136.29,2029.19,3,Stayed,No,57,5982,Not Applicable,Not Applicable,0,1,13–24 months,30–44,$90+,Premium Value,6,2,No Referrals,Higher Contract Risk,4,Very High,96.63,Protection Engaged,0.4413922168159082,True,True,False,False,False,True,True,False,High-value outreach,1,Dedicated retention specialist and personalized value-protection review,75.0
4080-IIARD,Female,42,No,No,Yes,No,0,United States,California,Los Angeles,90047,33.958149,-118.308441,47107,Q3,Yes,1,13,Offer D,Yes,11.79,Yes,Yes,DSL,29,Yes,Yes,No,Yes,Yes,No,No,Yes,Month-to-Month,Yes,Bank Withdrawal,76.2,981.45,0.0,0,153.27,1134.72,5,Stayed,No,41,2569,Not Applicable,Not Applicable,0,1,13–24 months,30–44,$70–$89.99,Emerging Value,7,3,1–2 Referrals,Higher Contract Risk,1,Lower,87.29,Advocate,0.5321056163980143,True,False,False,False,False,False,False,False,Competitor-response retention,8,"Personalized device, data, speed, or value response based on customer needs",55.0
3714-NTNFO,Female,49,No,No,No,No,0,United States,California,Los Angeles,90048,34.072945,-118.37267,21739,Q3,No,0,49,Offer B,Yes,27.2,Yes,Yes,Fiber Optic,24,No,No,No,No,No,Yes,Yes,Yes,Month-to-Month,Yes,Bank Withdrawal,84.5,3906.7,0.0,0,1332.8,5239.5,5,Stayed,No,71,6434,Not Applicable,Not Applicable,0,1,49–72 months,45–59,$70–$89.99,Premium Value,5,0,No Referrals,Higher Contract Risk,3,High,106.93,Multi-Service,0.4708941096545211,True,True,False,False,False,True,True,False,High-value outreach,1,Dedicated retention specialist and personalized value-protection review,75.0
0434-CSFON,Female,34,No,No,Yes,No,0,United States,California,Los Angeles,90071,34.052917,-118.255178,21,Q3,Yes,3,47,Offer B,Yes,38.15,Yes,Yes,Fiber Optic,14,No,No,Yes,No,Yes,Yes,Yes,Yes,Month-to-Month,Yes,Bank Withdrawal,100.5,4707.1,0.0,0,1793.05,6500.15,3,Stayed,No,70,4488,Not Applicable,Not Applicable,0,1,25–48 months,30–44,$90+,Core Value,7,1,3–5 Referrals,Higher Contract Risk,4,Very High,138.3,Advocate,0.6229498265358497,True,False,False,False,False,True,True,False,Fiber quality and contract,5,Fiber diagnostics followed by a value-led contract-upgrade incentive,50.0
1215-FIGMP,Male,27,Yes,No,No,No,0,United States,California,Los Angeles,90077,34.102084,-118.451629,10470,Q3,No,0,60,Offer B,Yes,42.88,Yes,Yes,Fiber Optic,52,No,Yes,No,No,Yes,No,No,Yes,Month-to-Month,Yes,Bank Withdrawal,89.9,5450.7,0.0,0,2572.8,8023.5,3,Stayed,No,35,6292,Not Applicable,Not Applicable,0,1,49–72 months,19–29,$70–$89.99,Premium Value,5,1,No Referrals,Higher Contract Risk,3,High,133.72,Multi-Service,0.3671407670151559,True,True,False,False,False,True,True,False,High-value outreach,1,Dedicated retention specialist and personalized value-protection review,75.0
5122-CYFXA,Female,53,No,No,No,No,0,United States,California,Beverly Hills,90212,34.062095,-118.401508,11355,Q3,No,0,3,Offer E,Yes,38.99,No,Yes,DSL,20,No,Yes,No,Yes,Yes,Yes,Yes,Yes,Month-to-Month,Yes,Bank Withdrawal,75.3,244.1,0.0,0,116.97,361.07,3,Joined,No,35,5387,Not Applicable,Not Applicable,0,1,1–6 months,45–59,$70–$89.99,Premium Value,8,2,No Referrals,Higher Contract Risk,2,Elevated,120.36,Protection Engaged,0.6149573882980162,True,False,False,True,False,False,False,False,Early onboarding,3,Structured 30/60/90-day onboarding support and service education,25.0
7410-OIEDU,Male,29,Yes,No,No,No,0,United States,California,Culver City,90230,33.993991,-118.39704,31963,Q3,No,0,10,No Offer,Yes,48.38,No,Yes,Fiber Optic,42,Yes,No,Yes,No,No,No,No,Yes,Month-to-Month,Yes,Credit Card,79.85,887.35,0.0,0,483.8,1371.15,3,Stayed,No,38,5983,Not Applicable,Not Applicable,0,1,7–12 months,19–29,$70–$89.99,Premium Value,5,2,No Referrals,Higher Contract Risk,4,Very High,137.12,Protection Engaged,0.4521257049651359,True,True,True,False,False,True,True,False,High-value outreach,1,Dedicated retention specialist and personalized value-protection review,75.0
5590-ZSKRV,Female,62,No,No,Yes,Yes,1,United States,California,Gardena,90249,33.90139,-118.315697,26442,Q3,Yes,1,8,Offer E,Yes,38.78,No,Yes,DSL,18,Yes,Yes,No,No,No,No,No,Yes,Month-to-Month,No,Credit Card,54.65,482.25,0.0,0,310.24,792.49,3,Stayed,No,43,5614,Not Applicable,Not Applicable,0,1,7–12 months,60–69,$35–$69.99,Premium Value,5,2,1–2 Referrals,Higher Contract Risk,3,High,99.06,Advocate,0.3480659204367133,True,True,False,False,False,False,True,False,High-value outreach,1,Dedicated retention specialist and personalized value-protection review,75.0
8108-UXRQN,Female,23,Yes,No,Yes,Yes,1,United States,California,Lawndale,90260,33.88856,-118.351813,33300,Q3,Yes,1,11,No Offer,No,0.0,No,Yes,Cable,41,Yes,No,No,No,Yes,Yes,Yes,Yes,Month-to-Month,No,Bank Withdrawal,50.55,565.35,0.0,0,0.0,565.35,3,Stayed,No,28,3443,Not Applicable,Not Applicable,0,1,7–12 months,19–29,$35–$69.99,Emerging Value,6,1,1–2 Referrals,Higher Contract Risk,3,High,51.4,Advocate,0.6623753342564014,True,False,False,False,False,False,True,False,Support bundle and contract,6,Time-limited premium-support bundle with a longer-contract value option,45.0
9919-YLNNG,Female,38,No,No,No,No,0,United States,California,Malibu,90263,34.037037,-118.705803,11,Q3,No,0,42,Offer B,Yes,40.15,No,Yes,Fiber Optic,28,No,Yes,Yes,Yes,Yes,Yes,Yes,No,Month-to-Month,Yes,Bank Withdrawal,103.8,4327.5,0.0,110,1686.3,6123.8,4,Stayed,No,37,4005,Not Applicable,Not Applicable,0,1,25–48 months,30–44,$90+,Core Value,8,3,No Referrals,Higher Contract Risk,3,High,145.8,Protection Engaged,0.4466512708965136,True,False,False,False,False,True,False,False,Fiber quality and contract,5,Fiber diagnostics followed by a value-led contract-upgrade incentive,50.0
4445-ZJNMU,Male,30,No,No,No,No,0,United States,California,Manhattan Beach,90266,33.889632,-118.39737,33758,Q3,No,0,9,Offer E,Yes,4.81,Yes,Yes,Fiber Optic,69,No,Yes,No,No,Yes,Yes,Yes,Yes,Month-to-Month,Yes,Credit Card,99.3,918.75,0.0,0,43.29,962.04,3,Stayed,No,69,3540,Not Applicable,Not Applicable,0,1,7–12 months,30–44,$90+,Core Value,7,1,No Referrals,Higher Contract Risk,5,Very High,106.89,Multi-Service,0.7540539493973962,True,False,True,False,False,True,True,False,Early fiber assurance,2,"First-90-day fiber service-health check, rapid issue resolution, and plan review",40.0
6067-NGCEU,Female,50,No,No,No,No,0,United States,California,Topanga,90290,34.115192,-118.61017,5451,Q3,No,0,65,No Offer,Yes,41.78,Yes,Yes,Fiber Optic,14,Yes,Yes,Yes,No,Yes,Yes,Yes,Yes,Month-to-Month,Yes,Credit Card,111.05,7107.0,0.0,0,2715.7,9822.7,4,Stayed,No,38,5261,Not Applicable,Not Applicable,0,1,49–72 months,45–59,$90+,High Value,9,3,No Referrals,Higher Contract Risk,4,Very High,151.12,Protection Engaged,0.3341728058296293,True,True,False,False,False,True,True,False,High-value outreach,1,Dedicated retention specialist and personalized value-protection review,75.0
6180-YBIQI,Male,35,No,No,No,No,0,United States,California,Santa Monica,90404,34.026334,-118.474222,19975,Q3,No,0,5,Offer E,No,0.0,No,Yes,DSL,21,No,No,No,No,No,No,No,Yes,Month-to-Month,No,Credit Card,24.3,100.2,0.0,0,0.0,100.2,3,Stayed,No,61,4015,Not Applicable,Not Applicable,0,1,1–6 months,30–44,Under $35,Core Value,2,0,No Referrals,Higher Contract Risk,3,High,20.04,Basic Relationship,0.4369941572083485,True,False,False,True,False,False,True,False,Early onboarding,3,Structured 30/60/90-day onboarding support and service education,25.0
6728-DKUCO,Female,25,Yes,No,Yes,No,0,United States,California,Santa Monica,90405,34.005439,-118.477507,26099,Q3,Yes,1,72,Offer A,Yes,25.82,Yes,Yes,Fiber Optic,59,Yes,Yes,No,No,Yes,Yes,Yes,Yes,One Year,Yes,Bank Withdrawal,104.15,7303.05,0.0,0,1859.04,9162.09,3,Stayed,No,21,4594,Not Applicable,Not Applicable,0,1,49–72 months,19–29,$90+,High Value,8,2,1–2 Referrals,Moderate Contract Risk,3,High,127.25,Advocate,0.4286520359853415,True,True,False,False,False,False,False,False,High-value outreach,1,Dedicated retention specialist and personalized value-protection review,75.0
5712-AHQNN,Female,36,No,No,No,No,0,United States,California,Whittier,90601,34.007353,-118.033683,32050,Q3,No,0,43,No Offer,Yes,26.55,No,Yes,Fiber Optic,12,No,Yes,Yes,No,Yes,No,No,Yes,Month-to-Month,Yes,Bank Withdrawal,91.65,3954.1,0.0,0,1141.65,5095.75,5,Stayed,No,65,3826,Not Applicable,Not Applicable,0,1,25–48 months,30–44,$90+,Core Value,6,2,No Referrals,Higher Contract Risk,4,Very High,118.51,Protection Engaged,0.5263324104338988,True,False,False,False,False,True,True,False,Fiber quality and contract,5,Fiber diagnostics followed by a value-led contract-upgrade incentive,50.0
3071-VBYPO,Male,38,No,No,Yes,Yes,2,United States,California,Whittier,90604,33.929704,-118.01208,37887,Q3,Yes,1,3,Offer E,Yes,33.3,No,Yes,Fiber Optic,12,Yes,Yes,No,No,Yes,No,No,Yes,Month-to-Month,No,Bank Withdrawal,89.85,248.4,0.0,0,99.9,348.3,3,Joined,No,22,4648,Not Applicable,Not Applicable,0,1,1–6 months,30–44,$70–$89.99,High Value,6,2,1–2 Referrals,Higher Contract Risk,4,Very High,116.1,Advocate,0.6293423013334732,True,True,True,True,False,True,True,False,High-value outreach,1,Dedicated retention specialist and personalized value-protection review,75.0
9445-ZUEQE,Male,33,No,No,Yes,Yes,1,United States,California,Buena Park,90621,33.874224,-117.993368,33528,Q3,Yes,1,27,Offer C,Yes,48.17,Yes,Yes,Fiber Optic,15,No,Yes,No,Yes,No,No,No,No,Month-to-Month,Yes,Credit Card,85.2,2151.6,0.0,30,1300.59,3482.19,3,Stayed,No,28,3796,Not Applicable,Not Applicable,0,1,25–48 months,30–44,$70–$89.99,Core Value,4,2,1–2 Referrals,Higher Contract Risk,2,Elevated,128.97,Advocate,0.4131530076833897,True,False,False,False,False,True,False,False,Fiber quality and contract,5,Fiber diagnostics followed by a value-led contract-upgrade incentive,50.0
1091-SOZGA,Female,27,Yes,No,Yes,No,0,United States,California,La Palma,90623,33.850504,-118.039892,15505,Q3,Yes,1,56,No Offer,Yes,42.37,Yes,Yes,Fiber Optic,71,No,No,Yes,No,Yes,Yes,Yes,Yes,One Year,Yes,Credit Card,99.8,5515.45,0.0,0,2372.72,7888.17,4,Stayed,No,43,4606,Not Applicable,Not Applicable,0,1,49–72 months,19–29,$90+,High Value,7,1,1–2 Referrals,Moderate Contract Risk,3,High,140.86,Advocate,0.3809288424938443,True,True,False,False,False,False,False,False,High-value outreach,1,Dedicated retention specialist and personalized value-protection review,75.0
2876-GZYZC,Female,49,No,No,No,No,0,United States,California,Cerritos,90703,33.8681,-118.067402,51556,Q3,No,0,13,No Offer,Yes,29.21,Yes,Yes,Fiber Optic,22,No,No,No,No,No,Yes,Yes,Yes,Month-to-Month,Yes,Bank Withdrawal,85.95,1215.65,0.0,0,379.73,1595.38,5,Stayed,No,58,5886,Not Applicable,Not Applicable,0,1,13–24 months,45–59,$70–$89.99,Premium Value,5,0,No Referrals,Higher Contract Risk,3,High,122.72,Multi-Service,0.7588270985267186,True,True,False,False,False,True,True,False,High-value outreach,1,Dedicated retention specialist and personalized value-protection review,75.0
7850-VWJUU,Female,37,No,No,No,No,0,United States,California,Lakewood,90715,33.841027,-118.078097,20890,Q3,No,0,23,No Offer,Yes,24.04,No,Yes,Fiber Optic,22,Yes,No,No,No,No,No,No,Yes,Month-to-Month,Yes,Bank Withdrawal,75.0,1778.5,0.0,0,552.92,2331.42,4,Stayed,No,29,2221,Not Applicable,Not Applicable,0,1,13–24 months,30–44,$70–$89.99,Emerging Value,4,1,No Referrals,Higher Contract Risk,3,High,101.37,Basic Relationship,0.4673944467751468,True,False,False,False,False,True,True,False,Fiber quality and contract,5,Fiber diagnostics followed by a value-led contract-upgrade incentive,50.0
3466-BYAVD,Male,50,No,No,Yes,Yes,1,United States,California,Long Beach,90802,33.752524,-118.210737,38427,Q3,Yes,1,15,No Offer,Yes,8.44,No,Yes,Cable,21,No,Yes,Yes,Yes,No,Yes,Yes,Yes,Month-to-Month,Yes,Credit Card,69.5,1071.4,0.0,0,126.6,1198.0,4,Stayed,No,35,3128,Not Applicable,Not Applicable,0,1,13–24 months,45–59,$35–$69.99,Emerging Value,8,3,1–2 Referrals,Higher Contract Risk,1,Lower,79.87,Advocate,0.4248722181541988,True,False,False,False,False,False,False,False,Competitor-response retention,8,"Personalized device, data, speed, or value response based on customer needs",55.0
3780-YVMFA,Female,33,No,No,Yes,Yes,1,United States,California,Long Beach,90803,33.760458,-118.129725,31352,Q3,Yes,1,8,No Offer,Yes,29.94,No,Yes,Cable,17,No,No,No,Yes,Yes,Yes,Yes,Yes,Month-to-Month,Yes,Bank Withdrawal,68.55,564.35,0.0,0,239.52,803.87,3,Stayed,No,58,3123,Not Applicable,Not Applicable,0,1,7–12 months,30–44,$35–$69.99,Emerging Value,7,1,1–2 Referrals,Higher Contract Risk,2,Elevated,100.48,Advocate,0.6549773368555233,True,False,False,False,False,False,False,False,Competitor-response retention,8,"Personalized device, data, speed, or value response based on customer needs",55.0
9167-APMXZ,Female,23,Yes,No,No,No,0,United States,California,Long Beach,90810,33.819814,-118.222416,35656,Q3,No,0,22,No Offer,Yes,19.2,Yes,Yes,Fiber Optic,41,No,No,No,No,Yes,No,No,No,Month-to-Month,Yes,Bank Withdrawal,84.15,1821.95,0.0,60,422.4,2304.35,3,Stayed,No,32,3549,Not Applicable,Not Applicable,0,1,13–24 months,19–29,$70–$89.99,Core Value,3,0,No Referrals,Higher Contract Risk,3,High,104.74,Basic Relationship,0.6801441405804205,True,False,False,False,False,True,True,False,Fiber quality and contract,5,Fiber diagnostics followed by a value-led contract-upgrade incentive,50.0
4482-EWFMI,Female,54,No,No,No,No,0,United States,California,Arcadia,91006,34.137319,-118.029837,30028,Q3,No,0,2,No Offer,Yes,15.67,No,Yes,Fiber Optic,8,No,No,No,No,No,No,No,Yes,Month-to-Month,Yes,Bank Withdrawal,69.7,135.2,0.0,0,31.34,166.54,5,Joined,No,43,3056,Not Applicable,Not Applicable,0,1,1–6 months,45–59,$35–$69.99,Emerging Value,3,0,No Referrals,Higher Contract Risk,4,Very High,83.27,Basic Relationship,0.6896570493411673,True,False,True,True,False,True,True,False,Early fiber assurance,2,"First-90-day fiber service-health check, rapid issue resolution, and plan review",40.0
6582-OIVSP,Female,25,Yes,No,No,No,0,United States,California,Glendale,91203,34.153338,-118.262974,14493,Q3,No,0,1,No Offer,Yes,47.36,No,Yes,Cable,41,No,No,No,No,No,No,No,Yes,Month-to-Month,No,Credit Card,45.3,45.3,0.0,0,47.36,92.66,5,Joined,No,48,3575,Not Applicable,Not Applicable,0,1,1–6 months,19–29,$35–$69.99,Core Value,3,0,No Referrals,Higher Contract Risk,3,High,92.66,Basic Relationship,0.3499899019152033,True,False,False,True,False,False,True,False,Early onboarding,3,Structured 30/60/90-day onboarding support and service education,25.0
8167-GJLRN,Male,19,Yes,No,No,No,0,United States,California,La Crescenta,91214,34.239636,-118.245259,29110,Q3,No,0,3,No Offer,No,0.0,No,Yes,DSL,59,No,No,No,Yes,No,No,No,Yes,Month-to-Month,No,Bank Withdrawal,30.4,82.15,0.0,0,0.0,82.15,4,Joined,No,55,3108,Not Applicable,Not Applicable,0,1,1–6 months,19–29,Under $35,Emerging Value,3,1,No Referrals,Higher Contract Risk,2,Elevated,27.38,Basic Relationship,0.3783103701551606,True,False,False,True,False,False,False,False,Early onboarding,3,Structured 30/60/90-day onboarding support and service education,25.0
2604-IJPDU,Female,32,No,No,Yes,No,0,United States,California,Encino,91316,34.150354,-118.518292,27614,Q3,No,0,20,Offer D,Yes,28.57,No,Yes,Fiber Optic,15,Yes,Yes,No,Yes,Yes,No,No,Yes,Month-to-Month,Yes,Bank Withdrawal,96.55,1901.65,0.0,0,571.4,2473.05,3,Stayed,No,36,4382,Not Applicable,Not Applicable,0,1,13–24 months,30–44,$90+,Core Value,7,3,No Referrals,Higher Contract Risk,3,High,123.65,Protection Engaged,0.7340172074781641,True,False,False,False,False,True,False,False,Fiber quality and contract,5,Fiber diagnostics followed by a value-led contract-upgrade incentive,50.0
6168-YBYNP,Male,19,Yes,No,No,No,0,United States,California,Newhall,91321,34.370378,-118.504118,30742,Q3,No,0,59,Offer B,Yes,48.12,Yes,Yes,Fiber Optic,51,No,Yes,Yes,Yes,Yes,Yes,Yes,Yes,Month-to-Month,Yes,Bank Withdrawal,111.35,6519.75,0.0,0,2839.08,9358.83,5,Stayed,No,62,6047,Not Applicable,Not Applicable,0,1,49–72 months,19–29,$90+,Premium Value,9,3,No Referrals,Higher Contract Risk,3,High,158.62,Protection Engaged,0.4041930872647071,True,True,False,False,False,True,False,False,High-value outreach,1,Dedicated retention specialist and personalized value-protection review,75.0
9323-HGFWY,Female,55,No,No,Yes,No,0,United States,California,Porter Ranch,91326,34.281911,-118.556218,28067,Q3,No,0,27,Offer C,Yes,20.02,No,Yes,Fiber Optic,27,Yes,No,No,Yes,Yes,Yes,Yes,Yes,One Year,Yes,Credit Card,101.9,2681.15,0.0,0,540.54,3221.69,3,Stayed,No,69,3795,Not Applicable,Not Applicable,0,1,25–48 months,45–59,$90+,Core Value,8,2,No Referrals,Moderate Contract Risk,2,Elevated,119.32,Protection Engaged,0.4462347843939445,True,False,False,False,False,False,False,False,Competitor-response retention,8,"Personalized device, data, speed, or value response based on customer needs",55.0
4195-NZGTA,Female,40,No,No,No,No,0,United States,California,Valencia,91354,34.457005,-118.573726,17846,Q3,No,0,1,No Offer,No,0.0,No,Yes,Cable,2,No,No,No,No,No,No,No,Yes,Month-to-Month,No,Bank Withdrawal,25.25,25.25,0.0,0,0.0,25.25,4,Joined,No,73,5858,Not Applicable,Not Applicable,0,1,1–6 months,30–44,Under $35,Premium Value,2,0,No Referrals,Higher Contract Risk,3,High,25.25,Basic Relationship,0.5703056231263527,True,True,False,True,False,False,True,False,High-value outreach,1,Dedicated retention specialist and personalized value-protection review,75.0
0699-NDKJM,Female,45,No,No,Yes,No,0,United States,California,Westlake Village,91361,34.130992,-118.894673,18735,Q3,Yes,1,57,Offer B,No,0.0,No,Yes,Cable,22,Yes,Yes,Yes,No,Yes,Yes,Yes,Yes,Month-to-Month,Yes,Bank Withdrawal,58.75,3437.45,0.0,0,0.0,3437.45,3,Stayed,No,38,4115,Not Applicable,Not Applicable,0,1,49–72 months,45–59,$35–$69.99,Core Value,8,3,1–2 Referrals,Higher Contract Risk,2,Elevated,60.31,Advocate,0.5212903657437056,True,False,False,False,False,False,True,False,Support bundle and contract,6,Time-limited premium-support bundle with a longer-contract value option,45.0
6496-JDSSB,Female,24,Yes,No,No,No,0,United States,California,Oak Park,91377,34.19225,-118.776874,14814,Q3,No,0,8,No Offer,Yes,39.92,No,Yes,Fiber Optic,73,No,No,No,No,Yes,No,No,Yes,Month-to-Month,Yes,Bank Withdrawal,80.0,624.6,0.0,0,319.36,943.96,4,Stayed,No,22,2165,Not Applicable,Not Applicable,0,1,7–12 months,19–29,$70–$89.99,Emerging Value,4,0,No Referrals,Higher Contract Risk,4,Very High,118.0,Basic Relationship,0.6869587385321237,True,False,True,False,False,True,True,False,Early fiber assurance,2,"First-90-day fiber service-health check, rapid issue resolution, and plan review",40.0
4811-JBUVU,Male,62,No,No,No,No,0,United States,California,Sherman Oaks,91423,34.146957,-118.432138,29387,Q3,No,0,30,No Offer,Yes,31.97,Yes,Yes,Fiber Optic,2,No,No,No,Yes,No,Yes,Yes,Yes,Month-to-Month,Yes,Credit Card,89.9,2723.15,0.0,0,959.1,3682.25,3,Stayed,No,33,3233,Not Applicable,Not Applicable,0,1,25–48 months,60–69,$70–$89.99,Emerging Value,6,1,No Referrals,Higher Contract Risk,2,Elevated,122.74,Multi-Service,0.4706881288496063,True,False,False,False,False,True,False,False,Fiber quality and contract,5,Fiber diagnostics followed by a value-led contract-upgrade incentive,50.0
1950-KSVVJ,Female,57,No,No,Yes,No,0,United States,California,Monterey Park,91754,34.050322,-118.147037,33280,Q3,Yes,1,45,Offer B,Yes,33.54,Yes,Yes,Fiber Optic,4,Yes,Yes,Yes,Yes,Yes,Yes,Yes,Yes,One Year,No,Mailed Check,113.3,5032.25,0.0,0,1509.3,6541.55,3,Stayed,No,61,4885,Not Applicable,Not Applicable,0,1,25–48 months,45–59,$90+,High Value,10,4,1–2 Referrals,Moderate Contract Risk,2,Elevated,145.37,Advocate,0.4161399419319761,True,False,False,False,False,False,False,False,Competitor-response retention,8,"Personalized device, data, speed, or value response based on customer needs",55.0
8645-KWHJO,Male,47,No,No,No,No,0,United States,California,San Gabriel,91776,34.089927,-118.095645,38041,Q3,No,0,14,Offer D,No,0.0,No,Yes,DSL,4,No,No,Yes,Yes,Yes,Yes,Yes,Yes,Month-to-Month,Yes,Bank Withdrawal,55.0,771.95,0.0,0,0.0,771.95,3,Stayed,No,23,4900,Not Applicable,Not Applicable,0,1,13–24 months,45–59,$35–$69.99,High Value,7,2,No Referrals,Higher Contract Risk,1,Lower,55.14,Protection Engaged,0.4730931013210124,True,False,False,False,False,False,False,False,Competitor-response retention,8,"Personalized device, data, speed, or value response based on customer needs",55.0
4130-MZLCC,Female,24,Yes,No,No,No,0,United States,California,Temple City,91780,34.101608,-118.055848,32718,Q3,No,0,5,No Offer,Yes,43.02,No,Yes,DSL,42,No,Yes,No,No,No,No,No,Yes,Month-to-Month,No,Bank Withdrawal,50.55,244.75,0.0,0,215.1,459.85,3,Stayed,No,54,2739,Not Applicable,Not Applicable,0,1,1–6 months,19–29,$35–$69.99,Emerging Value,4,1,No Referrals,Higher Contract Risk,3,High,91.97,Basic Relationship,0.3583108012886761,True,False,False,True,False,False,True,False,Early onboarding,3,Structured 30/60/90-day onboarding support and service education,25.0
0314-TKOSI,Female,29,Yes,No,No,No,0,United States,California,Upland,91784,34.141146,-117.655583,23331,Q3,No,0,6,Offer E,Yes,6.98,No,Yes,Cable,30,Yes,Yes,No,No,No,No,No,No,Month-to-Month,No,Mailed Check,55.15,322.9,0.0,0,41.88,364.78,4,Stayed,No,42,5377,Not Applicable,Not Applicable,0,1,1–6 months,19–29,$35–$69.99,High Value,4,2,No Referrals,Higher Contract Risk,3,High,60.8,Protection Engaged,0.5020956521632376,True,True,False,True,False,False,True,False,High-value outreach,1,Dedicated retention specialist and personalized value-protection review,75.0
2080-SRCDE,Female,21,Yes,No,No,Yes,1,United States,California,Walnut,91789,34.018354,-117.85492,45118,Q3,No,0,1,Offer E,Yes,32.73,Yes,No,No Internet,0,No,No,No,No,No,No,No,No,Month-to-Month,No,Mailed Check,25.4,25.4,0.0,0,32.73,58.13,3,Joined,No,38,4556,Not Applicable,Not Applicable,0,1,1–6 months,19–29,Under $35,High Value,1,0,No Referrals,Higher Contract Risk,3,High,58.13,Basic Relationship,0.3675822281961972,True,True,False,True,False,False,True,False,High-value outreach,1,Dedicated retention specialist and personalized value-protection review,75.0
8266-VBFQL,Male,55,No,No,No,No,0,United States,California,Jamul,91935,32.695681,-116.798386,8759,Q3,No,0,4,No Offer,Yes,31.92,No,Yes,Fiber Optic,4,No,No,Yes,Yes,No,Yes,Yes,Yes,Month-to-Month,Yes,Bank Withdrawal,90.4,356.65,0.0,0,127.68,484.33,3,Stayed,No,35,3314,Not Applicable,Not Applicable,0,1,1–6 months,45–59,$90+,Emerging Value,7,2,No Referrals,Higher Contract Risk,4,Very High,121.08,Protection Engaged,0.6963559311743365,True,False,True,True,False,True,False,False,Early fiber assurance,2,"First-90-day fiber service-health check, rapid issue resolution, and plan review",40.0
1098-TDVUQ,Female,34,No,No,No,No,0,United States,California,Spring Valley,91977,32.726627,-116.994608,56100,Q3,No,0,1,Offer E,Yes,9.44,No,No,No Internet,0,No,No,No,No,No,No,No,No,Month-to-Month,Yes,Bank Withdrawal,19.25,19.25,0.0,0,9.44,28.69,3,Joined,No,66,4745,Not Applicable,Not Applicable,0,1,1–6 months,30–44,Under $35,High Value,1,0,No Referrals,Higher Contract Risk,3,High,28.69,Basic Relationship,0.3621377559088936,True,True,False,True,False,False,True,False,High-value outreach,1,Dedicated retention specialist and personalized value-protection review,75.0
7277-OZCGZ,Female,40,No,No,No,No,0,United States,California,Spring Valley,91978,32.730264,-116.950963,7863,Q3,No,0,22,No Offer,Yes,6.0,No,Yes,Fiber Optic,8,Yes,No,No,Yes,No,Yes,Yes,Yes,Month-to-Month,Yes,Bank Withdrawal,89.05,1886.25,0.0,0,132.0,2018.25,3,Stayed,No,75,5479,Not Applicable,Not Applicable,0,1,13–24 months,30–44,$70–$89.99,Premium Value,7,2,No Referrals,Higher Contract Risk,2,Elevated,91.74,Protection Engaged,0.4551768567321478,True,False,False,False,False,True,False,False,Fiber quality and contract,5,Fiber diagnostics followed by a value-led contract-upgrade incentive,50.0
6745-JEFZB,Male,64,No,No,Yes,No,0,United States,California,El Cajon,92019,32.785165,-116.862648,40995,Q3,Yes,2,35,No Offer,Yes,23.85,Yes,Yes,Fiber Optic,10,No,No,No,Yes,Yes,No,No,No,Month-to-Month,Yes,Credit Card,91.5,3236.35,40.79,90,834.75,4120.31,4,Stayed,No,78,3617,Not Applicable,Not Applicable,0,1,25–48 months,60–69,$90+,Core Value,4,1,1–2 Referrals,Higher Contract Risk,3,High,117.72,Advocate,0.5583379893500331,True,False,False,False,False,True,False,False,Fiber quality and contract,5,Fiber diagnostics followed by a value-led contract-upgrade incentive,50.0
8705-WZCYL,Male,40,No,No,No,No,0,United States,California,Encinitas,92024,33.054579,-117.25665,47126,Q3,No,0,1,Offer E,Yes,27.46,No,Yes,DSL,26,No,No,No,No,No,No,No,Yes,Month-to-Month,Yes,Bank Withdrawal,44.8,44.8,0.0,0,27.46,72.26,4,Joined,No,31,2269,Not Applicable,Not Applicable,0,1,1–6 months,30–44,$35–$69.99,Emerging Value,3,0,No Referrals,Higher Contract Risk,3,High,72.26,Basic Relationship,0.5703412185133884,True,False,False,True,False,False,True,False,Early onboarding,3,Structured 30/60/90-day onboarding support and service education,25.0
4983-CLMLV,Female,30,No,No,Yes,No,0,United States,California,Escondido,92027,33.141265,-116.967221,48690,Q3,No,0,52,No Offer,Yes,44.34,Yes,Yes,Fiber Optic,71,No,Yes,No,Yes,Yes,Yes,Yes,Yes,Month-to-Month,Yes,Credit Card,102.7,5138.1,0.0,0,2305.68,7443.78,3,Stayed,No,63,4044,Not Applicable,Not Applicable,0,1,49–72 months,30–44,$90+,Core Value,8,2,No Referrals,Higher Contract Risk,3,High,143.15,Protection Engaged,0.6672924219261972,True,False,False,False,False,True,False,False,Fiber quality and contract,5,Fiber diagnostics followed by a value-led contract-upgrade incentive,50.0
7982-VCELR,Female,20,Yes,No,No,No,0,United States,California,Ramona,92065,33.044541,-116.833922,33104,Q3,No,0,36,No Offer,Yes,19.64,No,Yes,Fiber Optic,71,No,Yes,No,No,Yes,Yes,Yes,Yes,Month-to-Month,Yes,Credit Card,94.8,3565.65,30.26,0,707.04,4242.43,4,Stayed,No,22,2807,Not Applicable,Not Applicable,0,1,25–48 months,19–29,$90+,Emerging Value,7,1,No Referrals,Higher Contract Risk,4,Very High,117.85,Multi-Service,0.3963023911853408,True,False,False,False,False,True,True,False,Fiber quality and contract,5,Fiber diagnostics followed by a value-led contract-upgrade incentive,50.0
6243-OZGFH,Female,47,No,No,No,No,0,United States,California,Vista,92084,33.22784,-117.200024,44692,Q3,No,0,23,No Offer,No,0.0,No,Yes,DSL,14,No,No,No,No,Yes,Yes,Yes,No,Month-to-Month,Yes,Bank Withdrawal,44.95,996.85,25.84,40,0.0,1011.01,3,Stayed,No,65,3248,Not Applicable,Not Applicable,0,1,13–24 months,45–59,$35–$69.99,Emerging Value,4,0,No Referrals,Higher Contract Risk,2,Elevated,43.96,Basic Relationship,0.5476182507344991,True,False,False,False,False,False,True,False,Support bundle and contract,6,Time-limited premium-support bundle with a longer-contract value option,45.0
9833-TGFHX,Male,62,No,No,Yes,No,0,United States,California,San Diego,92109,32.787836,-117.232376,46086,Q3,Yes,1,42,No Offer,Yes,13.23,Yes,Yes,Fiber Optic,23,Yes,No,No,No,Yes,Yes,Yes,No,One Year,No,Bank Withdrawal,97.1,4016.75,46.56,150,555.66,4675.85,3,Stayed,No,71,2170,Not Applicable,Not Applicable,0,1,25–48 months,60–69,$90+,Emerging Value,6,1,1–2 Referrals,Moderate Contract Risk,3,High,111.33,Advocate,0.3761827337941047,True,False,False,False,False,False,False,True,San Diego investigation,7,"Local network, acquisition, service, and competitor root-cause investigation",15.0
3583-KRKMD,Male,51,No,No,No,No,0,United States,California,San Diego,92115,32.762506,-117.07245,56887,Q3,No,0,18,No Offer,Yes,26.84,No,Yes,Fiber Optic,20,No,No,No,Yes,No,No,No,Yes,Month-to-Month,Yes,Bank Withdrawal,75.9,1373.05,15.57,0,483.12,1840.6,4,Stayed,No,62,4668,Not Applicable,Not Applicable,0,1,13–24 months,45–59,$70–$89.99,High Value,4,1,No Referrals,Higher Contract Risk,2,Elevated,102.26,Basic Relationship,0.48625563223308,True,False,False,False,False,True,False,True,Fiber quality and contract,5,Fiber diagnostics followed by a value-led contract-upgrade incentive,50.0
6862-CQUMB,Male,28,Yes,No,No,No,0,United States,California,San Diego,92126,32.886925,-117.152162,74232,Q3,No,0,37,No Offer,Yes,21.84,No,Yes,Fiber Optic,41,No,Yes,No,No,Yes,Yes,Yes,Yes,Month-to-Month,Yes,Credit Card,96.1,3646.8,0.0,0,808.08,4454.88,4,Stayed,No,75,2640,Not Applicable,Not Applicable,0,1,25–48 months,19–29,$90+,Emerging Value,7,1,No Referrals,Higher Contract Risk,4,Very High,120.4,Multi-Service,0.4819639533805315,True,False,False,False,False,True,True,True,Fiber quality and contract,5,Fiber diagnostics followed by a value-led contract-upgrade incentive,50.0
6158-HDPXZ,Male,31,No,No,No,No,0,United States,California,San Diego,92128,33.000269,-117.072093,42733,Q3,No,0,1,No Offer,No,0.0,No,Yes,DSL,13,No,No,No,No,No,No,No,Yes,Month-to-Month,No,Credit Card,25.35,25.35,0.0,0,0.0,25.35,4,Joined,No,51,4193,Not Applicable,Not Applicable,0,1,1–6 months,30–44,Under $35,Core Value,2,0,No Referrals,Higher Contract Risk,3,High,25.35,Basic Relationship,0.4101745020887506,True,False,False,True,False,False,True,True,Early onboarding,3,Structured 30/60/90-day onboarding support and service education,25.0
8782-LKFPK,Male,50,No,No,No,No,0,United States,California,Beaumont,92223,33.946982,-116.977672,17721,Q3,No,0,44,No Offer,Yes,44.92,Yes,Yes,Fiber Optic,16,No,No,Yes,No,No,Yes,Yes,Yes,Month-to-Month,Yes,Credit Card,90.4,4063.0,0.0,0,1976.48,6039.48,4,Stayed,No,63,4751,Not Applicable,Not Applicable,0,1,25–48 months,45–59,$90+,High Value,6,1,No Referrals,Higher Contract Risk,4,Very High,137.26,Multi-Service,0.4801352070645296,True,True,False,False,False,True,True,False,High-value outreach,1,Dedicated retention specialist and personalized value-protection review,75.0
3597-MVHJT,Female,49,No,No,No,No,0,United States,California,Brawley,92227,33.03933,-115.191857,23394,Q3,No,0,27,No Offer,Yes,35.17,Yes,Yes,Fiber Optic,24,No,No,No,No,Yes,Yes,Yes,Yes,Month-to-Month,Yes,Bank Withdrawal,95.6,2595.25,0.0,0,949.59,3544.84,4,Stayed,No,21,2026,Not Applicable,Not Applicable,0,1,25–48 months,45–59,$90+,Emerging Value,6,0,No Referrals,Higher Contract Risk,4,Very High,131.29,Multi-Service,0.7455171924776278,True,False,False,False,False,True,True,False,Fiber quality and contract,5,Fiber diagnostics followed by a value-led contract-upgrade incentive,50.0
5233-AOZUF,Female,62,No,No,Yes,No,0,United States,California,Palm Springs,92262,33.839989,-116.659215,24924,Q3,Yes,3,29,No Offer,Yes,5.39,Yes,Yes,Fiber Optic,17,No,No,No,No,No,No,No,Yes,Month-to-Month,Yes,Bank Withdrawal,74.95,2149.05,0.0,0,156.31,2305.36,5,Stayed,No,80,3483,Not Applicable,Not Applicable,0,1,25–48 months,60–69,$70–$89.99,Core Value,3,0,3–5 Referrals,Higher Contract Risk,3,High,79.5,Advocate,0.5934882319530715,True,False,False,False,False,True,True,False,Fiber quality and contract,5,Fiber diagnostics followed by a value-led contract-upgrade incentive,50.0
5605-IYGFG,Female,61,No,No,No,No,0,United States,California,Thousand Palms,92276,33.849263,-116.382778,6242,Q3,No,0,7,No Offer,Yes,27.46,No,Yes,Fiber Optic,4,No,No,No,No,No,No,No,Yes,Month-to-Month,Yes,Bank Withdrawal,69.85,515.45,0.0,0,192.22,707.67,3,Stayed,No,51,5501,Not Applicable,Not Applicable,0,1,7–12 months,60–69,$35–$69.99,Premium Value,3,0,No Referrals,Higher Contract Risk,4,Very High,101.1,Basic Relationship,0.6645753779780681,True,True,True,False,False,True,True,False,High-value outreach,1,Dedicated retention specialist and personalized value-protection review,75.0
8734-DKSTZ,Female,20,Yes,No,Yes,Yes,2,United States,California,Winterhaven,92283,32.852947,-114.850784,3663,Q3,No,0,10,Offer D,Yes,6.5,Yes,Yes,Fiber Optic,76,No,No,No,No,No,Yes,Yes,Yes,Month-to-Month,No,Bank Withdrawal,85.95,858.6,0.0,0,65.0,923.6,3,Stayed,No,20,4922,Not Applicable,Not Applicable,0,1,7–12 months,19–29,$70–$89.99,High Value,5,0,No Referrals,Higher Contract Risk,4,Very High,92.36,Multi-Service,0.6366949960402246,True,True,True,False,False,True,True,False,High-value outreach,1,Dedicated retention specialist and personalized value-protection review,75.0
4360-PNRQB,Male,27,Yes,No,No,No,0,United States,California,Yucca Valley,92284,34.159534,-116.425984,20486,Q3,No,0,18,Offer D,Yes,15.18,Yes,Yes,Fiber Optic,42,No,No,No,No,No,No,No,Yes,Month-to-Month,Yes,Bank Withdrawal,75.6,1395.05,0.0,0,273.24,1668.29,5,Stayed,No,78,4030,Not Applicable,Not Applicable,0,1,13–24 months,19–29,$70–$89.99,Core Value,3,0,No Referrals,Higher Contract Risk,3,High,92.68,Basic Relationship,0.5245558126456975,True,False,False,False,False,True,True,False,Fiber quality and contract,5,Fiber diagnostics followed by a value-led contract-upgrade incentive,50.0
2181-UAESM,Male,30,No,No,No,No,0,United States,California,Angelus Oaks,92305,34.1678,-116.86433,301,Q3,No,0,2,No Offer,Yes,12.59,No,Yes,Cable,76,Yes,No,Yes,No,No,No,No,Yes,Month-to-Month,No,Bank Withdrawal,53.45,119.5,0.0,0,25.18,144.68,4,Joined,No,25,3477,Not Applicable,Not Applicable,0,1,1–6 months,30–44,$35–$69.99,Core Value,5,2,No Referrals,Higher Contract Risk,3,High,72.34,Protection Engaged,0.3310271340127327,True,False,False,True,False,False,True,False,Early onboarding,3,Structured 30/60/90-day onboarding support and service education,25.0
2320-SLKMB,Female,46,No,No,No,No,0,United States,California,Baker,92309,35.28952,-116.092214,904,Q3,No,0,26,No Offer,No,0.0,No,Yes,Cable,29,No,No,Yes,Yes,Yes,No,No,Yes,Month-to-Month,Yes,Credit Card,44.45,1183.8,0.0,0,0.0,1183.8,4,Stayed,No,26,3080,Not Applicable,Not Applicable,0,1,25–48 months,45–59,$35–$69.99,Emerging Value,5,2,No Referrals,Higher Contract Risk,1,Lower,45.53,Protection Engaged,0.3579741281195163,True,False,False,False,False,False,False,False,Competitor-response retention,8,"Personalized device, data, speed, or value response based on customer needs",55.0
5886-VLQVU,Male,30,No,No,Yes,No,0,United States,California,Grand Terrace,92313,34.029175,-117.307211,11024,Q3,No,0,35,No Offer,Yes,24.83,Yes,Yes,Fiber Optic,51,No,No,No,Yes,No,Yes,Yes,No,Month-to-Month,Yes,Bank Withdrawal,89.85,3161.2,0.0,20,869.05,4050.25,3,Stayed,No,78,4945,Not Applicable,Not Applicable,0,1,25–48 months,30–44,$70–$89.99,High Value,5,1,No Referrals,Higher Contract Risk,2,Elevated,115.72,Multi-Service,0.8136749810021509,True,False,False,False,False,True,False,False,Fiber quality and contract,5,Fiber diagnostics followed by a value-led contract-upgrade incentive,50.0
8313-NDOIA,Female,48,No,No,No,No,0,United States,California,Green Valley Lake,92341,34.244411,-117.072654,317,Q3,No,0,24,No Offer,Yes,38.79,Yes,Yes,Fiber Optic,4,No,Yes,Yes,No,Yes,Yes,Yes,No,Month-to-Month,Yes,Bank Withdrawal,104.15,2494.65,0.0,40,930.96,3465.61,5,Stayed,No,61,5813,Not Applicable,Not Applicable,0,1,13–24 months,45–59,$90+,Premium Value,7,2,No Referrals,Higher Contract Risk,4,Very High,144.4,Protection Engaged,0.7410122809517501,True,True,False,False,False,True,True,False,High-value outreach,1,Dedicated retention specialist and personalized value-protection review,75.0
5149-CUZUJ,Male,35,No,No,Yes,No,0,United States,California,Helendale,92342,34.757783,-117.33997,4948,Q3,Yes,1,28,No Offer,Yes,27.34,No,Yes,Fiber Optic,16,No,Yes,Yes,Yes,Yes,No,No,Yes,One Year,No,Bank Withdrawal,92.9,2768.35,0.0,0,765.52,3533.87,3,Stayed,No,51,2037,Not Applicable,Not Applicable,0,1,25–48 months,30–44,$90+,Emerging Value,7,3,1–2 Referrals,Moderate Contract Risk,2,Elevated,126.21,Advocate,0.3469614001069485,True,False,False,False,False,False,False,False,Competitor-response retention,8,"Personalized device, data, speed, or value response based on customer needs",55.0
1452-VOQCH,Male,61,No,No,No,No,0,United States,California,Hinkley,92347,34.983808,-117.239306,1933,Q3,No,0,1,No Offer,Yes,4.53,Yes,Yes,Fiber Optic,28,No,No,No,No,No,No,No,Yes,Month-to-Month,Yes,Bank Withdrawal,75.1,75.1,0.0,0,4.53,79.63,3,Joined,No,28,4120,Not Applicable,Not Applicable,0,1,1–6 months,60–69,$70–$89.99,Core Value,3,0,No Referrals,Higher Contract Risk,4,Very High,79.63,Basic Relationship,0.7502315491456847,True,False,True,True,False,True,True,False,Early fiber assurance,2,"First-90-day fiber service-health check, rapid issue resolution, and plan review",40.0
5968-XQIVE,Male,32,No,No,Yes,No,0,United States,California,Temecula,92592,33.507255,-117.029473,46171,Q3,Yes,2,72,Offer A,Yes,11.57,Yes,Yes,Fiber Optic,18,No,Yes,No,No,Yes,No,No,Yes,One Year,Yes,Bank Withdrawal,89.7,6588.95,0.0,0,833.04,7421.99,3,Stayed,No,76,6016,Not Applicable,Not Applicable,0,1,49–72 months,30–44,$70–$89.99,Premium Value,5,1,1–2 Referrals,Moderate Contract Risk,2,Elevated,103.08,Advocate,0.3533490276686369,True,False,False,False,False,False,False,False,Competitor-response retention,8,"Personalized device, data, speed, or value response based on customer needs",55.0
1304-BCCFO,Male,24,Yes,No,Yes,No,0,United States,California,Redlands,92374,34.064073,-117.166158,36675,Q3,Yes,2,9,No Offer,Yes,14.91,No,Yes,Cable,82,No,No,Yes,No,Yes,Yes,Yes,Yes,Month-to-Month,Yes,Mailed Check,70.05,564.4,0.0,0,134.19,698.59,3,Stayed,No,69,4900,Not Applicable,Not Applicable,0,1,7–12 months,19–29,$70–$89.99,High Value,7,1,1–2 Referrals,Higher Contract Risk,3,High,77.62,Advocate,0.8309169801511012,True,True,False,False,False,False,True,False,High-value outreach,1,Dedicated retention specialist and personalized value-protection review,75.0
5168-MQQCA,Female,50,No,No,Yes,No,0,United States,California,Yucaipa,92399,34.04597,-117.011825,41575,Q3,Yes,2,72,Offer A,Yes,38.44,Yes,Yes,Fiber Optic,16,No,Yes,Yes,Yes,Yes,Yes,Yes,Yes,One Year,Yes,Bank Withdrawal,108.5,8003.8,0.0,0,2767.68,10771.48,4,Stayed,No,56,6288,Not Applicable,Not Applicable,0,1,49–72 months,45–59,$90+,Premium Value,9,3,1–2 Referrals,Moderate Contract Risk,2,Elevated,149.6,Advocate,0.3417875515743017,True,False,False,False,False,False,False,False,Competitor-response retention,8,"Personalized device, data, speed, or value response based on customer needs",55.0
9094-AZPHK,Female,64,No,No,No,No,0,United States,California,San Bernardino,92405,34.142747,-117.300864,24644,Q3,No,0,15,Offer D,Yes,32.07,Yes,Yes,Fiber Optic,28,No,Yes,No,No,Yes,Yes,Yes,No,Month-to-Month,Yes,Bank Withdrawal,100.15,1415.0,0.0,0,481.05,1896.05,3,Stayed,No,65,2565,Not Applicable,Not Applicable,0,1,13–24 months,60–69,$90+,Emerging Value,6,1,No Referrals,Higher Contract Risk,4,Very High,126.4,Multi-Service,0.6452404191148368,True,False,False,False,False,True,True,False,Fiber quality and contract,5,Fiber diagnostics followed by a value-led contract-upgrade incentive,50.0
6778-YSNIH,Female,63,No,No,No,No,0,United States,California,Riverside,92501,33.994676,-117.372498,18999,Q3,No,0,2,No Offer,Yes,27.02,No,Yes,Cable,26,No,Yes,No,No,Yes,No,No,Yes,Month-to-Month,Yes,Bank Withdrawal,59.0,114.15,0.0,0,54.04,168.19,5,Joined,No,33,5810,Not Applicable,Not Applicable,0,1,1–6 months,60–69,$35–$69.99,Premium Value,5,1,No Referrals,Higher Contract Risk,3,High,84.1,Multi-Service,0.5769623664085366,True,True,False,True,False,False,True,False,High-value outreach,1,Dedicated retention specialist and personalized value-protection review,75.0
6579-JPICP,Male,31,No,No,No,No,0,United States,California,Riverside,92505,33.920907,-117.489426,38446,Q3,No,0,1,No Offer,Yes,17.81,No,No,No Internet,0,No,No,No,No,No,No,No,No,Month-to-Month,No,Mailed Check,20.4,20.4,0.0,0,17.81,38.21,5,Joined,No,46,2968,Not Applicable,Not Applicable,0,1,1–6 months,30–44,Under $35,Emerging Value,1,0,No Referrals,Higher Contract Risk,3,High,38.21,Basic Relationship,0.360510085250086,True,False,False,True,False,False,True,False,Early onboarding,3,Structured 30/60/90-day onboarding support and service education,25.0
8981-FJGLA,Male,63,No,No,No,Yes,2,United States,California,Hemet,92545,33.734933,-117.044145,25694,Q3,No,0,11,Offer D,Yes,47.12,Yes,Yes,Fiber Optic,23,No,No,Yes,No,No,No,No,Yes,Month-to-Month,Yes,Mailed Check,78.0,851.8,0.0,0,518.32,1370.12,5,Stayed,No,23,4886,Not Applicable,Not Applicable,0,1,7–12 months,60–69,$70–$89.99,High Value,4,1,No Referrals,Higher Contract Risk,4,Very High,124.56,Basic Relationship,0.404445060530064,True,True,True,False,False,True,True,False,High-value outreach,1,Dedicated retention specialist and personalized value-protection review,75.0
8535-SFUTN,Male,21,Yes,No,No,No,0,United States,California,Moreno Valley,92555,33.907361,-117.109972,12743,Q3,No,0,61,Offer B,Yes,36.05,Yes,Yes,Fiber Optic,73,Yes,No,Yes,No,Yes,Yes,Yes,Yes,Month-to-Month,Yes,Bank Withdrawal,106.45,6300.15,0.0,0,2199.05,8499.2,3,Stayed,No,65,4842,Not Applicable,Not Applicable,0,1,49–72 months,19–29,$90+,High Value,8,2,No Referrals,Higher Contract Risk,4,Very High,139.33,Protection Engaged,0.4090939895827432,True,True,False,False,False,True,True,False,High-value outreach,1,Dedicated retention specialist and personalized value-protection review,75.0
8677-HDZEE,Female,42,No,No,No,No,0,United States,California,Mountain Center,92561,33.638645,-116.55783,1500,Q3,No,0,56,Offer B,Yes,2.5,Yes,Yes,Fiber Optic,3,No,Yes,No,Yes,Yes,Yes,Yes,Yes,Month-to-Month,Yes,Bank Withdrawal,105.45,5916.95,0.0,0,140.0,6056.95,3,Stayed,No,55,4212,Not Applicable,Not Applicable,0,1,49–72 months,30–44,$90+,Core Value,8,2,No Referrals,Higher Contract Risk,3,High,108.16,Protection Engaged,0.4277912963452113,True,False,False,False,False,True,False,False,Fiber quality and contract,5,Fiber diagnostics followed by a value-led contract-upgrade incentive,50.0
5174-ITUMV,Male,37,No,No,Yes,Yes,2,United States,California,San Jacinto,92583,33.796568,-116.924723,21349,Q3,No,0,67,Offer A,Yes,38.98,Yes,Yes,Fiber Optic,16,No,Yes,Yes,No,Yes,Yes,Yes,Yes,One Year,Yes,Bank Withdrawal,105.4,6989.45,0.0,0,2611.66,9601.11,5,Stayed,No,45,5666,Not Applicable,Not Applicable,0,1,49–72 months,30–44,$90+,Premium Value,8,2,No Referrals,Moderate Contract Risk,3,High,143.3,Protection Engaged,0.4472280055209804,True,True,False,False,False,False,False,False,High-value outreach,1,Dedicated retention specialist and personalized value-protection review,75.0
4234-XTNEA,Male,25,Yes,No,No,No,0,United States,California,Irvine,92606,33.703976,-117.824172,17621,Q3,No,0,2,No Offer,Yes,37.7,No,Yes,Fiber Optic,73,No,No,No,No,Yes,No,No,Yes,Month-to-Month,Yes,Bank Withdrawal,79.95,174.45,0.0,0,75.4,249.85,5,Joined,No,44,5213,Not Applicable,Not Applicable,0,1,1–6 months,19–29,$70–$89.99,High Value,4,0,No Referrals,Higher Contract Risk,4,Very High,124.92,Basic Relationship,0.720932924868912,True,True,True,True,False,True,True,False,High-value outreach,1,Dedicated retention specialist and personalized value-protection review,75.0
5348-CAGXB,Male,60,No,No,No,No,0,United States,California,Irvine,92614,33.680302,-117.833296,22499,Q3,No,0,12,Offer D,Yes,33.36,Yes,Yes,Fiber Optic,22,No,No,Yes,No,Yes,No,No,Yes,Month-to-Month,Yes,Bank Withdrawal,89.55,1021.75,0.0,0,400.32,1422.07,4,Stayed,No,79,2325,Not Applicable,Not Applicable,0,1,7–12 months,60–69,$70–$89.99,Emerging Value,5,1,No Referrals,Higher Contract Risk,4,Very High,118.51,Multi-Service,0.6657398083048012,True,False,True,False,False,True,True,False,Early fiber assurance,2,"First-90-day fiber service-health check, rapid issue resolution, and plan review",40.0
0621-HJWXJ,Female,54,No,No,Yes,No,0,United States,California,Irvine,92618,33.667145,-117.732135,6301,Q3,Yes,1,63,Offer B,Yes,21.15,Yes,Yes,Fiber Optic,24,No,Yes,No,No,No,No,No,Yes,Month-to-Month,Yes,Bank Withdrawal,81.55,5029.05,0.0,0,1332.45,6361.5,4,Stayed,No,41,4980,Not Applicable,Not Applicable,0,1,49–72 months,45–59,$70–$89.99,High Value,4,1,1–2 Referrals,Higher Contract Risk,3,High,100.98,Advocate,0.5703020452147765,True,True,False,False,False,True,True,False,High-value outreach,1,Dedicated retention specialist and personalized value-protection review,75.0
2782-LFZVW,Female,52,No,No,No,No,0,United States,California,Costa Mesa,92627,33.645672,-117.922613,62069,Q3,No,0,11,Offer D,Yes,24.57,Yes,Yes,Cable,10,No,No,No,No,No,Yes,Yes,No,Month-to-Month,Yes,Credit Card,58.95,601.6,0.0,70,270.27,941.87,4,Stayed,No,21,3880,Not Applicable,Not Applicable,0,1,7–12 months,45–59,$35–$69.99,Core Value,4,0,No Referrals,Higher Contract Risk,3,High,85.62,Basic Relationship,0.3907451212420971,True,False,False,False,False,False,True,False,Support bundle and contract,6,Time-limited premium-support bundle with a longer-contract value option,45.0
2501-XWWTZ,Male,51,No,No,No,No,0,United States,California,San Clemente,92673,33.4725,-117.584273,15297,Q3,No,0,11,No Offer,Yes,1.01,No,Yes,Fiber Optic,8,No,No,No,No,No,No,No,Yes,Month-to-Month,No,Bank Withdrawal,70.2,760.05,0.0,0,11.11,771.16,5,Stayed,No,34,2535,Not Applicable,Not Applicable,0,1,7–12 months,45–59,$70–$89.99,Emerging Value,3,0,No Referrals,Higher Contract Risk,4,Very High,70.11,Basic Relationship,0.5633275846480877,True,False,True,False,False,True,True,False,Early fiber assurance,2,"First-90-day fiber service-health check, rapid issue resolution, and plan review",40.0
3716-UVSPD,Male,54,No,No,No,No,0,United States,California,San Juan Capistrano,92675,33.521447,-117.602555,34321,Q3,No,0,1,No Offer,Yes,14.97,No,Yes,DSL,5,No,No,No,Yes,No,No,No,No,Month-to-Month,Yes,Bank Withdrawal,49.3,49.3,0.0,10,14.97,74.27,3,Joined,No,45,4209,Not Applicable,Not Applicable,0,1,1–6 months,45–59,$35–$69.99,Core Value,3,1,No Referrals,Higher Contract Risk,2,Elevated,74.27,Basic Relationship,0.3827863992509584,True,False,False,True,False,False,False,False,Early onboarding,3,Structured 30/60/90-day onboarding support and service education,25.0
6815-ABQFQ,Male,53,No,No,Yes,No,0,United States,California,Silverado,92676,33.782346,-117.635263,1859,Q3,Yes,1,56,No Offer,Yes,14.43,Yes,Yes,Fiber Optic,25,No,Yes,No,Yes,Yes,Yes,Yes,Yes,One Year,Yes,Bank Withdrawal,107.25,6033.3,0.0,0,808.08,6841.38,3,Stayed,No,70,5800,Not Applicable,Not Applicable,0,1,49–72 months,45–59,$90+,Premium Value,8,2,1–2 Referrals,Moderate Contract Risk,2,Elevated,122.17,Advocate,0.4304788494960428,True,False,False,False,False,False,False,False,Competitor-response retention,8,"Personalized device, data, speed, or value response based on customer needs",55.0
7319-VENRZ,Male,19,Yes,No,No,No,0,United States,California,Rancho Santa Margarita,92688,33.624654,-117.611733,42193,Q3,No,0,7,Offer E,Yes,31.84,No,Yes,Cable,58,No,No,Yes,Yes,Yes,No,No,Yes,Month-to-Month,No,Bank Withdrawal,64.3,445.95,0.0,0,222.88,668.83,4,Stayed,No,40,4010,Not Applicable,Not Applicable,0,1,7–12 months,19–29,$35–$69.99,Core Value,6,2,No Referrals,Higher Contract Risk,2,Elevated,95.55,Protection Engaged,0.4773299212677477,True,False,False,False,False,False,False,False,Competitor-response retention,8,"Personalized device, data, speed, or value response based on customer needs",55.0
8270-RKSAP,Male,30,No,No,No,No,0,United States,California,Anaheim,92801,33.844983,-117.952151,60553,Q3,No,0,9,Offer E,Yes,40.71,No,Yes,Fiber Optic,52,No,No,No,No,No,No,No,Yes,Month-to-Month,Yes,Bank Withdrawal,70.5,597.9,0.0,0,366.39,964.29,3,Stayed,No,37,3198,Not Applicable,Not Applicable,0,1,7–12 months,30–44,$70–$89.99,Emerging Value,3,0,No Referrals,Higher Contract Risk,4,Very High,107.14,Basic Relationship,0.6973690016622819,True,False,True,False,False,True,True,False,Early fiber assurance,2,"First-90-day fiber service-health check, rapid issue resolution, and plan review",40.0
1423-BMPBQ,Female,62,No,No,Yes,Yes,1,United States,California,Anaheim,92808,33.850452,-117.726668,19629,Q3,Yes,1,1,Offer E,Yes,28.28,No,No,No Internet,0,No,No,No,No,No,No,No,No,Month-to-Month,Yes,Credit Card,19.0,19.0,0.0,0,28.28,47.28,4,Joined,No,44,2400,Not Applicable,Not Applicable,0,1,1–6 months,60–69,Under $35,Emerging Value,1,0,1–2 Referrals,Higher Contract Risk,3,High,47.28,Advocate,0.3632091694638637,True,False,False,True,False,False,True,False,Early onboarding,3,Structured 30/60/90-day onboarding support and service education,25.0
9244-ZVAPM,Male,36,No,No,No,No,0,United States,California,Garden Grove,92845,33.782955,-118.026456,15878,Q3,No,0,1,No Offer,Yes,37.44,No,Yes,DSL,9,No,No,No,No,No,No,No,Yes,Month-to-Month,No,Credit Card,45.6,45.6,0.0,0,37.44,83.04,3,Joined,No,50,2352,Not Applicable,Not Applicable,0,1,1–6 months,30–44,$35–$69.99,Emerging Value,3,0,No Referrals,Higher Contract Risk,3,High,83.04,Basic Relationship,0.3360586175042333,True,False,False,True,False,False,True,False,Early onboarding,3,Structured 30/60/90-day onboarding support and service education,25.0
5172-MIGPM,Male,22,Yes,No,No,No,0,United States,California,Orange,92865,33.828779,-117.848299,18058,Q3,No,0,4,No Offer,Yes,13.31,Yes,Yes,Cable,59,No,No,No,Yes,No,Yes,Yes,Yes,Month-to-Month,No,Credit Card,65.55,237.2,0.0,0,53.24,290.44,4,Stayed,No,46,5707,Not Applicable,Not Applicable,0,1,1–6 months,19–29,$35–$69.99,Premium Value,6,1,No Referrals,Higher Contract Risk,2,Elevated,72.61,Multi-Service,0.3798005445761953,True,False,False,True,False,False,False,False,Early onboarding,3,Structured 30/60/90-day onboarding support and service education,25.0
1710-RCXUS,Male,53,No,No,Yes,No,0,United States,California,Orange,92866,33.784597,-117.844535,15396,Q3,No,0,51,No Offer,Yes,9.21,Yes,Yes,Fiber Optic,30,No,Yes,No,No,No,Yes,Yes,Yes,One Year,Yes,Credit Card,90.35,4614.55,0.0,0,469.71,5084.26,3,Stayed,No,26,4965,Not Applicable,Not Applicable,0,1,49–72 months,45–59,$90+,High Value,6,1,No Referrals,Moderate Contract Risk,3,High,99.69,Multi-Service,0.4506129079963146,True,True,False,False,False,False,False,False,High-value outreach,1,Dedicated retention specialist and personalized value-protection review,75.0
5839-SUYVZ,Male,21,Yes,No,No,No,0,United States,California,Orange,92868,33.787796,-117.875928,23172,Q3,No,0,16,No Offer,Yes,38.32,No,Yes,Fiber Optic,82,No,No,No,Yes,No,No,No,Yes,Month-to-Month,Yes,Credit Card,74.55,1170.5,0.0,0,613.12,1783.62,3,Stayed,No,70,2893,Not Applicable,Not Applicable,0,1,13–24 months,19–29,$70–$89.99,Emerging Value,4,1,No Referrals,Higher Contract Risk,2,Elevated,111.48,Basic Relationship,0.3473341192476726,True,False,False,False,False,True,False,False,Fiber quality and contract,5,Fiber diagnostics followed by a value-led contract-upgrade incentive,50.0
6464-KEXXH,Male,55,No,No,No,No,0,United States,California,Fillmore,93015,34.408161,-118.865111,16013,Q3,No,0,8,No Offer,No,0.0,No,Yes,Cable,16,No,No,No,No,No,No,No,Yes,Month-to-Month,Yes,Credit Card,25.25,186.3,0.0,0,0.0,186.3,3,Stayed,No,33,2372,Not Applicable,Not Applicable,0,1,7–12 months,45–59,Under $35,Emerging Value,2,0,No Referrals,Higher Contract Risk,3,High,23.29,Basic Relationship,0.485448305448383,True,False,False,False,False,False,True,False,Support bundle and contract,6,Time-limited premium-support bundle with a longer-contract value option,45.0
4059-IIEBK,Female,51,No,No,No,No,0,United States,California,Ojai,93023,34.581308,-118.931948,21633,Q3,No,0,7,No Offer,Yes,40.76,Yes,Yes,Fiber Optic,16,No,Yes,No,No,No,No,No,Yes,Month-to-Month,Yes,Bank Withdrawal,78.55,522.95,47.19,0,285.32,761.08,3,Stayed,No,61,4025,Not Applicable,Not Applicable,0,1,7–12 months,45–59,$70–$89.99,Core Value,4,1,No Referrals,Higher Contract Risk,4,Very High,108.73,Basic Relationship,0.6153702942707884,True,False,True,False,False,True,True,False,Early fiber assurance,2,"First-90-day fiber service-health check, rapid issue resolution, and plan review",40.0
3003-CMDUU,Female,22,Yes,No,Yes,No,0,United States,California,Santa Paula,93060,34.402343,-119.094824,32511,Q3,No,0,25,No Offer,Yes,29.81,No,Yes,Fiber Optic,52,No,No,No,Yes,Yes,Yes,Yes,No,Month-to-Month,Yes,Bank Withdrawal,95.15,2395.7,0.0,80,745.25,3220.95,3,Stayed,No,52,3273,Not Applicable,Not Applicable,0,1,25–48 months,19–29,$90+,Emerging Value,6,1,No Referrals,Higher Contract Risk,3,High,128.84,Multi-Service,0.8749214869794619,True,False,False,False,False,True,False,False,Fiber quality and contract,5,Fiber diagnostics followed by a value-led contract-upgrade incentive,50.0
5016-IBERQ,Male,28,Yes,No,Yes,No,0,United States,California,Simi Valley,93063,34.296813,-118.685703,49027,Q3,Yes,1,23,No Offer,Yes,18.05,Yes,Yes,Fiber Optic,51,No,Yes,Yes,No,No,No,No,Yes,Month-to-Month,No,Bank Withdrawal,84.25,1968.1,8.3,0,415.15,2374.95,4,Stayed,No,33,2781,Not Applicable,Not Applicable,0,1,13–24 months,19–29,$70–$89.99,Emerging Value,5,2,1–2 Referrals,Higher Contract Risk,3,High,103.26,Advocate,0.731582221369119,True,False,False,False,False,True,True,False,Fiber quality and contract,5,Fiber diagnostics followed by a value-led contract-upgrade incentive,50.0
8404-VLQFB,Female,21,Yes,No,Yes,Yes,1,United States,California,California Hot Springs,93207,35.865795,-118.69759,226,Q3,Yes,1,15,No Offer,Yes,29.55,Yes,No,No Internet,0,No,No,No,No,No,No,No,No,Month-to-Month,Yes,Bank Withdrawal,25.25,394.85,0.0,0,443.25,838.1,3,Stayed,No,59,4667,Not Applicable,Not Applicable,0,1,13–24 months,19–29,Under $35,High Value,1,0,1–2 Referrals,Higher Contract Risk,2,Elevated,55.87,Advocate,0.3909672124196672,True,False,False,False,False,False,True,False,Support bundle and contract,6,Time-limited premium-support bundle with a longer-contract value option,45.0
5183-SNMJQ,Male,32,No,No,No,No,0,United States,California,Frazier Park,93225,34.827662,-118.999073,4498,Q3,No,0,10,Offer D,Yes,45.69,No,Yes,Fiber Optic,11,No,No,No,Yes,Yes,Yes,Yes,Yes,Month-to-Month,Yes,Credit Card,95.1,865.1,43.25,0,456.9,1278.75,3,Stayed,No,33,5787,Not Applicable,Not Applicable,0,1,7–12 months,30–44,$90+,Premium Value,7,1,No Referrals,Higher Contract Risk,4,Very High,127.88,Multi-Service,0.4192096731014843,True,True,True,False,False,True,False,False,High-value outreach,1,Dedicated retention specialist and personalized value-protection review,75.0
2800-VEQXM,Female,48,No,No,No,No,0,United States,California,Lebec,93243,34.845861,-118.885163,1247,Q3,No,0,3,No Offer,Yes,12.5,No,Yes,Fiber Optic,4,No,No,Yes,No,No,No,No,Yes,Month-to-Month,Yes,Mailed Check,74.75,238.1,38.84,0,37.5,236.76,3,Joined,No,21,3319,Not Applicable,Not Applicable,0,1,1–6 months,45–59,$70–$89.99,Emerging Value,4,1,No Referrals,Higher Contract Risk,4,Very High,78.92,Basic Relationship,0.7668172373338992,True,False,True,True,False,True,True,False,Early fiber assurance,2,"First-90-day fiber service-health check, rapid issue resolution, and plan review",40.0
5760-IFJOZ,Male,57,No,No,No,No,0,United States,California,Richgrove,93261,35.809921,-119.127437,2956,Q3,No,0,3,No Offer,Yes,47.5,Yes,Yes,Fiber Optic,22,No,Yes,Yes,No,Yes,Yes,Yes,Yes,Month-to-Month,No,Mailed Check,107.95,313.6,0.0,0,142.5,456.1,4,Joined,No,77,3449,Not Applicable,Not Applicable,0,1,1–6 months,45–59,$90+,Emerging Value,8,2,No Referrals,Higher Contract Risk,5,Very High,152.03,Protection Engaged,0.8928831249373474,True,False,True,True,False,True,True,False,Early fiber assurance,2,"First-90-day fiber service-health check, rapid issue resolution, and plan review",40.0
8040-MNRTF,Female,47,No,No,No,No,0,United States,California,Taft,93268,35.184837,-119.402525,14937,Q3,No,0,1,No Offer,Yes,37.51,No,Yes,Fiber Optic,10,No,No,No,No,No,No,No,Yes,Month-to-Month,No,Mailed Check,71.1,71.1,0.0,0,37.51,108.61,5,Joined,No,64,3029,Not Applicable,Not Applicable,0,1,1–6 months,45–59,$70–$89.99,Emerging Value,3,0,No Referrals,Higher Contract Risk,4,Very High,108.61,Basic Relationship,0.7596794254251122,True,False,True,True,False,True,True,False,Early fiber assurance,2,"First-90-day fiber service-health check, rapid issue resolution, and plan review",40.0
1536-HBSWP,Female,33,No,No,No,No,0,United States,California,Terra Bella,93270,35.939068,-119.043666,5868,Q3,No,0,1,No Offer,Yes,14.93,No,Yes,DSL,4,No,No,No,Yes,No,No,No,Yes,Month-to-Month,Yes,Bank Withdrawal,49.9,49.9,0.0,0,14.93,64.83,3,Joined,No,56,4667,Not Applicable,Not Applicable,0,1,1–6 months,30–44,$35–$69.99,High Value,4,1,No Referrals,Higher Contract Risk,2,Elevated,64.83,Basic Relationship,0.4220264697819494,True,False,False,True,False,False,False,False,Early onboarding,3,Structured 30/60/90-day onboarding support and service education,25.0
8262-COGGB,Male,53,No,No,No,No,0,United States,California,Visalia,93277,36.303793,-119.375646,44741,Q3,No,0,1,No Offer,Yes,11.61,No,No,No Internet,0,No,No,No,No,No,No,No,No,Month-to-Month,Yes,Mailed Check,20.45,20.45,0.0,0,11.61,32.06,3,Joined,No,48,5384,Not Applicable,Not Applicable,0,1,1–6 months,45–59,Under $35,Premium Value,1,0,No Referrals,Higher Contract Risk,3,High,32.06,Basic Relationship,0.4397820166269452,True,True,False,True,False,False,True,False,High-value outreach,1,Dedicated retention specialist and personalized value-protection review,75.0
9450-TRJUU,Male,52,No,No,No,No,0,United States,California,Bakersfield,93306,35.449881,-118.841442,53481,Q3,No,0,35,No Offer,Yes,41.21,Yes,Yes,Fiber Optic,6,No,No,No,No,Yes,No,No,Yes,Month-to-Month,No,Bank Withdrawal,83.15,2848.45,18.84,0,1442.35,4271.96,4,Stayed,No,65,2332,Not Applicable,Not Applicable,0,1,25–48 months,45–59,$70–$89.99,Emerging Value,4,0,No Referrals,Higher Contract Risk,3,High,122.06,Basic Relationship,0.499653384536673,True,False,False,False,False,True,True,False,Fiber quality and contract,5,Fiber diagnostics followed by a value-led contract-upgrade incentive,50.0
1766-GKNMI,Male,56,No,No,No,No,0,United States,California,Bakersfield,93307,35.280113,-118.962329,59195,Q3,No,0,29,No Offer,Yes,9.49,Yes,Yes,Fiber Optic,21,No,No,No,No,No,Yes,Yes,Yes,Month-to-Month,Yes,Bank Withdrawal,84.9,2516.2,47.04,0,275.21,2744.37,3,Stayed,No,69,4388,Not Applicable,Not Applicable,0,1,25–48 months,45–59,$70–$89.99,Core Value,5,0,No Referrals,Higher Contract Risk,3,High,94.63,Multi-Service,0.5845194048641033,True,False,False,False,False,True,True,False,Fiber quality and contract,5,Fiber diagnostics followed by a value-led contract-upgrade incentive,50.0
6942-LBFDP,Female,30,No,No,No,No,0,United States,California,Bakersfield,93308,35.559617,-118.925185,44915,Q3,No,0,2,No Offer,Yes,16.7,No,No,No Internet,0,No,No,No,No,No,No,No,No,Month-to-Month,Yes,Mailed Check,20.55,33.6,0.0,0,33.4,67.0,3,Joined,No,25,5629,Not Applicable,Not Applicable,0,1,1–6 months,30–44,Under $35,Premium Value,1,0,No Referrals,Higher Contract Risk,3,High,33.5,Basic Relationship,0.4347019942334821,True,True,False,True,False,False,True,False,High-value outreach,1,Dedicated retention specialist and personalized value-protection review,75.0
1456-TWCGB,Male,34,No,No,No,No,0,United States,California,Bakersfield,93309,35.342891,-119.064803,58632,Q3,No,0,4,No Offer,Yes,38.01,No,Yes,Cable,5,No,Yes,No,No,No,No,No,Yes,Month-to-Month,No,Mailed Check,49.25,208.45,0.0,0,152.04,360.49,3,Stayed,No,37,3272,Not Applicable,Not Applicable,0,1,1–6 months,30–44,$35–$69.99,Emerging Value,4,1,No Referrals,Higher Contract Risk,3,High,90.12,Basic Relationship,0.5565760410946796,True,False,False,True,False,False,True,False,Early onboarding,3,Structured 30/60/90-day onboarding support and service education,25.0
5433-KYGHE,Female,53,No,No,No,Yes,1,United States,California,Avila Beach,93424,35.186644,-120.728305,812,Q3,No,0,14,Offer D,Yes,47.72,Yes,Yes,Fiber Optic,22,Yes,No,No,Yes,No,No,No,Yes,Month-to-Month,Yes,Mailed Check,86.0,1164.05,0.0,0,668.08,1832.13,3,Stayed,No,33,5494,Not Applicable,Not Applicable,0,1,13–24 months,45–59,$70–$89.99,Premium Value,5,2,No Referrals,Higher Contract Risk,2,Elevated,130.87,Protection Engaged,0.3979187877533632,True,False,False,False,False,True,False,False,Fiber quality and contract,5,Fiber diagnostics followed by a value-led contract-upgrade incentive,50.0
9944-AEXBM,Male,51,No,No,No,No,0,United States,California,Casmalia,93429,34.866032,-120.536546,210,Q3,No,0,32,No Offer,Yes,37.04,Yes,Yes,Fiber Optic,28,No,No,No,No,No,Yes,Yes,Yes,Month-to-Month,Yes,Bank Withdrawal,85.65,2664.3,0.0,0,1185.28,3849.58,3,Stayed,No,26,2383,Not Applicable,Not Applicable,0,1,25–48 months,45–59,$70–$89.99,Emerging Value,5,0,No Referrals,Higher Contract Risk,3,High,120.3,Multi-Service,0.64058521929227,True,False,False,False,False,True,True,False,Fiber quality and contract,5,Fiber diagnostics followed by a value-led contract-upgrade incentive,50.0
1853-ARAAQ,Female,47,No,No,No,No,0,United States,California,Cayucos,93430,35.511833,-120.918713,3220,Q3,No,0,26,No Offer,No,0.0,No,Yes,DSL,7,No,No,Yes,No,Yes,Yes,Yes,Yes,Month-to-Month,Yes,Credit Card,50.35,1277.5,0.0,0,0.0,1277.5,5,Stayed,No,48,2510,Not Applicable,Not Applicable,0,1,25–48 months,45–59,$35–$69.99,Emerging Value,6,1,No Referrals,Higher Contract Risk,2,Elevated,49.13,Multi-Service,0.5048872817208668,True,False,False,False,False,False,True,False,Support bundle and contract,6,Time-limited premium-support bundle with a longer-contract value option,45.0
1173-NOEYG,Female,25,Yes,No,Yes,No,0,United States,California,Santa Margarita,93453,35.303926,-120.256567,2687,Q3,Yes,1,27,No Offer,Yes,18.74,Yes,Yes,Fiber Optic,59,No,No,Yes,No,No,Yes,Yes,Yes,Month-to-Month,No,Bank Withdrawal,90.15,2423.4,0.0,0,505.98,2929.38,4,Stayed,No,67,5750,Not Applicable,Not Applicable,0,1,25–48 months,19–29,$90+,Premium Value,6,1,1–2 Referrals,Higher Contract Risk,4,Very High,108.5,Advocate,0.7997192294552932,True,True,False,False,False,True,True,False,High-value outreach,1,Dedicated retention specialist and personalized value-protection review,75.0
6923-JHPMP,Female,35,No,No,No,No,0,United States,California,Templeton,93465,35.536115,-120.739231,7918,Q3,No,0,2,No Offer,Yes,35.41,No,Yes,Fiber Optic,25,Yes,No,Yes,No,No,No,No,Yes,Month-to-Month,Yes,Bank Withdrawal,80.45,137.1,0.0,0,70.82,207.92,4,Joined,No,67,5602,Not Applicable,Not Applicable,0,1,1–6 months,30–44,$70–$89.99,Premium Value,5,2,No Referrals,Higher Contract Risk,4,Very High,103.96,Protection Engaged,0.6355222857725339,True,True,True,True,False,True,True,False,High-value outreach,1,Dedicated retention specialist and personalized value-protection review,75.0
1635-FJFCC,Female,46,No,No,No,No,0,United States,California,Acton,93510,34.501452,-118.207862,7831,Q3,No,0,5,No Offer,Yes,10.99,No,Yes,DSL,29,No,No,No,No,No,No,No,Yes,Month-to-Month,Yes,Credit Card,44.05,202.15,0.0,0,54.95,257.1,5,Stayed,No,74,5846,Not Applicable,Not Applicable,0,1,1–6 months,45–59,$35–$69.99,Premium Value,3,0,No Referrals,Higher Contract Risk,3,High,51.42,Basic Relationship,0.3454293862133101,True,True,False,True,False,False,True,False,High-value outreach,1,Dedicated retention specialist and personalized value-protection review,75.0
4718-DHSMV,Female,22,Yes,No,No,No,0,United States,California,Llano,93544,34.500091,-117.765862,1220,Q3,No,0,11,Offer D,No,0.0,No,Yes,DSL,52,No,No,No,No,Yes,No,No,Yes,Month-to-Month,Yes,Credit Card,35.8,363.15,0.0,0,0.0,363.15,5,Stayed,No,44,2534,Not Applicable,Not Applicable,0,1,7–12 months,19–29,$35–$69.99,Emerging Value,3,0,No Referrals,Higher Contract Risk,3,High,33.01,Basic Relationship,0.3586852249357583,True,False,False,False,False,False,True,False,Support bundle and contract,6,Time-limited premium-support bundle with a longer-contract value option,45.0
5175-WLYXL,Male,56,No,No,No,No,0,United States,California,Fallbrook,92028,33.362575,-117.299644,42239,Q3,No,0,22,Offer D,Yes,30.35,Yes,Yes,Fiber Optic,10,No,Yes,No,No,No,No,No,No,Month-to-Month,Yes,Credit Card,78.85,1600.25,0.0,50,667.7,2317.95,5,Stayed,No,75,2444,Not Applicable,Not Applicable,0,1,13–24 months,45–59,$70–$89.99,Emerging Value,3,1,No Referrals,Higher Contract Risk,3,High,105.36,Basic Relationship,0.3574240217761758,True,False,False,False,False,True,True,False,Fiber quality and contract,5,Fiber diagnostics followed by a value-led contract-upgrade incentive,50.0
4257-GAESD,Female,25,Yes,No,No,No,0,United States,California,Dinuba,93618,36.523619,-119.386868,24206,Q3,No,0,6,Offer E,No,0.0,No,Yes,Cable,52,No,No,No,No,Yes,Yes,Yes,Yes,Month-to-Month,No,Credit Card,45.0,298.7,0.0,0,0.0,298.7,5,Stayed,No,72,2270,Not Applicable,Not Applicable,0,1,1–6 months,19–29,$35–$69.99,Emerging Value,5,0,No Referrals,Higher Contract Risk,3,High,49.78,Multi-Service,0.6227419217863326,True,False,False,True,False,False,True,False,Early onboarding,3,Structured 30/60/90-day onboarding support and service education,25.0
5173-WXOQV,Male,38,No,No,Yes,No,0,United States,California,Dos Palos,93620,37.045728,-120.630682,9388,Q3,Yes,2,2,Offer E,Yes,4.41,No,Yes,DSL,26,No,Yes,No,Yes,No,Yes,Yes,No,Month-to-Month,Yes,Credit Card,64.2,143.65,0.0,30,8.82,182.47,4,Joined,No,56,4369,Not Applicable,Not Applicable,0,1,1–6 months,30–44,$35–$69.99,Core Value,6,2,1–2 Referrals,Higher Contract Risk,2,Elevated,91.24,Advocate,0.5229108250691966,True,False,False,True,False,False,False,False,Early onboarding,3,Structured 30/60/90-day onboarding support and service education,25.0
3196-NVXLZ,Female,23,Yes,No,No,No,0,United States,California,Orange Cove,93646,36.633498,-119.298895,8449,Q3,No,0,25,Offer C,Yes,9.57,Yes,Yes,Fiber Optic,59,No,No,No,No,Yes,No,No,Yes,Month-to-Month,Yes,Credit Card,84.6,2088.05,0.0,0,239.25,2327.3,3,Stayed,No,23,4874,Not Applicable,Not Applicable,0,1,25–48 months,19–29,$70–$89.99,High Value,4,0,No Referrals,Higher Contract Risk,3,High,93.09,Basic Relationship,0.4871504044077812,True,True,False,False,False,True,True,False,High-value outreach,1,Dedicated retention specialist and personalized value-protection review,75.0
4220-TINQT,Female,41,No,No,Yes,No,0,United States,California,Raisin City,93652,36.594542,-119.905245,265,Q3,Yes,3,61,No Offer,Yes,27.63,Yes,Yes,Fiber Optic,29,No,No,Yes,Yes,Yes,Yes,Yes,Yes,Month-to-Month,Yes,Bank Withdrawal,106.35,6751.35,0.0,0,1685.43,8436.78,5,Stayed,No,35,5632,Not Applicable,Not Applicable,0,1,49–72 months,30–44,$90+,Premium Value,8,2,3–5 Referrals,Higher Contract Risk,3,High,138.31,Advocate,0.480075784275105,True,True,False,False,False,True,False,False,High-value outreach,1,Dedicated retention specialist and personalized value-protection review,75.0
0295-QVKPB,Male,38,No,No,No,No,0,United States,California,Riverdale,93656,36.452211,-119.94575,5729,Q3,No,0,5,Offer E,Yes,13.96,No,Yes,DSL,5,No,No,Yes,Yes,Yes,No,No,Yes,Month-to-Month,Yes,Credit Card,63.95,318.1,0.0,0,69.8,387.9,4,Stayed,No,42,3099,Not Applicable,Not Applicable,0,1,1–6 months,30–44,$35–$69.99,Emerging Value,6,2,No Referrals,Higher Contract Risk,2,Elevated,77.58,Protection Engaged,0.456863818772028,True,False,False,True,False,False,False,False,Early onboarding,3,Structured 30/60/90-day onboarding support and service education,25.0
6549-NNDYT,Female,59,No,No,No,No,0,United States,California,Fresno,93720,36.878709,-119.7645,45087,Q3,No,0,13,No Offer,No,0.0,No,Yes,Cable,7,Yes,No,No,No,No,No,No,Yes,Month-to-Month,Yes,Bank Withdrawal,30.85,394.1,0.0,0,0.0,394.1,3,Stayed,No,38,2444,Not Applicable,Not Applicable,0,1,13–24 months,45–59,Under $35,Emerging Value,3,1,No Referrals,Higher Contract Risk,2,Elevated,30.32,Basic Relationship,0.4955752350675773,True,False,False,False,False,False,True,False,Support bundle and contract,6,Time-limited premium-support bundle with a longer-contract value option,45.0
7905-TVXTA,Female,63,No,No,No,No,0,United States,California,Salinas,93907,36.77462,-121.664714,22292,Q3,No,0,5,Offer E,Yes,8.32,No,Yes,DSL,22,Yes,No,No,Yes,Yes,No,No,Yes,Month-to-Month,Yes,Bank Withdrawal,64.35,352.65,0.0,0,41.6,394.25,4,Stayed,No,35,4771,Not Applicable,Not Applicable,0,1,1–6 months,60–69,$35–$69.99,High Value,6,2,No Referrals,Higher Contract Risk,2,Elevated,78.85,Protection Engaged,0.4562670798058454,True,False,False,True,False,False,False,False,Early onboarding,3,Structured 30/60/90-day onboarding support and service education,25.0
3050-GBUSH,Female,25,Yes,No,No,No,0,United States,California,Burlingame,94010,37.57028,-122.365778,40346,Q3,No,0,3,No Offer,No,0.0,No,Yes,DSL,46,No,No,No,No,Yes,No,No,Yes,Month-to-Month,Yes,Credit Card,34.8,113.95,0.0,0,0.0,113.95,4,Joined,No,67,2496,Not Applicable,Not Applicable,0,1,1–6 months,19–29,Under $35,Emerging Value,3,0,No Referrals,Higher Contract Risk,3,High,37.98,Basic Relationship,0.5273626913611815,True,False,False,True,False,False,True,False,Early onboarding,3,Structured 30/60/90-day onboarding support and service education,25.0
0730-KOAVE,Male,53,No,No,No,No,0,United States,California,Redwood City,94062,37.410567,-122.297152,25569,Q3,No,0,30,Offer C,Yes,41.66,Yes,Yes,Fiber Optic,28,Yes,Yes,No,No,No,Yes,Yes,Yes,Month-to-Month,Yes,Credit Card,94.3,2679.7,0.0,0,1249.8,3929.5,3,Stayed,No,75,4219,Not Applicable,Not Applicable,0,1,25–48 months,45–59,$90+,Core Value,7,2,No Referrals,Higher Contract Risk,4,Very High,130.98,Protection Engaged,0.3585900453463855,True,False,False,False,False,True,True,False,Fiber quality and contract,5,Fiber diagnostics followed by a value-led contract-upgrade incentive,50.0
2267-FPIMA,Male,27,Yes,No,Yes,No,0,United States,California,San Carlos,94070,37.497915,-122.267361,28098,Q3,Yes,1,50,Offer B,Yes,17.58,Yes,Yes,Fiber Optic,47,Yes,Yes,No,No,No,Yes,Yes,Yes,Month-to-Month,Yes,Credit Card,94.4,4914.9,0.0,0,879.0,5793.9,4,Stayed,No,21,5548,Not Applicable,Not Applicable,0,1,49–72 months,19–29,$90+,Premium Value,7,2,1–2 Referrals,Higher Contract Risk,4,Very High,115.88,Advocate,0.4925154837867619,True,True,False,False,False,True,True,False,High-value outreach,1,Dedicated retention specialist and personalized value-protection review,75.0
1051-GEJLJ,Female,19,Yes,No,No,No,0,United States,California,San Gregorio,94074,37.331762,-122.341444,291,Q3,No,0,2,No Offer,Yes,27.17,No,No,No Internet,0,No,No,No,No,No,No,No,No,Month-to-Month,No,Mailed Check,19.5,27.55,0.0,0,54.34,81.89,5,Joined,No,74,4836,Not Applicable,Not Applicable,0,1,1–6 months,19–29,Under $35,High Value,1,0,No Referrals,Higher Contract Risk,3,High,40.94,Basic Relationship,0.3400641306808255,True,True,False,True,False,False,True,False,High-value outreach,1,Dedicated retention specialist and personalized value-protection review,75.0
5543-QDCRY,Male,38,No,No,No,No,0,United States,California,San Francisco,94103,37.773147,-122.411287,23036,Q3,No,0,4,No Offer,Yes,20.76,No,Yes,DSL,30,No,No,No,No,Yes,No,No,Yes,Month-to-Month,Yes,Bank Withdrawal,56.4,234.85,0.0,0,83.04,317.89,4,Stayed,No,49,5344,Not Applicable,Not Applicable,0,1,1–6 months,30–44,$35–$69.99,High Value,4,0,No Referrals,Higher Contract Risk,3,High,79.47,Basic Relationship,0.5805852129232686,True,True,False,True,False,False,True,False,High-value outreach,1,Dedicated retention specialist and personalized value-protection review,75.0
6103-BOCOU,Female,37,No,No,No,No,0,United States,California,San Francisco,94117,37.770533,-122.445121,38756,Q3,No,0,26,Offer C,Yes,20.64,Yes,Yes,Fiber Optic,22,No,No,Yes,No,No,No,No,Yes,Month-to-Month,Yes,Bank Withdrawal,80.7,2193.0,0.0,0,536.64,2729.64,3,Stayed,No,28,4501,Not Applicable,Not Applicable,0,1,25–48 months,30–44,$70–$89.99,Core Value,4,1,No Referrals,Higher Contract Risk,3,High,104.99,Basic Relationship,0.5699846752810923,True,False,False,False,False,True,True,False,Fiber quality and contract,5,Fiber diagnostics followed by a value-led contract-upgrade incentive,50.0
4301-VVZKA,Male,25,Yes,No,Yes,No,0,United States,California,San Francisco,94123,37.800254,-122.436975,22920,Q3,Yes,1,16,No Offer,Yes,25.83,Yes,Yes,Fiber Optic,46,No,No,No,No,No,No,No,Yes,Month-to-Month,Yes,Bank Withdrawal,75.4,1189.4,0.0,0,413.28,1602.68,5,Stayed,No,51,5432,Not Applicable,Not Applicable,0,1,13–24 months,19–29,$70–$89.99,Premium Value,3,0,1–2 Referrals,Higher Contract Risk,3,High,100.17,Advocate,0.8452108460742533,True,True,False,False,False,True,True,False,High-value outreach,1,Dedicated retention specialist and personalized value-protection review,75.0
5146-CBVOE,Female,44,No,No,No,No,0,United States,California,San Francisco,94134,37.721052,-122.413573,40137,Q3,No,0,16,No Offer,Yes,38.02,No,Yes,Fiber Optic,25,No,Yes,No,No,No,No,No,Yes,Month-to-Month,No,Bank Withdrawal,75.1,1212.85,0.0,0,608.32,1821.17,5,Stayed,No,59,5176,Not Applicable,Not Applicable,0,1,13–24 months,30–44,$70–$89.99,High Value,4,1,No Referrals,Higher Contract Risk,3,High,113.82,Basic Relationship,0.4869578396899124,True,True,False,False,False,True,True,False,High-value outreach,1,Dedicated retention specialist and personalized value-protection review,75.0
7567-ECMCM,Male,23,Yes,No,No,No,0,United States,California,Danville,94506,37.791481,-121.903253,19777,Q3,No,0,24,No Offer,Yes,35.3,No,Yes,Fiber Optic,41,No,No,No,No,No,Yes,Yes,Yes,Month-to-Month,Yes,Credit Card,79.85,2001.0,0.0,0,847.2,2848.2,4,Stayed,No,43,5128,Not Applicable,Not Applicable,0,1,13–24 months,19–29,$70–$89.99,High Value,5,0,No Referrals,Higher Contract Risk,3,High,118.68,Multi-Service,0.4901416441541227,True,True,False,False,False,True,True,False,High-value outreach,1,Dedicated retention specialist and personalized value-protection review,75.0
8584-KMVXD,Female,64,No,No,No,No,0,United States,California,Calistoga,94515,38.629618,-122.593216,7384,Q3,No,0,8,Offer E,Yes,11.2,No,Yes,Fiber Optic,17,No,Yes,No,No,No,No,No,No,Month-to-Month,No,Bank Withdrawal,75.6,535.55,0.0,10,89.6,635.15,3,Stayed,No,31,2934,Not Applicable,Not Applicable,0,1,7–12 months,60–69,$70–$89.99,Emerging Value,3,1,No Referrals,Higher Contract Risk,4,Very High,79.39,Basic Relationship,0.6064497436351036,True,False,True,False,False,True,True,False,Early fiber assurance,2,"First-90-day fiber service-health check, rapid issue resolution, and plan review",40.0
5382-SOYZL,Male,39,No,No,No,No,0,United States,California,Concord,94519,37.990118,-122.012188,18650,Q3,No,0,22,No Offer,Yes,11.15,Yes,Yes,Fiber Optic,17,No,No,No,No,Yes,Yes,Yes,Yes,Month-to-Month,Yes,Bank Withdrawal,95.1,2162.6,0.0,0,245.3,2407.9,4,Stayed,No,61,3729,Not Applicable,Not Applicable,0,1,13–24 months,30–44,$90+,Core Value,6,0,No Referrals,Higher Contract Risk,4,Very High,109.45,Multi-Service,0.768770384329545,True,False,False,False,False,True,True,False,Fiber quality and contract,5,Fiber diagnostics followed by a value-led contract-upgrade incentive,50.0
8388-FYNPZ,Male,26,Yes,No,No,No,0,United States,California,Pleasant Hill,94523,37.95338,-122.076886,32685,Q3,No,0,4,Offer E,Yes,34.69,No,Yes,DSL,47,Yes,No,Yes,No,No,No,No,Yes,Month-to-Month,No,Bank Withdrawal,56.75,245.15,0.0,0,138.76,383.91,3,Stayed,No,51,2401,Not Applicable,Not Applicable,0,1,1–6 months,19–29,$35–$69.99,Emerging Value,5,2,No Referrals,Higher Contract Risk,3,High,95.98,Protection Engaged,0.4253001350700088,True,False,False,True,False,False,True,False,Early onboarding,3,Structured 30/60/90-day onboarding support and service education,25.0
5002-GCQFH,Male,30,No,No,Yes,No,0,United States,California,Hercules,94547,37.991259,-122.214945,22479,Q3,Yes,1,49,Offer B,Yes,47.17,Yes,Yes,Fiber Optic,26,Yes,Yes,No,No,Yes,No,No,No,Month-to-Month,Yes,Bank Withdrawal,93.85,4733.1,0.0,30,2311.33,7074.43,3,Stayed,No,62,5698,Not Applicable,Not Applicable,0,1,49–72 months,30–44,$90+,Premium Value,5,2,1–2 Referrals,Higher Contract Risk,4,Very High,144.38,Advocate,0.6071770258647754,True,True,False,False,False,True,True,False,High-value outreach,1,Dedicated retention specialist and personalized value-protection review,75.0
5879-SESNB,Female,34,No,No,No,No,0,United States,California,Moraga,94556,37.827946,-122.107185,16510,Q3,No,0,11,Offer D,Yes,33.79,Yes,Yes,Fiber Optic,23,No,No,No,No,No,No,No,Yes,Month-to-Month,No,Bank Withdrawal,75.25,888.65,0.0,0,371.69,1260.34,3,Stayed,No,75,5902,Not Applicable,Not Applicable,0,1,7–12 months,30–44,$70–$89.99,Premium Value,3,0,No Referrals,Higher Contract Risk,4,Very High,114.58,Basic Relationship,0.5011211748067784,True,True,True,False,False,True,True,False,High-value outreach,1,Dedicated retention specialist and personalized value-protection review,75.0
3234-VKACU,Male,21,Yes,No,No,No,0,United States,California,Sunol,94586,37.587494,-121.862856,790,Q3,No,0,2,No Offer,Yes,23.52,No,Yes,DSL,48,No,No,No,Yes,Yes,Yes,Yes,Yes,Month-to-Month,No,Bank Withdrawal,70.3,132.4,0.0,0,47.04,179.44,3,Joined,No,27,4799,Not Applicable,Not Applicable,0,1,1–6 months,19–29,$70–$89.99,High Value,7,1,No Referrals,Higher Contract Risk,2,Elevated,89.72,Multi-Service,0.4650659298932452,True,False,False,True,False,False,False,False,Early onboarding,3,Structured 30/60/90-day onboarding support and service education,25.0
8120-JDCAM,Male,42,No,No,Yes,Yes,1,United States,California,Vallejo,94589,38.161321,-122.271588,42209,Q3,Yes,1,4,No Offer,Yes,37.23,No,Yes,Fiber Optic,23,No,No,No,No,No,No,No,Yes,Month-to-Month,Yes,Credit Card,69.55,284.9,0.0,0,148.92,433.82,4,Stayed,No,44,3708,Not Applicable,Not Applicable,0,1,1–6 months,30–44,$35–$69.99,Core Value,3,0,1–2 Referrals,Higher Contract Risk,4,Very High,108.46,Advocate,0.6692514933844882,True,False,True,True,False,True,True,False,Early fiber assurance,2,"First-90-day fiber service-health check, rapid issue resolution, and plan review",40.0
7426-RHZGU,Male,41,No,No,No,No,0,United States,California,Oakland,94603,37.739113,-122.175602,31392,Q3,No,0,9,No Offer,Yes,30.8,No,Yes,Fiber Optic,3,No,No,No,Yes,Yes,Yes,Yes,Yes,Month-to-Month,Yes,Bank Withdrawal,95.9,827.45,0.0,0,277.2,1104.65,3,Stayed,No,66,5017,Not Applicable,Not Applicable,0,1,7–12 months,30–44,$90+,High Value,7,1,No Referrals,Higher Contract Risk,4,Very High,122.74,Multi-Service,0.7302565357276978,True,True,True,False,False,True,False,False,High-value outreach,1,Dedicated retention specialist and personalized value-protection review,75.0
4065-JJAVA,Female,56,No,No,No,No,0,United States,California,Oakland,94605,37.758019,-122.138678,42854,Q3,No,0,1,No Offer,Yes,16.99,No,Yes,DSL,8,No,Yes,No,No,No,No,No,No,Month-to-Month,No,Bank Withdrawal,49.5,49.5,0.0,30,16.99,96.49,4,Joined,No,59,5262,Not Applicable,Not Applicable,0,1,1–6 months,45–59,$35–$69.99,High Value,3,1,No Referrals,Higher Contract Risk,3,High,96.49,Basic Relationship,0.3765600362506165,True,True,False,True,False,False,True,False,High-value outreach,1,Dedicated retention specialist and personalized value-protection review,75.0
3748-FVMZZ,Male,33,No,No,No,No,0,United States,California,Oakland,94610,37.808731,-122.238708,29964,Q3,No,0,4,No Offer,No,0.0,No,Yes,DSL,13,No,No,No,Yes,No,Yes,Yes,Yes,Month-to-Month,Yes,Bank Withdrawal,40.05,162.45,0.0,0,0.0,162.45,4,Stayed,No,57,2664,Not Applicable,Not Applicable,0,1,1–6 months,30–44,$35–$69.99,Emerging Value,5,1,No Referrals,Higher Contract Risk,2,Elevated,40.61,Multi-Service,0.5577012477871032,True,False,False,True,False,False,False,False,Early onboarding,3,Structured 30/60/90-day onboarding support and service education,25.0
7147-AYBAA,Male,62,No,No,No,No,0,United States,California,Berkeley,94702,37.866009,-122.286228,15638,Q3,No,0,37,No Offer,Yes,28.84,No,Yes,Fiber Optic,25,No,No,No,No,No,No,No,Yes,Month-to-Month,Yes,Credit Card,70.35,2552.9,0.0,0,1067.08,3619.98,3,Stayed,No,32,5402,Not Applicable,Not Applicable,0,1,25–48 months,60–69,$70–$89.99,Premium Value,3,0,No Referrals,Higher Contract Risk,3,High,97.84,Basic Relationship,0.3513707690913915,True,True,False,False,False,True,True,False,High-value outreach,1,Dedicated retention specialist and personalized value-protection review,75.0
1352-VHKAJ,Male,30,No,No,Yes,Yes,2,United States,California,Berkeley,94709,37.878554,-122.26609,10147,Q3,Yes,1,27,No Offer,Yes,13.55,Yes,Yes,Cable,59,No,No,No,Yes,Yes,Yes,Yes,No,Month-to-Month,No,Bank Withdrawal,71.6,1957.1,0.0,140,365.85,2462.95,5,Stayed,No,52,3773,Not Applicable,Not Applicable,0,1,25–48 months,30–44,$70–$89.99,Core Value,6,1,1–2 Referrals,Higher Contract Risk,1,Lower,91.22,Advocate,0.3553085346165022,True,False,False,False,False,False,False,False,Competitor-response retention,8,"Personalized device, data, speed, or value response based on customer needs",55.0
4581-LNWUM,Female,47,No,No,No,No,0,United States,California,San Pablo,94806,37.980269,-122.342635,55720,Q3,No,0,13,Offer D,No,0.0,No,Yes,DSL,27,No,No,Yes,No,Yes,Yes,Yes,Yes,Month-to-Month,No,Bank Withdrawal,49.15,649.4,0.0,0,0.0,649.4,3,Stayed,No,78,3000,Not Applicable,Not Applicable,0,1,13–24 months,45–59,$35–$69.99,Emerging Value,6,1,No Referrals,Higher Contract Risk,2,Elevated,49.95,Multi-Service,0.4535304190581627,True,False,False,False,False,False,True,False,Support bundle and contract,6,Time-limited premium-support bundle with a longer-contract value option,45.0
7296-PIXQY,Female,60,No,No,Yes,Yes,2,United States,California,Bodega,94922,38.343282,-122.9755,584,Q3,No,0,14,Offer D,Yes,23.0,No,Yes,Fiber Optic,17,No,No,No,No,No,No,No,Yes,Month-to-Month,No,Bank Withdrawal,70.2,1046.5,0.0,0,322.0,1368.5,4,Stayed,No,25,5819,Not Applicable,Not Applicable,0,1,13–24 months,60–69,$70–$89.99,Premium Value,3,0,No Referrals,Higher Contract Risk,3,High,97.75,Basic Relationship,0.495470698910147,True,True,False,False,False,True,True,False,High-value outreach,1,Dedicated retention specialist and personalized value-protection review,75.0
4026-SKKHW,Male,35,No,No,No,No,0,United States,California,Dillon Beach,94929,38.24458,-122.956268,330,Q3,No,0,3,No Offer,Yes,28.19,No,Yes,Cable,21,No,No,No,Yes,No,No,No,Yes,Month-to-Month,Yes,Credit Card,50.25,152.3,0.0,0,84.57,236.87,3,Joined,No,76,2166,Not Applicable,Not Applicable,0,1,1–6 months,30–44,$35–$69.99,Emerging Value,4,1,No Referrals,Higher Contract Risk,2,Elevated,78.96,Basic Relationship,0.3449410314408919,True,False,False,True,False,False,False,False,Early onboarding,3,Structured 30/60/90-day onboarding support and service education,25.0
7030-NJVDP,Male,36,No,No,Yes,No,0,United States,California,San Quentin,94964,37.942551,-122.491642,6448,Q3,Yes,2,24,No Offer,Yes,10.23,No,Yes,Fiber Optic,8,Yes,No,No,Yes,No,Yes,Yes,Yes,Month-to-Month,Yes,Bank Withdrawal,89.25,2210.2,0.0,0,245.52,2455.72,3,Stayed,No,77,5436,Not Applicable,Not Applicable,0,1,13–24 months,30–44,$70–$89.99,Premium Value,7,2,1–2 Referrals,Higher Contract Risk,2,Elevated,102.32,Advocate,0.5793683311541131,True,False,False,False,False,True,False,False,Fiber quality and contract,5,Fiber diagnostics followed by a value-led contract-upgrade incentive,50.0
0455-XFASS,Female,61,No,No,Yes,Yes,2,United States,California,Campbell,95008,37.279689,-121.954567,44976,Q3,Yes,3,3,No Offer,Yes,1.67,No,Yes,Fiber Optic,19,No,No,No,No,No,No,No,Yes,Month-to-Month,Yes,Bank Withdrawal,69.55,200.2,33.8,0,5.01,171.41,3,Joined,No,59,5998,Not Applicable,Not Applicable,0,1,1–6 months,60–69,$35–$69.99,Premium Value,3,0,3–5 Referrals,Higher Contract Risk,4,Very High,57.14,Advocate,0.3404948458115058,True,True,True,True,False,True,True,False,High-value outreach,1,Dedicated retention specialist and personalized value-protection review,75.0
7241-AJHFS,Male,53,No,No,No,No,0,United States,California,Escondido,92027,33.141265,-116.967221,48690,Q3,No,0,32,No Offer,Yes,6.2,Yes,Yes,Fiber Optic,25,Yes,No,No,Yes,No,No,No,No,Month-to-Month,No,Bank Withdrawal,87.65,2766.4,47.87,150,198.4,3066.93,3,Stayed,No,66,2426,Not Applicable,Not Applicable,0,1,25–48 months,45–59,$70–$89.99,Emerging Value,4,2,No Referrals,Higher Contract Risk,2,Elevated,95.84,Protection Engaged,0.3393167309465522,True,False,False,False,False,True,False,False,Fiber quality and contract,5,Fiber diagnostics followed by a value-led contract-upgrade incentive,50.0
4546-FOKWR,Female,35,No,No,No,No,0,United States,California,Los Gatos,95032,37.233034,-121.947427,24443,Q3,No,0,16,No Offer,Yes,13.04,Yes,Yes,Fiber Optic,16,No,No,No,No,No,No,No,Yes,Month-to-Month,Yes,Credit Card,74.75,1129.35,39.99,0,208.64,1298.0,5,Stayed,No,27,3574,Not Applicable,Not Applicable,0,1,13–24 months,30–44,$70–$89.99,Core Value,3,0,No Referrals,Higher Contract Risk,3,High,81.12,Basic Relationship,0.5060540231358114,True,False,False,False,False,True,True,False,Fiber quality and contract,5,Fiber diagnostics followed by a value-led contract-upgrade incentive,50.0
7439-DKZTW,Male,49,No,No,No,No,0,United States,California,Paicines,95043,36.525703,-120.952122,813,Q3,No,0,1,No Offer,Yes,5.93,No,Yes,Fiber Optic,19,No,No,No,No,Yes,No,No,No,Month-to-Month,Yes,Bank Withdrawal,80.55,80.55,0.0,60,5.93,146.48,4,Joined,No,21,3154,Not Applicable,Not Applicable,0,1,1–6 months,45–59,$70–$89.99,Emerging Value,3,0,No Referrals,Higher Contract Risk,4,Very High,146.48,Basic Relationship,0.7676237563391509,True,False,True,True,False,True,True,False,Early fiber assurance,2,"First-90-day fiber service-health check, rapid issue resolution, and plan review",40.0
7363-QTBIW,Female,24,Yes,No,Yes,No,0,United States,California,Scotts Valley,95066,37.070177,-122.010077,14574,Q3,Yes,3,9,No Offer,Yes,6.78,No,Yes,Fiber Optic,59,No,No,No,No,No,Yes,Yes,Yes,Month-to-Month,Yes,Bank Withdrawal,79.75,769.1,0.0,0,61.02,830.12,5,Stayed,No,62,4654,Not Applicable,Not Applicable,0,1,7–12 months,19–29,$70–$89.99,High Value,5,0,3–5 Referrals,Higher Contract Risk,4,Very High,92.24,Advocate,0.6831017320927004,True,True,True,False,False,True,True,False,High-value outreach,1,Dedicated retention specialist and personalized value-protection review,75.0
3312-UUMZW,Male,33,No,No,Yes,No,0,United States,California,San Jose,95117,37.311088,-121.961786,29914,Q3,Yes,3,32,No Offer,Yes,47.89,Yes,Yes,Fiber Optic,9,No,Yes,No,No,Yes,Yes,Yes,Yes,Month-to-Month,Yes,Credit Card,98.85,3145.9,0.0,0,1532.48,4678.38,4,Stayed,No,61,3981,Not Applicable,Not Applicable,0,1,25–48 months,30–44,$90+,Core Value,7,1,3–5 Referrals,Higher Contract Risk,4,Very High,146.2,Advocate,0.5892867418581561,True,False,False,False,False,True,True,False,Fiber quality and contract,5,Fiber diagnostics followed by a value-led contract-upgrade incentive,50.0
1047-NNCBF,Male,56,No,No,No,No,0,United States,California,San Jose,95123,37.238758,-121.828375,59632,Q3,No,0,20,No Offer,Yes,3.8,No,Yes,Fiber Optic,26,No,No,No,No,No,No,No,No,Month-to-Month,No,Credit Card,70.55,1493.55,17.6,0,76.0,1551.95,3,Stayed,No,59,5790,Not Applicable,Not Applicable,0,1,13–24 months,45–59,$70–$89.99,Premium Value,2,0,No Referrals,Higher Contract Risk,3,High,77.6,Basic Relationship,0.3297840513592384,True,True,False,False,False,True,True,False,High-value outreach,1,Dedicated retention specialist and personalized value-protection review,75.0
8791-GFXLZ,Male,58,No,No,No,No,0,United States,California,San Jose,95127,37.375156,-121.795867,60620,Q3,No,0,12,No Offer,Yes,44.78,No,Yes,DSL,12,No,Yes,No,No,No,No,No,Yes,Month-to-Month,Yes,Bank Withdrawal,49.05,593.05,29.32,0,537.36,1101.09,5,Stayed,No,70,4244,Not Applicable,Not Applicable,0,1,7–12 months,45–59,$35–$69.99,Core Value,4,1,No Referrals,Higher Contract Risk,3,High,91.76,Basic Relationship,0.3465028487796901,True,False,False,False,False,False,True,False,Support bundle and contract,6,Time-limited premium-support bundle with a longer-contract value option,45.0
0411-EZJZE,Female,62,No,No,No,No,0,United States,California,Stockton,95215,37.946282,-121.139499,23789,Q3,No,0,3,No Offer,Yes,20.1,Yes,Yes,DSL,29,No,No,No,No,Yes,No,No,No,Month-to-Month,Yes,Bank Withdrawal,60.25,170.5,0.0,70,60.3,300.8,4,Joined,No,31,4830,Not Applicable,Not Applicable,0,1,1–6 months,60–69,$35–$69.99,High Value,3,0,No Referrals,Higher Contract Risk,3,High,100.27,Basic Relationship,0.6481206056866292,True,True,False,True,False,False,True,False,High-value outreach,1,Dedicated retention specialist and personalized value-protection review,75.0
8807-ARQET,Female,59,No,No,No,No,0,United States,California,Angels Camp,95222,38.071327,-120.632221,4264,Q3,No,0,41,Offer B,No,0.0,No,Yes,Cable,21,No,Yes,No,No,No,Yes,Yes,Yes,Month-to-Month,Yes,Bank Withdrawal,40.35,1677.85,0.0,0,0.0,1677.85,5,Stayed,No,79,2454,Not Applicable,Not Applicable,0,1,25–48 months,45–59,$35–$69.99,Emerging Value,5,1,No Referrals,Higher Contract Risk,2,Elevated,40.92,Multi-Service,0.3733520046273996,True,False,False,False,False,False,True,False,Support bundle and contract,6,Time-limited premium-support bundle with a longer-contract value option,45.0
4320-QMLLA,Male,57,No,No,No,No,0,United States,California,Avery,95224,38.208336,-120.339938,115,Q3,No,0,7,No Offer,Yes,5.61,No,Yes,DSL,24,No,No,No,No,Yes,No,No,Yes,Month-to-Month,No,Mailed Check,54.85,370.4,0.0,0,39.27,409.67,3,Stayed,No,20,3481,Not Applicable,Not Applicable,0,1,7–12 months,45–59,$35–$69.99,Core Value,4,0,No Referrals,Higher Contract Risk,3,High,58.52,Basic Relationship,0.5955302490264133,True,False,False,False,False,False,True,False,Support bundle and contract,6,Time-limited premium-support bundle with a longer-contract value option,45.0
8777-PVYGU,Female,36,No,No,Yes,No,0,United States,California,Burson,95225,38.183918,-120.898817,27,Q3,No,0,52,Offer B,Yes,4.22,No,Yes,DSL,18,Yes,No,Yes,No,Yes,No,No,Yes,One Year,Yes,Mailed Check,64.3,3410.6,0.0,0,219.44,3630.04,4,Stayed,No,73,4405,Not Applicable,Not Applicable,0,1,49–72 months,30–44,$35–$69.99,Core Value,6,2,No Referrals,Moderate Contract Risk,1,Lower,69.81,Protection Engaged,0.3467409473609996,True,False,False,False,False,False,False,False,Competitor-response retention,8,"Personalized device, data, speed, or value response based on customer needs",55.0
7129-ACFOG,Female,56,No,No,No,No,0,United States,California,Mountain Ranch,95246,38.264262,-120.515133,1692,Q3,No,0,5,No Offer,Yes,49.4,Yes,Yes,Cable,22,Yes,No,No,No,No,No,No,No,Month-to-Month,Yes,Bank Withdrawal,53.8,283.95,0.0,10,247.0,540.95,4,Stayed,No,78,2182,Not Applicable,Not Applicable,0,1,1–6 months,45–59,$35–$69.99,Emerging Value,3,1,No Referrals,Higher Contract Risk,3,High,108.19,Basic Relationship,0.4648189562101137,True,False,False,True,False,False,True,False,Early onboarding,3,Structured 30/60/90-day onboarding support and service education,25.0
5562-BETPV,Male,21,Yes,No,Yes,No,0,United States,California,San Andreas,95249,38.196497,-120.61689,3930,Q3,Yes,1,1,Offer E,Yes,23.41,No,No,No Internet,0,No,No,No,No,No,No,No,No,One Year,No,Mailed Check,19.65,19.65,0.0,0,23.41,43.06,3,Joined,No,53,2539,Not Applicable,Not Applicable,0,1,1–6 months,19–29,Under $35,Emerging Value,1,0,1–2 Referrals,Moderate Contract Risk,2,Elevated,43.06,Advocate,0.3772925193724294,True,False,False,False,False,False,False,False,Competitor-response retention,8,"Personalized device, data, speed, or value response based on customer needs",55.0
1346-UFHAX,Female,59,No,No,No,No,0,United States,California,Woodbridge,95258,38.169605,-121.310964,4176,Q3,No,0,13,Offer D,Yes,33.69,Yes,Yes,Fiber Optic,15,Yes,No,No,No,No,No,No,No,Month-to-Month,Yes,Credit Card,80.0,1029.35,0.0,0,437.97,1467.32,3,Stayed,No,78,5577,Not Applicable,Not Applicable,0,1,13–24 months,45–59,$70–$89.99,Premium Value,3,1,No Referrals,Higher Contract Risk,3,High,112.87,Basic Relationship,0.3534024478911675,True,True,False,False,False,True,True,False,High-value outreach,1,Dedicated retention specialist and personalized value-protection review,75.0
4660-IRIBM,Male,32,No,No,Yes,Yes,1,United States,California,Crows Landing,95313,37.435664,-121.049056,1508,Q3,Yes,1,18,Offer D,Yes,24.16,No,Yes,Fiber Optic,19,Yes,No,Yes,No,Yes,No,No,Yes,Month-to-Month,Yes,Mailed Check,87.9,1500.5,0.0,0,434.88,1935.38,4,Stayed,No,33,5192,Not Applicable,Not Applicable,0,1,13–24 months,30–44,$70–$89.99,High Value,6,2,1–2 Referrals,Higher Contract Risk,3,High,107.52,Advocate,0.6889097853984646,True,True,False,False,False,True,True,False,High-value outreach,1,Dedicated retention specialist and personalized value-protection review,75.0
3916-NRPAP,Male,21,Yes,No,No,No,0,United States,California,Escalon,95320,37.818543,-121.006907,11474,Q3,No,0,3,Offer E,Yes,29.84,No,Yes,Fiber Optic,30,No,No,Yes,No,No,Yes,Yes,Yes,Month-to-Month,No,Credit Card,85.7,256.75,0.0,0,89.52,346.27,5,Joined,No,33,5806,Not Applicable,Not Applicable,0,1,1–6 months,19–29,$70–$89.99,Premium Value,6,1,No Referrals,Higher Contract Risk,4,Very High,115.42,Multi-Service,0.6711295674785136,True,True,True,True,False,True,True,False,High-value outreach,1,Dedicated retention specialist and personalized value-protection review,75.0
7126-RBHSD,Female,53,No,No,Yes,No,0,United States,California,Lathrop,95330,37.80821,-121.308401,10834,Q3,Yes,1,17,Offer D,Yes,21.15,Yes,Yes,Fiber Optic,4,Yes,No,No,No,No,No,No,Yes,Month-to-Month,No,Bank Withdrawal,78.9,1348.95,0.0,0,359.55,1708.5,3,Stayed,No,38,2362,Not Applicable,Not Applicable,0,1,13–24 months,45–59,$70–$89.99,Emerging Value,4,1,1–2 Referrals,Higher Contract Risk,3,High,100.5,Advocate,0.631586998674024,True,False,False,False,False,True,True,False,Fiber quality and contract,5,Fiber diagnostics followed by a value-led contract-upgrade incentive,50.0
6077-BDPXA,Female,56,No,No,No,No,0,United States,California,Merced,95340,37.255637,-120.493537,59289,Q3,No,0,3,No Offer,Yes,5.63,No,Yes,Fiber Optic,15,No,No,No,No,No,No,No,Yes,Month-to-Month,Yes,Bank Withdrawal,70.15,194.2,0.0,0,16.89,211.09,3,Joined,No,26,2228,Not Applicable,Not Applicable,0,1,1–6 months,45–59,$70–$89.99,Emerging Value,3,0,No Referrals,Higher Contract Risk,4,Very High,70.36,Basic Relationship,0.6853142753192617,True,False,True,True,False,True,True,False,Early fiber assurance,2,"First-90-day fiber service-health check, rapid issue resolution, and plan review",40.0
4291-SHSBH,Male,25,Yes,No,No,No,0,United States,California,Modesto,95354,37.639029,-120.964772,27135,Q3,No,0,7,Offer E,Yes,8.95,No,Yes,Fiber Optic,52,No,No,No,No,No,No,No,Yes,Month-to-Month,Yes,Bank Withdrawal,69.55,521.35,0.0,0,62.65,584.0,3,Stayed,No,71,4704,Not Applicable,Not Applicable,0,1,7–12 months,19–29,$35–$69.99,High Value,3,0,No Referrals,Higher Contract Risk,4,Very High,83.43,Basic Relationship,0.6949153534761184,True,True,True,False,False,True,True,False,High-value outreach,1,Dedicated retention specialist and personalized value-protection review,75.0
3055-MJDSB,Male,24,Yes,No,No,No,0,United States,California,Planada,95365,37.329725,-120.306399,4150,Q3,No,0,9,Offer E,No,0.0,No,Yes,DSL,52,No,No,No,No,No,No,No,Yes,Month-to-Month,Yes,Mailed Check,24.6,190.1,0.0,0,0.0,190.1,5,Stayed,No,49,2323,Not Applicable,Not Applicable,0,1,7–12 months,19–29,Under $35,Emerging Value,2,0,No Referrals,Higher Contract Risk,3,High,21.12,Basic Relationship,0.7048619575976526,True,False,False,False,False,False,True,False,Support bundle and contract,6,Time-limited premium-support bundle with a longer-contract value option,45.0
2040-VZIKE,Female,56,No,No,Yes,No,0,United States,California,Stevinson,95374,37.316807,-120.855753,1960,Q3,Yes,3,49,No Offer,Yes,44.81,Yes,Yes,Fiber Optic,10,Yes,No,No,No,Yes,Yes,Yes,Yes,Month-to-Month,Yes,Mailed Check,100.85,4847.35,0.0,0,2195.69,7043.04,3,Stayed,No,53,5417,Not Applicable,Not Applicable,0,1,49–72 months,45–59,$90+,Premium Value,7,1,3–5 Referrals,Higher Contract Risk,4,Very High,143.74,Advocate,0.6897712412953242,True,True,False,False,False,True,True,False,High-value outreach,1,Dedicated retention specialist and personalized value-protection review,75.0
0096-FCPUF,Male,58,No,No,No,No,0,United States,California,Santa Rosa,95404,38.526941,-122.709096,35057,Q3,No,0,30,No Offer,Yes,2.64,Yes,Yes,DSL,15,Yes,No,No,No,No,Yes,Yes,Yes,Month-to-Month,Yes,Mailed Check,64.5,1888.45,0.0,0,79.2,1967.65,3,Stayed,No,48,5039,Not Applicable,Not Applicable,0,1,25–48 months,45–59,$35–$69.99,High Value,6,1,No Referrals,Higher Contract Risk,2,Elevated,65.59,Multi-Service,0.5063161830073818,True,False,False,False,False,False,True,False,Support bundle and contract,6,Time-limited premium-support bundle with a longer-contract value option,45.0
9992-UJOEL,Male,22,Yes,No,No,No,0,United States,California,Elk,95432,39.108252,-123.645121,383,Q3,No,0,2,Offer E,Yes,18.62,No,Yes,DSL,51,No,Yes,No,No,No,No,No,Yes,Month-to-Month,Yes,Credit Card,50.3,92.75,0.0,0,37.24,129.99,5,Joined,No,33,5870,Not Applicable,Not Applicable,0,1,1–6 months,19–29,$35–$69.99,Premium Value,4,1,No Referrals,Higher Contract Risk,3,High,65.0,Basic Relationship,0.4188644998072379,True,True,False,True,False,False,True,False,High-value outreach,1,Dedicated retention specialist and personalized value-protection review,75.0
4741-WWJQZ,Female,49,No,No,Yes,No,0,United States,California,Forestville,95436,38.499302,-122.92444,6216,Q3,No,0,2,Offer E,Yes,26.58,No,Yes,Fiber Optic,23,Yes,No,No,Yes,No,No,No,Yes,Month-to-Month,Yes,Bank Withdrawal,80.15,194.55,0.0,0,53.16,247.71,3,Joined,No,26,5251,Not Applicable,Not Applicable,0,1,1–6 months,45–59,$70–$89.99,High Value,5,2,No Referrals,Higher Contract Risk,3,High,123.86,Protection Engaged,0.8794693205053858,True,True,True,True,False,True,False,False,High-value outreach,1,Dedicated retention specialist and personalized value-protection review,75.0
6625-UTXEW,Female,26,Yes,No,Yes,No,0,United States,California,Fort Bragg,95437,39.455555,-123.683979,14417,Q3,Yes,1,12,Offer D,Yes,46.88,No,Yes,Cable,73,No,Yes,No,No,No,No,No,Yes,Month-to-Month,Yes,Bank Withdrawal,51.25,612.1,0.0,0,562.56,1174.66,3,Stayed,No,57,3097,Not Applicable,Not Applicable,0,1,7–12 months,19–29,$35–$69.99,Emerging Value,4,1,1–2 Referrals,Higher Contract Risk,3,High,97.89,Advocate,0.5547174963407592,True,False,False,False,False,False,True,False,Support bundle and contract,6,Time-limited premium-support bundle with a longer-contract value option,45.0
6260-ONULR,Male,55,No,No,No,No,0,United States,California,Middletown,95461,38.787446,-122.58675,7789,Q3,No,0,1,No Offer,Yes,42.19,No,Yes,Cable,29,No,No,No,No,Yes,Yes,Yes,Yes,Month-to-Month,Yes,Credit Card,62.8,62.8,0.0,0,42.19,104.99,5,Joined,No,36,2438,Not Applicable,Not Applicable,0,1,1–6 months,45–59,$35–$69.99,Emerging Value,6,0,No Referrals,Higher Contract Risk,3,High,104.99,Multi-Service,0.5555752698997559,True,False,False,True,False,False,True,False,Early onboarding,3,Structured 30/60/90-day onboarding support and service education,25.0
6198-ZFIOJ,Female,50,No,No,No,No,0,United States,California,Willits,95490,39.492046,-123.375818,13472,Q3,No,0,5,No Offer,Yes,19.3,Yes,Yes,Fiber Optic,25,No,No,No,No,No,No,No,No,Month-to-Month,No,Bank Withdrawal,75.6,402.5,0.0,10,96.5,509.0,3,Stayed,No,27,3469,Not Applicable,Not Applicable,0,1,1–6 months,45–59,$70–$89.99,Core Value,2,0,No Referrals,Higher Contract Risk,4,Very High,101.8,Basic Relationship,0.6428458175786452,True,False,True,True,False,True,True,False,Early fiber assurance,2,"First-90-day fiber service-health check, rapid issue resolution, and plan review",40.0
4945-RVMTE,Female,57,No,No,No,No,0,United States,California,Blocksburg,95514,40.309088,-123.668201,199,Q3,No,0,28,No Offer,Yes,38.97,No,Yes,Cable,3,No,No,Yes,No,Yes,No,No,Yes,Month-to-Month,Yes,Bank Withdrawal,59.55,1646.45,0.0,0,1091.16,2737.61,3,Stayed,No,37,3354,Not Applicable,Not Applicable,0,1,25–48 months,45–59,$35–$69.99,Emerging Value,5,1,No Referrals,Higher Contract Risk,2,Elevated,97.77,Multi-Service,0.4726057641968945,True,False,False,False,False,False,True,False,Support bundle and contract,6,Time-limited premium-support bundle with a longer-contract value option,45.0
1907-YLNYW,Male,47,No,No,No,No,0,United States,California,Gasquet,95543,41.867908,-123.794144,532,Q3,No,0,8,No Offer,Yes,41.13,No,Yes,DSL,27,Yes,No,Yes,No,No,Yes,Yes,Yes,Month-to-Month,Yes,Bank Withdrawal,66.7,579.0,0.0,0,329.04,908.04,3,Stayed,No,35,4490,Not Applicable,Not Applicable,0,1,7–12 months,45–59,$35–$69.99,Core Value,7,2,No Referrals,Higher Contract Risk,3,High,113.5,Protection Engaged,0.4896069439212933,True,False,False,False,False,False,True,False,Support bundle and contract,6,Time-limited premium-support bundle with a longer-contract value option,45.0
7537-RBWEA,Female,19,Yes,No,No,No,0,United States,California,Petrolia,95558,40.274302,-124.210902,300,Q3,No,0,1,No Offer,No,0.0,No,Yes,Cable,52,No,No,No,No,No,No,No,Yes,Month-to-Month,Yes,Credit Card,25.15,25.15,0.0,0,0.0,25.15,5,Joined,No,45,3513,Not Applicable,Not Applicable,0,1,1–6 months,19–29,Under $35,Core Value,2,0,No Referrals,Higher Contract Risk,3,High,25.15,Basic Relationship,0.5024386259444226,True,False,False,True,False,False,True,False,Early onboarding,3,Structured 30/60/90-day onboarding support and service education,25.0
2625-TRCZQ,Female,21,Yes,No,Yes,No,0,United States,California,Auburn,95602,38.99003,-121.114408,18197,Q3,No,0,51,Offer B,No,0.0,No,Yes,DSL,42,No,Yes,No,No,Yes,Yes,Yes,Yes,Month-to-Month,Yes,Bank Withdrawal,49.65,2553.35,0.0,0,0.0,2553.35,3,Stayed,No,30,5528,Not Applicable,Not Applicable,0,1,49–72 months,19–29,$35–$69.99,Premium Value,6,1,No Referrals,Higher Contract Risk,2,Elevated,50.07,Multi-Service,0.6919775128331611,True,False,False,False,False,False,True,False,Support bundle and contract,6,Time-limited premium-support bundle with a longer-contract value option,45.0
0196-JTUQI,Female,59,No,No,No,No,0,United States,California,Clarksburg,95612,38.384648,-121.578701,1417,Q3,No,0,9,No Offer,Yes,9.27,Yes,Yes,Fiber Optic,28,No,No,No,No,No,No,No,Yes,Month-to-Month,Yes,Credit Card,75.2,633.85,0.0,0,83.43,717.28,5,Stayed,No,68,5841,Not Applicable,Not Applicable,0,1,7–12 months,45–59,$70–$89.99,Premium Value,3,0,No Referrals,Higher Contract Risk,4,Very High,79.7,Basic Relationship,0.6121811407880806,True,True,True,False,False,True,True,False,High-value outreach,1,Dedicated retention specialist and personalized value-protection review,75.0
9272-LSVYH,Male,23,Yes,No,No,No,0,United States,California,Courtland,95615,38.311609,-121.554034,699,Q3,No,0,10,No Offer,Yes,4.29,No,Yes,Fiber Optic,85,No,No,No,No,No,No,No,Yes,Month-to-Month,No,Credit Card,70.15,735.5,0.0,0,42.9,778.4,3,Stayed,No,78,3963,Not Applicable,Not Applicable,0,1,7–12 months,19–29,$70–$89.99,Core Value,3,0,No Referrals,Higher Contract Risk,4,Very High,77.84,Basic Relationship,0.4001481582717774,True,False,True,False,False,True,True,False,Early fiber assurance,2,"First-90-day fiber service-health check, rapid issue resolution, and plan review",40.0
9793-WECQC,Male,53,No,No,No,No,0,United States,California,Foresthill,95631,39.031876,-120.811141,5714,Q3,No,0,23,No Offer,Yes,48.21,No,Yes,Fiber Optic,23,No,Yes,No,No,Yes,Yes,Yes,Yes,Month-to-Month,No,Credit Card,95.3,2192.9,0.0,0,1108.83,3301.73,3,Stayed,No,68,5029,Not Applicable,Not Applicable,0,1,13–24 months,45–59,$90+,High Value,7,1,No Referrals,Higher Contract Risk,4,Very High,143.55,Multi-Service,0.4985670208089693,True,True,False,False,False,True,True,False,High-value outreach,1,Dedicated retention specialist and personalized value-protection review,75.0
3717-OEAUQ,Male,37,No,No,No,No,0,United States,California,Ione,95640,38.33788,-120.954202,9752,Q3,No,0,2,Offer E,Yes,2.72,No,Yes,Fiber Optic,14,No,No,No,No,No,No,No,No,Month-to-Month,No,Credit Card,70.7,129.2,0.0,10,5.44,144.64,4,Joined,No,38,2388,Not Applicable,Not Applicable,0,1,1–6 months,30–44,$70–$89.99,Emerging Value,2,0,No Referrals,Higher Contract Risk,4,Very High,72.32,Basic Relationship,0.572848361460583,True,False,True,True,False,True,True,False,Early fiber assurance,2,"First-90-day fiber service-health check, rapid issue resolution, and plan review",40.0
9885-AIBVB,Male,62,No,No,Yes,No,0,United States,California,Newcastle,95658,38.883224,-121.15918,6096,Q3,Yes,4,29,No Offer,Yes,39.5,Yes,Yes,Fiber Optic,16,No,Yes,Yes,No,No,No,No,No,Month-to-Month,Yes,Bank Withdrawal,85.8,2440.25,0.0,150,1145.5,3735.75,3,Stayed,No,70,2568,Not Applicable,Not Applicable,0,1,25–48 months,60–69,$70–$89.99,Emerging Value,4,2,3–5 Referrals,Higher Contract Risk,3,High,128.82,Advocate,0.5286284806110285,True,False,False,False,False,True,True,False,Fiber quality and contract,5,Fiber diagnostics followed by a value-led contract-upgrade incentive,50.0
8714-CTZJW,Female,24,Yes,No,No,No,0,United States,California,Pilot Hill,95664,38.803731,-121.043799,1173,Q3,No,0,4,Offer E,Yes,19.84,No,Yes,Fiber Optic,73,No,No,Yes,No,No,Yes,Yes,Yes,Month-to-Month,Yes,Credit Card,82.85,319.6,0.0,0,79.36,398.96,3,Stayed,No,80,3154,Not Applicable,Not Applicable,0,1,1–6 months,19–29,$70–$89.99,Emerging Value,6,1,No Referrals,Higher Contract Risk,4,Very High,99.74,Multi-Service,0.6620467052393215,True,False,True,True,False,True,True,False,Early fiber assurance,2,"First-90-day fiber service-health check, rapid issue resolution, and plan review",40.0
3569-EDBPQ,Female,44,No,No,No,No,0,United States,California,Pine Grove,95665,38.400264,-120.641274,4354,Q3,No,0,24,No Offer,Yes,25.81,Yes,Yes,Fiber Optic,3,Yes,No,No,Yes,No,No,No,Yes,Month-to-Month,Yes,Bank Withdrawal,84.35,1938.05,0.0,0,619.44,2557.49,3,Stayed,No,31,2198,Not Applicable,Not Applicable,0,1,13–24 months,30–44,$70–$89.99,Emerging Value,5,2,No Referrals,Higher Contract Risk,2,Elevated,106.56,Protection Engaged,0.4540243919221572,True,False,False,False,False,True,False,False,Fiber quality and contract,5,Fiber diagnostics followed by a value-led contract-upgrade incentive,50.0
2373-NTKOD,Male,40,No,No,No,No,0,United States,California,Rancho Cordova,95670,38.602723,-121.279913,49729,Q3,No,0,8,Offer E,Yes,25.72,No,Yes,Cable,24,No,No,No,No,Yes,Yes,Yes,Yes,Month-to-Month,Yes,Bank Withdrawal,66.25,546.45,0.0,0,205.76,752.21,5,Stayed,No,60,3026,Not Applicable,Not Applicable,0,1,7–12 months,30–44,$35–$69.99,Emerging Value,6,0,No Referrals,Higher Contract Risk,3,High,94.03,Multi-Service,0.7374365938628255,True,False,False,False,False,False,True,False,Support bundle and contract,6,Time-limited premium-support bundle with a longer-contract value option,45.0
5302-BDJNT,Male,27,Yes,No,No,No,0,United States,California,Sutter Creek,95685,38.432145,-120.77069,4610,Q3,No,0,35,No Offer,Yes,45.62,Yes,Yes,Fiber Optic,59,No,No,Yes,Yes,Yes,No,No,Yes,Month-to-Month,No,Bank Withdrawal,95.5,3418.2,0.0,0,1596.7,5014.9,3,Stayed,No,27,3715,Not Applicable,Not Applicable,0,1,25–48 months,19–29,$90+,Core Value,6,2,No Referrals,Higher Contract Risk,3,High,143.28,Protection Engaged,0.4567464464125031,True,False,False,False,False,True,False,False,Fiber quality and contract,5,Fiber diagnostics followed by a value-led contract-upgrade incentive,50.0
6439-LAJXL,Male,47,No,No,Yes,No,0,United States,California,Echo Lake,95721,38.851842,-120.076204,69,Q3,Yes,2,9,Offer E,Yes,34.64,No,Yes,DSL,7,Yes,Yes,No,Yes,Yes,No,No,Yes,Month-to-Month,Yes,Mailed Check,68.95,593.85,0.0,0,311.76,905.61,3,Stayed,No,29,2452,Not Applicable,Not Applicable,0,1,7–12 months,45–59,$35–$69.99,Emerging Value,7,3,1–2 Referrals,Higher Contract Risk,2,Elevated,100.62,Advocate,0.675514242980498,True,False,False,False,False,False,False,False,Competitor-response retention,8,"Personalized device, data, speed, or value response based on customer needs",55.0
1666-JZPZT,Male,61,No,No,No,No,0,United States,California,Twin Bridges,95735,38.805481,-120.13287,25,Q3,No,0,27,No Offer,Yes,2.69,Yes,Yes,Cable,15,No,No,No,No,No,No,No,Yes,Month-to-Month,No,Mailed Check,49.0,1291.35,0.0,0,72.63,1363.98,3,Stayed,No,51,5428,Not Applicable,Not Applicable,0,1,25–48 months,60–69,$35–$69.99,Premium Value,3,0,No Referrals,Higher Contract Risk,2,Elevated,50.52,Basic Relationship,0.4887304916748418,True,False,False,False,False,False,True,False,Support bundle and contract,6,Time-limited premium-support bundle with a longer-contract value option,45.0
7055-HNEOJ,Male,34,No,No,Yes,No,0,United States,California,El Dorado Hills,95762,38.684437,-121.055634,22028,Q3,Yes,2,3,Offer E,Yes,4.19,No,Yes,Cable,6,No,No,Yes,Yes,No,No,No,Yes,Month-to-Month,Yes,Mailed Check,55.8,154.55,0.0,0,12.57,167.12,4,Joined,No,48,2662,Not Applicable,Not Applicable,0,1,1–6 months,30–44,$35–$69.99,Emerging Value,5,2,1–2 Referrals,Higher Contract Risk,2,Elevated,55.71,Advocate,0.7987247979521045,True,False,False,True,False,False,False,False,Early onboarding,3,Structured 30/60/90-day onboarding support and service education,25.0
3211-AAPKX,Male,26,Yes,No,No,No,0,United States,California,Woodland,95776,38.694081,-121.694431,15022,Q3,No,0,20,No Offer,Yes,23.22,Yes,Yes,Fiber Optic,59,No,No,No,Yes,Yes,Yes,Yes,Yes,Month-to-Month,Yes,Mailed Check,98.55,2031.95,0.0,0,464.4,2496.35,3,Stayed,No,42,3300,Not Applicable,Not Applicable,0,1,13–24 months,19–29,$90+,Emerging Value,7,1,No Referrals,Higher Contract Risk,3,High,124.82,Multi-Service,0.771136622857493,True,False,False,False,False,True,False,False,Fiber quality and contract,5,Fiber diagnostics followed by a value-led contract-upgrade incentive,50.0
1735-XMJVH,Male,51,No,No,Yes,Yes,3,United States,California,Sacramento,95818,38.556306,-121.495817,21313,Q3,No,0,8,Offer E,Yes,34.87,No,No,No Internet,0,No,No,No,No,No,No,No,No,Month-to-Month,Yes,Mailed Check,19.35,152.6,0.0,0,278.96,431.56,3,Stayed,No,58,5416,Not Applicable,Not Applicable,0,1,7–12 months,45–59,Under $35,Premium Value,1,0,No Referrals,Higher Contract Risk,3,High,53.94,Basic Relationship,0.3923928266036072,True,True,False,False,False,False,True,False,High-value outreach,1,Dedicated retention specialist and personalized value-protection review,75.0
6890-PFRQX,Male,56,No,No,No,No,0,United States,California,Sacramento,95819,38.567594,-121.437507,15975,Q3,No,0,18,No Offer,Yes,12.21,Yes,Yes,DSL,8,Yes,No,Yes,No,Yes,No,No,Yes,Month-to-Month,No,Mailed Check,69.5,1199.4,0.0,0,219.78,1419.18,3,Stayed,No,24,4466,Not Applicable,Not Applicable,0,1,13–24 months,45–59,$35–$69.99,Core Value,6,2,No Referrals,Higher Contract Risk,2,Elevated,78.84,Protection Engaged,0.545907147024346,True,False,False,False,False,False,True,False,Support bundle and contract,6,Time-limited premium-support bundle with a longer-contract value option,45.0
5899-OUVKV,Male,56,No,No,No,No,0,United States,California,Sacramento,95821,38.625096,-121.383658,35426,Q3,No,0,31,No Offer,Yes,45.92,No,Yes,Fiber Optic,18,No,Yes,No,No,Yes,Yes,Yes,Yes,Month-to-Month,Yes,Bank Withdrawal,94.5,2979.2,0.0,0,1423.52,4402.72,3,Stayed,No,42,3949,Not Applicable,Not Applicable,0,1,25–48 months,45–59,$90+,Core Value,7,1,No Referrals,Higher Contract Risk,4,Very High,142.02,Multi-Service,0.61988983928273,True,False,False,False,False,True,True,False,Fiber quality and contract,5,Fiber diagnostics followed by a value-led contract-upgrade incentive,50.0
6362-QHAFM,Male,53,No,No,Yes,No,0,United States,California,Sacramento,95825,38.590035,-121.412455,30715,Q3,Yes,1,42,No Offer,Yes,42.45,Yes,Yes,Fiber Optic,11,No,No,Yes,Yes,Yes,Yes,Yes,Yes,One Year,Yes,Bank Withdrawal,108.3,4586.15,0.0,0,1782.9,6369.05,3,Stayed,No,63,5106,Not Applicable,Not Applicable,0,1,25–48 months,45–59,$90+,High Value,8,2,1–2 Referrals,Moderate Contract Risk,2,Elevated,151.64,Advocate,0.6027514899184355,True,False,False,False,False,False,False,False,Competitor-response retention,8,"Personalized device, data, speed, or value response based on customer needs",55.0
9495-SKLKD,Male,54,No,No,Yes,Yes,2,United States,California,Marysville,95901,39.19514,-121.503883,38091,Q3,Yes,1,45,No Offer,Yes,22.31,Yes,Yes,Fiber Optic,19,No,Yes,Yes,No,No,Yes,Yes,Yes,Month-to-Month,Yes,Bank Withdrawal,95.95,4456.65,0.0,0,1003.95,5460.6,5,Stayed,No,63,5322,Not Applicable,Not Applicable,0,1,25–48 months,45–59,$90+,High Value,7,2,1–2 Referrals,Higher Contract Risk,4,Very High,121.35,Advocate,0.5221124602180478,True,True,False,False,False,True,True,False,High-value outreach,1,Dedicated retention specialist and personalized value-protection review,75.0
6416-YJTTB,Male,20,Yes,No,No,No,0,United States,California,Downieville,95936,39.578792,-120.780786,404,Q3,No,0,11,Offer D,Yes,8.48,No,Yes,Fiber Optic,52,Yes,No,Yes,No,No,No,No,Yes,Month-to-Month,Yes,Bank Withdrawal,79.5,795.65,0.0,0,93.28,888.93,4,Stayed,No,57,2278,Not Applicable,Not Applicable,0,1,7–12 months,19–29,$70–$89.99,Emerging Value,5,2,No Referrals,Higher Contract Risk,4,Very High,80.81,Protection Engaged,0.4088903131556355,True,False,True,False,False,True,True,False,Early fiber assurance,2,"First-90-day fiber service-health check, rapid issue resolution, and plan review",40.0
7041-TXQJH,Female,64,No,No,No,No,0,United States,California,Goodyears Bar,95944,39.564113,-120.868836,76,Q3,No,0,37,Offer C,No,0.0,No,Yes,Cable,6,No,No,Yes,No,No,Yes,Yes,Yes,Month-to-Month,Yes,Credit Card,40.2,1478.85,0.0,0,0.0,1478.85,5,Stayed,No,20,5924,Not Applicable,Not Applicable,0,1,25–48 months,60–69,$35–$69.99,Premium Value,5,1,No Referrals,Higher Contract Risk,2,Elevated,39.97,Multi-Service,0.327410897305937,True,False,False,False,False,False,True,False,Support bundle and contract,6,Time-limited premium-support bundle with a longer-contract value option,45.0
1769-GRUIK,Female,19,Yes,No,No,No,0,United States,California,Gridley,95948,39.346898,-121.759537,9763,Q3,No,0,18,Offer D,Yes,2.76,No,Yes,Fiber Optic,26,No,No,No,No,No,No,No,No,Month-to-Month,Yes,Bank Withdrawal,71.1,1247.75,0.0,150,49.68,1447.43,5,Stayed,No,28,4911,Not Applicable,Not Applicable,0,1,13–24 months,19–29,$70–$89.99,High Value,2,0,No Referrals,Higher Contract Risk,3,High,80.41,Basic Relationship,0.5203064644980844,True,True,False,False,False,True,True,False,High-value outreach,1,Dedicated retention specialist and personalized value-protection review,75.0
9314-IJWSQ,Female,46,No,No,Yes,Yes,3,United States,California,Meridian,95957,39.068071,-121.832638,776,Q3,Yes,1,14,Offer D,Yes,26.58,Yes,Yes,Fiber Optic,53,No,No,No,No,Yes,No,No,Yes,Month-to-Month,Yes,Bank Withdrawal,84.8,1203.9,0.0,0,372.12,1576.02,3,Stayed,No,80,2452,Not Applicable,Not Applicable,0,1,13–24 months,45–59,$70–$89.99,Emerging Value,4,0,1–2 Referrals,Higher Contract Risk,3,High,112.57,Advocate,0.4278216060770423,True,False,False,False,False,True,True,False,Fiber quality and contract,5,Fiber diagnostics followed by a value-led contract-upgrade incentive,50.0
2984-AFWNC,Female,52,No,No,No,No,0,United States,California,Rough And Ready,95975,39.225634,-121.156163,1601,Q3,No,0,3,No Offer,Yes,17.01,No,Yes,Fiber Optic,28,No,Yes,No,No,Yes,Yes,Yes,Yes,Month-to-Month,No,Bank Withdrawal,95.4,293.15,0.0,0,51.03,344.18,3,Joined,No,70,2813,Not Applicable,Not Applicable,0,1,1–6 months,45–59,$90+,Emerging Value,7,1,No Referrals,Higher Contract Risk,5,Very High,114.73,Multi-Service,0.7245747763110347,True,False,True,True,False,True,True,False,Early fiber assurance,2,"First-90-day fiber service-health check, rapid issue resolution, and plan review",40.0
8096-LOIST,Female,57,No,No,No,No,0,United States,California,Stirling City,95978,39.904002,-121.527823,28,Q3,No,0,19,Offer D,Yes,40.22,No,Yes,Cable,22,No,No,No,No,No,Yes,Yes,Yes,Month-to-Month,Yes,Bank Withdrawal,56.2,1093.4,0.0,0,764.18,1857.58,5,Stayed,No,38,3384,Not Applicable,Not Applicable,0,1,13–24 months,45–59,$35–$69.99,Emerging Value,5,0,No Referrals,Higher Contract Risk,2,Elevated,97.77,Multi-Service,0.3880029412612806,True,False,False,False,False,False,True,False,Support bundle and contract,6,Time-limited premium-support bundle with a longer-contract value option,45.0
6968-GMKPR,Female,39,No,No,No,No,0,United States,California,French Gulch,96033,40.740138,-122.587476,373,Q3,No,0,55,Offer B,Yes,22.34,No,Yes,Fiber Optic,4,No,Yes,Yes,No,No,No,No,Yes,Month-to-Month,Yes,Bank Withdrawal,81.55,4509.5,0.0,0,1228.7,5738.2,3,Stayed,No,80,5167,Not Applicable,Not Applicable,0,1,49–72 months,30–44,$70–$89.99,High Value,5,2,No Referrals,Higher Contract Risk,3,High,104.33,Protection Engaged,0.3291534125938136,True,True,False,False,False,True,True,False,High-value outreach,1,Dedicated retention specialist and personalized value-protection review,75.0
2720-FVBQP,Female,28,Yes,No,Yes,Yes,1,United States,California,Mccloud,96057,41.251322,-122.105209,1586,Q3,Yes,1,6,Offer E,Yes,24.83,Yes,Yes,Cable,82,No,No,No,No,No,No,No,Yes,Month-to-Month,Yes,Credit Card,48.95,273.25,0.0,0,148.98,422.23,3,Stayed,No,30,3061,Not Applicable,Not Applicable,0,1,1–6 months,19–29,$35–$69.99,Emerging Value,3,0,1–2 Referrals,Higher Contract Risk,3,High,70.37,Advocate,0.6038820965154404,True,False,False,True,False,False,True,False,Early onboarding,3,Structured 30/60/90-day onboarding support and service education,25.0
7321-VGNKU,Female,45,No,No,Yes,No,0,United States,California,Paskenta,96074,39.884395,-122.587513,263,Q3,Yes,1,2,Offer E,Yes,7.7,No,Yes,Fiber Optic,22,No,No,No,No,No,No,No,No,Month-to-Month,Yes,Bank Withdrawal,70.35,120.25,0.0,20,15.4,155.65,3,Joined,No,39,4917,Not Applicable,Not Applicable,0,1,1–6 months,45–59,$70–$89.99,High Value,2,0,1–2 Referrals,Higher Contract Risk,4,Very High,77.82,Advocate,0.8884316853595925,True,True,True,True,False,True,True,False,High-value outreach,1,Dedicated retention specialist and personalized value-protection review,75.0
2927-QRRQV,Male,44,No,No,Yes,No,0,United States,California,Scott Bar,96085,41.737962,-123.07557,88,Q3,Yes,1,46,Offer B,Yes,10.13,Yes,Yes,Fiber Optic,3,No,Yes,Yes,No,Yes,No,No,Yes,One Year,Yes,Bank Withdrawal,94.65,4312.5,0.0,0,465.98,4778.48,4,Stayed,No,79,4120,Not Applicable,Not Applicable,0,1,25–48 months,30–44,$90+,Core Value,6,2,1–2 Referrals,Moderate Contract Risk,3,High,103.88,Advocate,0.4684104685049786,True,False,False,False,False,False,False,False,Competitor-response retention,8,"Personalized device, data, speed, or value response based on customer needs",55.0
5035-BVCXS,Male,20,Yes,No,No,No,0,United States,California,Loyalton,96118,39.637471,-120.226338,1822,Q3,No,0,11,No Offer,Yes,13.55,No,Yes,Fiber Optic,27,No,Yes,No,No,No,No,No,Yes,Month-to-Month,Yes,Credit Card,75.9,866.4,0.0,0,149.05,1015.45,4,Stayed,No,70,4278,Not Applicable,Not Applicable,0,1,7–12 months,19–29,$70–$89.99,Core Value,4,1,No Referrals,Higher Contract Risk,4,Very High,92.31,Basic Relationship,0.5085785208537847,True,False,True,False,False,True,True,False,Early fiber assurance,2,"First-90-day fiber service-health check, rapid issue resolution, and plan review",40.0
1478-VPOAD,Female,39,No,No,No,No,0,United States,California,Calpine,96124,39.672813,-120.456699,322,Q3,No,0,1,Offer E,Yes,37.5,No,Yes,DSL,3,No,No,No,No,No,No,No,Yes,Month-to-Month,No,Bank Withdrawal,43.8,43.8,0.0,0,37.5,81.3,5,Joined,No,31,4633,Not Applicable,Not Applicable,0,1,1–6 months,30–44,$35–$69.99,High Value,3,0,No Referrals,Higher Contract Risk,3,High,81.3,Basic Relationship,0.4906956655887996,True,True,False,True,False,False,True,False,High-value outreach,1,Dedicated retention specialist and personalized value-protection review,75.0
2988-PLAHS,Female,58,No,No,No,No,0,United States,California,Sierraville,96126,39.559709,-120.345639,227,Q3,No,0,3,Offer E,Yes,29.51,No,Yes,Cable,17,No,No,Yes,No,Yes,Yes,Yes,No,One Year,Yes,Bank Withdrawal,69.95,220.45,0.0,30,88.53,338.98,5,Joined,No,67,2754,Not Applicable,Not Applicable,0,1,1–6 months,45–59,$35–$69.99,Emerging Value,6,1,No Referrals,Moderate Contract Risk,2,Elevated,112.99,Multi-Service,0.4664073165155524,True,False,False,False,False,False,False,False,Competitor-response retention,8,"Personalized device, data, speed, or value response based on customer needs",55.0
1498-DQNRX,Female,46,No,No,Yes,No,0,United States,California,Westwood,96137,40.271535,-121.018087,4158,Q3,No,0,29,No Offer,Yes,5.69,No,No,No Internet,0,No,No,No,No,No,No,No,No,Month-to-Month,No,Mailed Check,19.85,573.05,0.0,0,165.01,738.06,4,Stayed,No,59,2712,Not Applicable,Not Applicable,0,1,25–48 months,45–59,Under $35,Emerging Value,1,0,No Referrals,Higher Contract Risk,2,Elevated,25.45,Basic Relationship,0.5433685304530688,True,False,False,False,False,False,True,False,Support bundle and contract,6,Time-limited premium-support bundle with a longer-contract value option,45.0
9469-WEJBT,Male,56,No,No,Yes,No,0,United States,California,Carnelian Bay,96140,39.227434,-120.091806,1943,Q3,Yes,4,37,No Offer,Yes,6.99,No,Yes,Fiber Optic,22,No,No,Yes,Yes,No,Yes,Yes,No,Month-to-Month,Yes,Bank Withdrawal,90.35,3419.3,0.0,150,258.63,3827.93,3,Stayed,No,76,3347,Not Applicable,Not Applicable,0,1,25–48 months,45–59,$90+,Emerging Value,6,2,3–5 Referrals,Higher Contract Risk,3,High,103.46,Advocate,0.3956580443396406,True,False,False,False,False,True,False,False,Fiber quality and contract,5,Fiber diagnostics followed by a value-led contract-upgrade incentive,50.0
2851-MMUTZ,Female,29,Yes,No,No,No,0,United States,California,Tahoe Vista,96148,39.24124,-120.054765,678,Q3,No,0,27,No Offer,Yes,1.31,No,Yes,Cable,53,No,Yes,No,Yes,No,No,No,Yes,Month-to-Month,Yes,Mailed Check,56.15,1439.35,0.0,0,35.37,1474.72,3,Stayed,No,69,3056,Not Applicable,Not Applicable,0,1,25–48 months,19–29,$35–$69.99,Emerging Value,5,2,No Referrals,Higher Contract Risk,1,Lower,54.62,Protection Engaged,0.3846734499796141,True,False,False,False,False,False,False,False,Competitor-response retention,8,"Personalized device, data, speed, or value response based on customer needs",55.0
3307-TLCUD,Male,36,No,No,Yes,No,0,United States,California,Los Angeles,90001,33.973616,-118.24902,54492,Q3,Yes,1,17,No Offer,No,0.0,No,Yes,Cable,10,Yes,No,Yes,No,No,No,No,Yes,Month-to-Month,No,Mailed Check,34.4,592.75,0.0,0,0.0,592.75,3,Stayed,No,45,4207,Not Applicable,Not Applicable,0,1,13–24 months,30–44,Under $35,Core Value,4,2,1–2 Referrals,Higher Contract Risk,2,Elevated,34.87,Advocate,0.7554391359085909,True,False,False,False,False,False,True,False,Support bundle and contract,6,Time-limited premium-support bundle with a longer-contract value option,45.0
1219-NNDDO,Female,51,No,No,No,No,0,United States,California,Los Angeles,90015,34.039224,-118.266293,15140,Q3,No,0,9,Offer E,Yes,42.41,Yes,Yes,Fiber Optic,8,No,No,No,No,No,No,No,Yes,Month-to-Month,Yes,Bank Withdrawal,76.85,663.55,0.0,0,381.69,1045.24,5,Stayed,No,38,4834,Not Applicable,Not Applicable,0,1,7–12 months,45–59,$70–$89.99,High Value,3,0,No Referrals,Higher Contract Risk,4,Very High,116.14,Basic Relationship,0.8001697490146426,True,True,True,False,False,True,True,False,High-value outreach,1,Dedicated retention specialist and personalized value-protection review,75.0
9659-QEQSY,Female,26,Yes,No,No,No,0,United States,California,Los Angeles,90018,34.028735,-118.317236,47143,Q3,No,0,45,No Offer,Yes,33.73,Yes,Yes,Fiber Optic,30,Yes,Yes,Yes,Yes,Yes,Yes,Yes,Yes,Month-to-Month,Yes,Bank Withdrawal,115.65,5125.5,0.0,0,1517.85,6643.35,3,Stayed,No,75,3974,Not Applicable,Not Applicable,0,1,25–48 months,19–29,$90+,Core Value,10,4,No Referrals,Higher Contract Risk,3,High,147.63,Protection Engaged,0.4641946092594825,True,False,False,False,False,True,False,False,Fiber quality and contract,5,Fiber diagnostics followed by a value-led contract-upgrade incentive,50.0
5405-ZMYXQ,Female,21,Yes,No,No,No,0,United States,California,Los Angeles,90019,34.049841,-118.33846,67520,Q3,No,0,8,Offer E,Yes,1.28,Yes,Yes,Fiber Optic,42,No,No,No,No,No,No,No,Yes,Month-to-Month,Yes,Credit Card,74.6,548.9,0.0,0,10.24,559.14,5,Stayed,No,57,2142,Not Applicable,Not Applicable,0,1,7–12 months,19–29,$70–$89.99,Emerging Value,3,0,No Referrals,Higher Contract Risk,4,Very High,69.89,Basic Relationship,0.6717840047055703,True,False,True,False,False,True,True,False,Early fiber assurance,2,"First-90-day fiber service-health check, rapid issue resolution, and plan review",40.0
0793-TWELN,Female,27,Yes,No,No,No,0,United States,California,Los Angeles,90026,34.078991,-118.263804,73686,Q3,No,0,4,Offer E,Yes,6.5,Yes,Yes,Fiber Optic,73,Yes,No,No,No,No,No,No,Yes,Month-to-Month,Yes,Bank Withdrawal,80.15,319.85,0.0,0,26.0,345.85,3,Stayed,No,62,2841,Not Applicable,Not Applicable,0,1,1–6 months,19–29,$70–$89.99,Emerging Value,4,1,No Referrals,Higher Contract Risk,4,Very High,86.46,Basic Relationship,0.7048967583095975,True,False,True,True,False,True,True,False,Early fiber assurance,2,"First-90-day fiber service-health check, rapid issue resolution, and plan review",40.0
8158-WPEZG,Male,20,Yes,No,No,No,0,United States,California,Los Angeles,90061,33.92128,-118.274186,24511,Q3,No,0,11,No Offer,No,0.0,No,Yes,DSL,73,No,Yes,No,Yes,No,No,No,Yes,Month-to-Month,Yes,Bank Withdrawal,35.65,425.1,0.0,0,0.0,425.1,4,Stayed,No,61,4986,Not Applicable,Not Applicable,0,1,7–12 months,19–29,$35–$69.99,High Value,4,2,No Referrals,Higher Contract Risk,2,Elevated,38.65,Protection Engaged,0.3713855567808054,True,False,False,False,False,False,False,False,Competitor-response retention,8,"Personalized device, data, speed, or value response based on customer needs",55.0
6435-SRWBJ,Female,21,Yes,No,No,No,0,United States,California,Los Angeles,90068,34.137411,-118.328915,21728,Q3,No,0,5,Offer E,Yes,29.74,Yes,Yes,Fiber Optic,42,No,No,Yes,Yes,No,No,No,Yes,Month-to-Month,Yes,Bank Withdrawal,82.75,417.75,0.0,0,148.7,566.45,4,Stayed,No,36,5269,Not Applicable,Not Applicable,0,1,1–6 months,19–29,$70–$89.99,High Value,5,2,No Referrals,Higher Contract Risk,3,High,113.29,Protection Engaged,0.6953394965951908,True,True,True,True,False,True,False,False,High-value outreach,1,Dedicated retention specialist and personalized value-protection review,75.0
5515-RUGKN,Male,63,No,No,No,No,0,United States,California,Beverly Hills,90211,34.063947,-118.383001,8321,Q3,No,0,8,No Offer,Yes,30.53,No,Yes,DSL,26,No,No,No,No,No,Yes,Yes,Yes,Month-to-Month,Yes,Credit Card,54.75,438.05,0.0,0,244.24,682.29,5,Stayed,No,53,5317,Not Applicable,Not Applicable,0,1,7–12 months,60–69,$35–$69.99,High Value,5,0,No Referrals,Higher Contract Risk,3,High,85.29,Multi-Service,0.4101640382186695,True,True,False,False,False,False,True,False,High-value outreach,1,Dedicated retention specialist and personalized value-protection review,75.0
2081-VEYEH,Male,42,No,No,No,No,0,United States,California,Compton,90221,33.885811,-118.206459,51387,Q3,No,0,3,Offer E,Yes,12.66,No,Yes,Fiber Optic,28,No,Yes,Yes,Yes,Yes,Yes,Yes,Yes,Month-to-Month,Yes,Bank Withdrawal,107.95,318.6,0.0,0,37.98,356.58,3,Joined,No,70,5653,Not Applicable,Not Applicable,0,1,1–6 months,30–44,$90+,Premium Value,9,3,No Referrals,Higher Contract Risk,4,Very High,118.86,Protection Engaged,0.8200882574639105,True,True,True,True,False,True,False,False,High-value outreach,1,Dedicated retention specialist and personalized value-protection review,75.0
7398-SKNQZ,Female,51,No,No,Yes,No,0,United States,California,Downey,90241,33.940884,-118.128628,40152,Q3,Yes,5,3,No Offer,Yes,2.97,Yes,Yes,Fiber Optic,7,No,No,No,No,Yes,Yes,Yes,Yes,Month-to-Month,No,Bank Withdrawal,94.9,273.2,0.0,0,8.91,282.11,5,Joined,No,58,2330,Not Applicable,Not Applicable,0,1,1–6 months,45–59,$90+,Emerging Value,6,0,3–5 Referrals,Higher Contract Risk,5,Very High,94.04,Advocate,0.605541682036183,True,False,True,True,False,True,True,False,Early fiber assurance,2,"First-90-day fiber service-health check, rapid issue resolution, and plan review",40.0
5136-RGMZO,Male,39,No,No,No,No,0,United States,California,Gardena,90247,33.890853,-118.297967,47758,Q3,No,0,31,No Offer,Yes,6.4,Yes,Yes,Cable,24,No,Yes,No,Yes,Yes,No,No,Yes,Month-to-Month,Yes,Bank Withdrawal,71.05,2168.15,0.0,0,198.4,2366.55,4,Stayed,No,37,4443,Not Applicable,Not Applicable,0,1,25–48 months,30–44,$70–$89.99,Core Value,6,2,No Referrals,Higher Contract Risk,1,Lower,76.34,Protection Engaged,0.4033527328522417,True,False,False,False,False,False,False,False,Competitor-response retention,8,"Personalized device, data, speed, or value response based on customer needs",55.0
0106-GHRQR,Male,24,Yes,No,No,No,0,United States,California,Rancho Palos Verdes,90275,33.753146,-118.367459,41263,Q3,No,0,16,No Offer,Yes,25.71,Yes,Yes,DSL,48,No,Yes,Yes,No,No,Yes,Yes,Yes,Month-to-Month,Yes,Bank Withdrawal,71.4,1212.1,0.0,0,411.36,1623.46,5,Stayed,No,39,3360,Not Applicable,Not Applicable,0,1,13–24 months,19–29,$70–$89.99,Emerging Value,7,2,No Referrals,Higher Contract Risk,2,Elevated,101.47,Protection Engaged,0.5428722760348307,True,False,False,False,False,False,True,False,Support bundle and contract,6,Time-limited premium-support bundle with a longer-contract value option,45.0
6519-CFDBX,Female,31,No,No,No,No,0,United States,California,Torrance,90505,33.807882,-118.347957,34873,Q3,No,0,2,No Offer,Yes,10.81,No,Yes,Cable,13,No,No,No,No,No,No,No,Yes,Month-to-Month,Yes,Bank Withdrawal,45.4,80.95,0.0,0,21.62,102.57,3,Joined,No,45,4964,Not Applicable,Not Applicable,0,1,1–6 months,30–44,$35–$69.99,High Value,3,0,No Referrals,Higher Contract Risk,3,High,51.28,Basic Relationship,0.5517418252435207,True,True,False,True,False,False,True,False,High-value outreach,1,Dedicated retention specialist and personalized value-protection review,75.0
5091-HFAZW,Female,36,No,No,No,No,0,United States,California,Santa Fe Springs,90670,33.933565,-118.062611,16271,Q3,No,0,2,No Offer,Yes,46.78,No,Yes,Fiber Optic,12,Yes,Yes,No,No,Yes,No,No,No,Month-to-Month,Yes,Bank Withdrawal,91.15,168.5,0.0,10,93.56,272.06,3,Joined,No,52,2686,Not Applicable,Not Applicable,0,1,1–6 months,30–44,$90+,Emerging Value,5,2,No Referrals,Higher Contract Risk,5,Very High,136.03,Protection Engaged,0.6661312787712496,True,False,True,True,False,True,True,False,Early fiber assurance,2,"First-90-day fiber service-health check, rapid issue resolution, and plan review",40.0
6650-VJONK,Male,54,No,No,No,No,0,United States,California,Carson,90746,33.859171,-118.252272,25566,Q3,No,0,1,No Offer,Yes,15.9,No,Yes,Cable,27,No,No,No,No,No,No,No,No,Month-to-Month,Yes,Bank Withdrawal,43.85,43.85,0.0,10,15.9,69.75,4,Joined,No,39,5913,Not Applicable,Not Applicable,0,1,1–6 months,45–59,$35–$69.99,Premium Value,2,0,No Referrals,Higher Contract Risk,3,High,69.75,Basic Relationship,0.4908320478085658,True,True,False,True,False,False,True,False,High-value outreach,1,Dedicated retention specialist and personalized value-protection review,75.0
2085-BOJKI,Male,33,No,No,Yes,No,0,United States,California,Long Beach,90822,33.778436,-118.118648,425,Q3,Yes,1,17,Offer D,Yes,28.83,No,Yes,Fiber Optic,5,No,No,Yes,No,Yes,Yes,Yes,Yes,One Year,Yes,Bank Withdrawal,96.65,1588.25,0.0,0,490.11,2078.36,5,Stayed,No,37,5228,Not Applicable,Not Applicable,0,1,13–24 months,30–44,$90+,High Value,7,1,1–2 Referrals,Moderate Contract Risk,3,High,122.26,Advocate,0.6324630301156426,True,True,False,False,False,False,False,False,High-value outreach,1,Dedicated retention specialist and personalized value-protection review,75.0
0817-HSUSE,Male,26,Yes,No,No,No,0,United States,California,Altadena,91001,34.196837,-118.142236,36243,Q3,No,0,1,No Offer,Yes,5.63,No,Yes,Cable,52,No,No,Yes,Yes,Yes,Yes,Yes,Yes,Month-to-Month,Yes,Bank Withdrawal,75.5,75.5,0.0,0,5.63,81.13,5,Joined,No,43,2954,Not Applicable,Not Applicable,0,1,1–6 months,19–29,$70–$89.99,Emerging Value,8,2,No Referrals,Higher Contract Risk,2,Elevated,81.13,Protection Engaged,0.6190491222487642,True,False,False,True,False,False,False,False,Early onboarding,3,Structured 30/60/90-day onboarding support and service education,25.0
5423-BHIXO,Female,42,No,No,No,No,0,United States,California,Pasadena,91103,34.167465,-118.165327,27891,Q3,No,0,32,No Offer,Yes,32.02,Yes,Yes,DSL,3,No,Yes,No,No,No,No,No,Yes,Month-to-Month,Yes,Bank Withdrawal,54.2,1739.6,0.0,0,1024.64,2764.24,5,Stayed,No,43,4454,Not Applicable,Not Applicable,0,1,25–48 months,30–44,$35–$69.99,Core Value,4,1,No Referrals,Higher Contract Risk,2,Elevated,86.38,Basic Relationship,0.341433892545939,True,False,False,False,False,False,True,False,Support bundle and contract,6,Time-limited premium-support bundle with a longer-contract value option,45.0
6908-VVYHM,Male,52,No,No,Yes,No,0,United States,California,Pasadena,91104,34.165383,-118.123752,38460,Q3,Yes,1,65,Offer B,Yes,19.84,Yes,Yes,Fiber Optic,2,No,Yes,No,No,No,Yes,Yes,No,Month-to-Month,Yes,Bank Withdrawal,90.65,5931.0,0.0,110,1289.6,7330.6,5,Stayed,No,70,6358,Not Applicable,Not Applicable,0,1,49–72 months,45–59,$90+,Premium Value,5,1,1–2 Referrals,Higher Contract Risk,4,Very High,112.78,Advocate,0.6576907592110338,True,True,False,False,False,True,True,False,High-value outreach,1,Dedicated retention specialist and personalized value-protection review,75.0
3030-YDNRM,Male,64,No,No,No,No,0,United States,California,Pasadena,91107,34.159007,-118.087353,32369,Q3,No,0,8,Offer E,Yes,11.58,Yes,Yes,Fiber Optic,7,No,No,No,No,No,No,No,Yes,Month-to-Month,Yes,Bank Withdrawal,74.85,572.45,0.0,0,92.64,665.09,4,Stayed,No,40,5514,Not Applicable,Not Applicable,0,1,7–12 months,60–69,$70–$89.99,Premium Value,3,0,No Referrals,Higher Contract Risk,4,Very High,83.14,Basic Relationship,0.7821907588225544,True,True,True,False,False,True,True,False,High-value outreach,1,Dedicated retention specialist and personalized value-protection review,75.0
8286-AFUYI,Male,33,No,No,No,No,0,United States,California,Glendale,91203,34.153338,-118.262974,14493,Q3,No,0,1,Offer E,Yes,46.23,No,Yes,DSL,25,Yes,No,No,No,No,No,No,Yes,Month-to-Month,No,Bank Withdrawal,47.95,47.95,0.0,0,46.23,94.18,4,Joined,No,35,5092,Not Applicable,Not Applicable,0,1,1–6 months,30–44,$35–$69.99,High Value,4,1,No Referrals,Higher Contract Risk,3,High,94.18,Basic Relationship,0.3800815070683322,True,True,False,True,False,False,True,False,High-value outreach,1,Dedicated retention specialist and personalized value-protection review,75.0
6959-GQEGV,Male,61,No,No,No,No,0,United States,California,Canoga Park,91303,34.19829,-118.602203,23519,Q3,No,0,45,No Offer,Yes,10.36,No,Yes,DSL,6,Yes,No,Yes,No,Yes,Yes,Yes,Yes,Month-to-Month,Yes,Bank Withdrawal,75.95,3273.8,0.0,0,466.2,3740.0,4,Stayed,No,28,2185,Not Applicable,Not Applicable,0,1,25–48 months,60–69,$70–$89.99,Emerging Value,8,2,No Referrals,Higher Contract Risk,2,Elevated,83.11,Protection Engaged,0.3307348804135597,True,False,False,False,False,False,True,False,Support bundle and contract,6,Time-limited premium-support bundle with a longer-contract value option,45.0
3961-SXAXY,Male,49,No,No,No,No,0,United States,California,Thousand Oaks,91362,34.191842,-118.822796,33057,Q3,No,0,1,Offer E,Yes,30.73,No,Yes,Cable,10,No,No,No,No,No,No,No,Yes,Month-to-Month,Yes,Bank Withdrawal,44.05,44.05,0.0,0,30.73,74.78,5,Joined,No,54,5925,Not Applicable,Not Applicable,0,1,1–6 months,45–59,$35–$69.99,Premium Value,3,0,No Referrals,Higher Contract Risk,3,High,74.78,Basic Relationship,0.6160993914334738,True,True,False,True,False,False,True,False,High-value outreach,1,Dedicated retention specialist and personalized value-protection review,75.0
3566-HJGPK,Male,50,No,No,No,No,0,United States,California,Woodland Hills,91367,34.178068,-118.615714,36123,Q3,No,0,1,Offer E,Yes,16.34,No,Yes,DSL,4,No,No,No,No,No,No,No,Yes,Month-to-Month,Yes,Mailed Check,45.55,45.55,0.0,0,16.34,61.89,4,Joined,No,31,3173,Not Applicable,Not Applicable,0,1,1–6 months,45–59,$35–$69.99,Emerging Value,3,0,No Referrals,Higher Contract Risk,3,High,61.89,Basic Relationship,0.7249325854254375,True,False,False,True,False,False,True,False,Early onboarding,3,Structured 30/60/90-day onboarding support and service education,25.0
3946-JEWRQ,Male,21,Yes,No,Yes,No,0,United States,California,Sherman Oaks,91403,34.147149,-118.463365,22085,Q3,Yes,1,47,No Offer,Yes,20.93,Yes,Yes,Fiber Optic,85,No,No,No,No,Yes,Yes,Yes,No,One Year,Yes,Credit Card,95.2,4563.0,0.0,80,983.71,5626.71,5,Stayed,No,72,4977,Not Applicable,Not Applicable,0,1,25–48 months,19–29,$90+,High Value,5,0,1–2 Referrals,Moderate Contract Risk,3,High,119.72,Advocate,0.4276241568653259,True,True,False,False,False,False,False,False,High-value outreach,1,Dedicated retention specialist and personalized value-protection review,75.0
4524-QCSSM,Male,39,No,No,No,No,0,United States,California,Encino,91436,34.152875,-118.486056,13129,Q3,No,0,26,No Offer,No,0.0,No,Yes,DSL,6,Yes,Yes,No,No,No,Yes,Yes,Yes,Month-to-Month,Yes,Bank Withdrawal,44.65,1156.55,0.0,0,0.0,1156.55,4,Stayed,No,33,4512,Not Applicable,Not Applicable,0,1,25–48 months,30–44,$35–$69.99,Core Value,6,2,No Referrals,Higher Contract Risk,2,Elevated,44.48,Protection Engaged,0.38854754439786,True,False,False,False,False,False,True,False,Support bundle and contract,6,Time-limited premium-support bundle with a longer-contract value option,45.0
8069-YQQAJ,Male,63,No,No,No,No,0,United States,California,Studio City,91604,34.139082,-118.39275,26157,Q3,No,0,14,Offer D,No,0.0,No,Yes,Cable,12,No,Yes,No,No,No,No,No,Yes,Month-to-Month,Yes,Mailed Check,31.1,419.7,0.0,0,0.0,419.7,5,Stayed,No,55,3448,Not Applicable,Not Applicable,0,1,13–24 months,60–69,Under $35,Emerging Value,3,1,No Referrals,Higher Contract Risk,2,Elevated,29.98,Basic Relationship,0.5530194642021462,True,False,False,False,False,False,True,False,Support bundle and contract,6,Time-limited premium-support bundle with a longer-contract value option,45.0
9281-PKKZE,Female,47,No,No,Yes,No,0,United States,California,Azusa,91702,34.174493,-117.87068,57775,Q3,Yes,1,46,No Offer,No,0.0,No,Yes,DSL,8,No,No,No,No,Yes,Yes,Yes,Yes,Month-to-Month,Yes,Bank Withdrawal,43.95,2007.85,0.0,0,0.0,2007.85,3,Stayed,No,47,4818,Not Applicable,Not Applicable,0,1,25–48 months,45–59,$35–$69.99,High Value,5,0,1–2 Referrals,Higher Contract Risk,2,Elevated,43.65,Advocate,0.6819580699966868,True,False,False,False,False,False,True,False,Support bundle and contract,6,Time-limited premium-support bundle with a longer-contract value option,45.0
8563-OYMQY,Male,49,No,No,No,No,0,United States,California,Covina,91722,34.097345,-117.906736,33817,Q3,No,0,17,Offer D,Yes,34.98,No,Yes,Fiber Optic,21,No,Yes,Yes,No,No,Yes,Yes,Yes,Month-to-Month,Yes,Credit Card,90.95,1612.2,0.0,0,594.66,2206.86,5,Stayed,No,23,5687,Not Applicable,Not Applicable,0,1,13–24 months,45–59,$90+,Premium Value,7,2,No Referrals,Higher Contract Risk,4,Very High,129.82,Protection Engaged,0.4391518575967199,True,True,False,False,False,True,True,False,High-value outreach,1,Dedicated retention specialist and personalized value-protection review,75.0
3318-NMQXL,Male,58,No,No,No,No,0,United States,California,El Monte,91731,34.079934,-118.046695,30211,Q3,No,0,3,Offer E,Yes,15.6,No,Yes,Fiber Optic,9,No,No,No,No,Yes,Yes,Yes,Yes,Month-to-Month,Yes,Bank Withdrawal,92.0,266.8,0.0,0,46.8,313.6,3,Joined,No,42,4345,Not Applicable,Not Applicable,0,1,1–6 months,45–59,$90+,Core Value,6,0,No Referrals,Higher Contract Risk,5,Very High,104.53,Multi-Service,0.8693979139041492,True,False,True,True,False,True,True,False,Early fiber assurance,2,"First-90-day fiber service-health check, rapid issue resolution, and plan review",40.0
2272-UOINI,Female,44,No,No,No,No,0,United States,California,Rancho Cucamonga,91739,34.133809,-117.523724,12937,Q3,No,0,7,Offer E,Yes,3.34,No,Yes,Cable,13,Yes,Yes,No,Yes,Yes,Yes,Yes,Yes,Month-to-Month,Yes,Bank Withdrawal,78.5,571.05,0.0,0,23.38,594.43,4,Stayed,No,47,3601,Not Applicable,Not Applicable,0,1,7–12 months,30–44,$70–$89.99,Core Value,9,3,No Referrals,Higher Contract Risk,2,Elevated,84.92,Protection Engaged,0.5305311039988664,True,False,False,False,False,False,False,False,Competitor-response retention,8,"Personalized device, data, speed, or value response based on customer needs",55.0
6637-KYRCV,Female,22,Yes,No,Yes,Yes,1,United States,California,La Puente,91744,34.031441,-117.936436,84965,Q3,Yes,1,5,No Offer,No,0.0,No,Yes,DSL,59,No,Yes,No,No,No,No,No,Yes,Month-to-Month,Yes,Bank Withdrawal,30.5,167.2,0.0,0,0.0,167.2,3,Stayed,No,27,5973,Not Applicable,Not Applicable,0,1,1–6 months,19–29,Under $35,Premium Value,3,1,1–2 Referrals,Higher Contract Risk,3,High,33.44,Advocate,0.6183971201552461,True,True,False,True,False,False,True,False,High-value outreach,1,Dedicated retention specialist and personalized value-protection review,75.0
5356-CSVSQ,Female,20,Yes,No,No,No,0,United States,California,La Verne,91750,34.144703,-117.770299,35530,Q3,No,0,3,No Offer,Yes,40.99,Yes,Yes,Cable,48,No,No,No,Yes,Yes,No,No,Yes,Month-to-Month,No,Bank Withdrawal,64.6,174.2,0.0,0,122.97,297.17,5,Joined,No,24,5277,Not Applicable,Not Applicable,0,1,1–6 months,19–29,$35–$69.99,High Value,5,1,No Referrals,Higher Contract Risk,2,Elevated,99.06,Multi-Service,0.4964077581269543,True,False,False,True,False,False,False,False,Early onboarding,3,Structured 30/60/90-day onboarding support and service education,25.0
2018-QKYGT,Male,19,Yes,No,Yes,Yes,3,United States,California,San Gabriel,91775,34.114772,-118.089431,23444,Q3,Yes,1,1,No Offer,Yes,36.32,No,Yes,Fiber Optic,85,No,No,No,No,No,Yes,Yes,Yes,Month-to-Month,Yes,Bank Withdrawal,81.05,81.05,0.0,0,36.32,117.37,5,Joined,No,27,4396,Not Applicable,Not Applicable,0,1,1–6 months,19–29,$70–$89.99,Core Value,5,0,1–2 Referrals,Higher Contract Risk,4,Very High,117.37,Advocate,0.551838487059419,True,False,True,True,False,True,True,False,Early fiber assurance,2,"First-90-day fiber service-health check, rapid issue resolution, and plan review",40.0
3247-MHJKM,Male,27,Yes,No,No,No,0,United States,California,Upland,91784,34.141146,-117.655583,23331,Q3,No,0,1,No Offer,Yes,42.15,No,No,No Internet,0,No,No,No,No,No,No,No,No,Month-to-Month,No,Mailed Check,20.2,20.2,0.0,0,42.15,62.35,3,Joined,No,72,3586,Not Applicable,Not Applicable,0,1,1–6 months,19–29,Under $35,Core Value,1,0,No Referrals,Higher Contract Risk,3,High,62.35,Basic Relationship,0.3575387098127318,True,False,False,True,False,False,True,False,Early onboarding,3,Structured 30/60/90-day onboarding support and service education,25.0
7243-LCGGZ,Female,28,Yes,No,No,No,0,United States,California,Alhambra,91801,34.090925,-118.128164,54382,Q3,No,0,1,No Offer,Yes,10.21,No,No,No Internet,0,No,No,No,No,No,No,No,No,Month-to-Month,No,Mailed Check,20.9,20.9,0.0,0,10.21,31.11,5,Joined,No,72,3901,Not Applicable,Not Applicable,0,1,1–6 months,19–29,Under $35,Core Value,1,0,No Referrals,Higher Contract Risk,3,High,31.11,Basic Relationship,0.3684757554994494,True,False,False,True,False,False,True,False,Early onboarding,3,Structured 30/60/90-day onboarding support and service education,25.0
9261-WDCAF,Male,64,No,No,No,No,0,United States,California,Bonita,91902,32.67117,-117.00232,17389,Q3,No,0,3,No Offer,Yes,33.53,No,Yes,DSL,30,No,No,No,No,No,Yes,Yes,Yes,Month-to-Month,No,Mailed Check,54.65,189.1,0.0,0,100.59,289.69,5,Joined,No,34,2168,Not Applicable,Not Applicable,0,1,1–6 months,60–69,$35–$69.99,Emerging Value,5,0,No Referrals,Higher Contract Risk,3,High,96.56,Multi-Service,0.6027651689066759,True,False,False,True,False,False,True,False,Early onboarding,3,Structured 30/60/90-day onboarding support and service education,25.0
7442-YGZFK,Male,31,No,No,No,No,0,United States,California,Campo,91906,32.673483,-116.472863,3133,Q3,No,0,1,No Offer,Yes,3.97,Yes,Yes,DSL,11,No,No,No,No,No,No,No,Yes,Month-to-Month,Yes,Credit Card,49.8,49.8,0.0,0,3.97,53.77,4,Joined,No,79,4796,Not Applicable,Not Applicable,0,1,1–6 months,30–44,$35–$69.99,High Value,3,0,No Referrals,Higher Contract Risk,3,High,53.77,Basic Relationship,0.4740650105480001,True,True,False,True,False,False,True,False,High-value outreach,1,Dedicated retention specialist and personalized value-protection review,75.0
3737-XBQDD,Male,57,No,No,No,No,0,United States,California,Mount Laguna,91948,32.830852,-116.444601,81,Q3,No,0,24,Offer C,Yes,13.13,Yes,Yes,Fiber Optic,14,No,Yes,Yes,No,No,No,No,No,Month-to-Month,Yes,Bank Withdrawal,84.85,2048.8,0.0,80,315.12,2443.92,4,Stayed,No,23,2941,Not Applicable,Not Applicable,0,1,13–24 months,45–59,$70–$89.99,Emerging Value,4,2,No Referrals,Higher Contract Risk,3,High,101.83,Protection Engaged,0.5606131916077802,True,False,False,False,False,True,True,False,Fiber quality and contract,5,Fiber diagnostics followed by a value-led contract-upgrade incentive,50.0
7967-HYCDE,Male,26,Yes,No,No,No,0,United States,California,Spring Valley,91978,32.730264,-116.950963,7863,Q3,No,0,8,Offer E,Yes,41.93,No,Yes,Fiber Optic,59,No,No,No,No,No,No,Yes,Yes,Month-to-Month,No,Bank Withdrawal,70.7,553.4,0.0,0,335.44,888.84,5,Stayed,No,27,4946,Not Applicable,Not Applicable,0,1,7–12 months,19–29,$70–$89.99,High Value,4,0,No Referrals,Higher Contract Risk,4,Very High,111.1,Basic Relationship,0.6228918414413387,True,True,True,False,False,True,True,False,High-value outreach,1,Dedicated retention specialist and personalized value-protection review,75.0
1960-UYCNN,Male,35,No,No,No,No,0,United States,California,Julian,92036,32.980678,-116.262854,3577,Q3,No,0,10,No Offer,Yes,26.43,Yes,Yes,Fiber Optic,13,No,Yes,Yes,No,No,Yes,Yes,Yes,Month-to-Month,Yes,Bank Withdrawal,95.25,1021.55,0.0,0,264.3,1285.85,3,Stayed,No,23,4810,Not Applicable,Not Applicable,0,1,7–12 months,30–44,$90+,High Value,7,2,No Referrals,Higher Contract Risk,5,Very High,128.58,Protection Engaged,0.7660668881802628,True,True,True,False,False,True,True,False,High-value outreach,1,Dedicated retention specialist and personalized value-protection review,75.0
3365-SAIGS,Female,60,No,No,No,No,0,United States,California,Rancho Santa Fe,92067,33.012751,-117.200617,7615,Q3,No,0,17,No Offer,Yes,22.61,No,Yes,Fiber Optic,19,No,Yes,No,No,Yes,No,No,Yes,Month-to-Month,Yes,Bank Withdrawal,83.55,1329.15,0.0,0,384.37,1713.52,5,Stayed,No,59,5564,Not Applicable,Not Applicable,0,1,13–24 months,60–69,$70–$89.99,Premium Value,5,1,No Referrals,Higher Contract Risk,3,High,100.8,Multi-Service,0.6243289849875013,True,True,False,False,False,True,True,False,High-value outreach,1,Dedicated retention specialist and personalized value-protection review,75.0
5989-PGKJB,Female,40,No,No,No,No,0,United States,California,San Diego,92121,32.898613,-117.202937,4258,Q3,No,0,16,Offer D,Yes,22.3,No,Yes,Fiber Optic,28,No,Yes,No,No,No,Yes,Yes,Yes,Month-to-Month,Yes,Bank Withdrawal,86.25,1340.1,0.0,0,356.8,1696.9,5,Stayed,No,65,3511,Not Applicable,Not Applicable,0,1,13–24 months,30–44,$70–$89.99,Core Value,6,1,No Referrals,Higher Contract Risk,3,High,106.06,Multi-Service,0.5317199487354718,True,False,False,False,False,True,True,True,Fiber quality and contract,5,Fiber diagnostics followed by a value-led contract-upgrade incentive,50.0
2538-OIMXF,Female,29,Yes,No,No,Yes,1,United States,California,Cathedral City,92234,33.829583,-116.474131,43141,Q3,No,0,1,Offer E,No,0.0,No,Yes,Cable,48,No,No,No,No,No,No,No,No,Month-to-Month,No,Credit Card,24.7,24.7,0.0,70,0.0,94.7,5,Joined,No,55,3065,Not Applicable,Not Applicable,0,1,1–6 months,19–29,Under $35,Emerging Value,1,0,No Referrals,Higher Contract Risk,3,High,94.7,Basic Relationship,0.3550024534727345,True,False,False,True,False,False,True,False,Early onboarding,3,Structured 30/60/90-day onboarding support and service education,25.0
8543-MSDMF,Male,36,No,No,No,No,0,United States,California,Coachella,92236,33.680031,-116.171678,23170,Q3,No,0,3,Offer E,Yes,44.42,No,Yes,Cable,6,Yes,No,Yes,No,Yes,Yes,Yes,Yes,Month-to-Month,Yes,Bank Withdrawal,77.4,206.15,0.0,0,133.26,339.41,4,Joined,No,24,5528,Not Applicable,Not Applicable,0,1,1–6 months,30–44,$70–$89.99,Premium Value,8,2,No Referrals,Higher Contract Risk,3,High,113.14,Protection Engaged,0.7451764841467406,True,True,False,True,False,False,True,False,High-value outreach,1,Dedicated retention specialist and personalized value-protection review,75.0
2038-LLMLM,Female,35,No,No,No,No,0,United States,California,El Centro,92243,32.770393,-115.60915,43712,Q3,No,0,48,No Offer,Yes,10.5,Yes,Yes,Fiber Optic,12,No,No,Yes,Yes,Yes,Yes,Yes,Yes,Month-to-Month,Yes,Bank Withdrawal,103.85,4946.05,0.0,0,504.0,5450.05,5,Stayed,No,78,4304,Not Applicable,Not Applicable,0,1,25–48 months,30–44,$90+,Core Value,8,2,No Referrals,Higher Contract Risk,3,High,113.54,Protection Engaged,0.5333075166103977,True,False,False,False,False,True,False,False,Fiber quality and contract,5,Fiber diagnostics followed by a value-led contract-upgrade incentive,50.0
4138-NAXED,Male,54,No,No,No,No,0,United States,California,Joshua Tree,92252,34.167236,-116.281511,8141,Q3,No,0,51,No Offer,Yes,42.93,Yes,Yes,Fiber Optic,11,No,Yes,No,No,No,No,No,No,Month-to-Month,No,Bank Withdrawal,81.0,4085.75,0.0,10,2189.43,6285.18,3,Stayed,No,34,4121,Not Applicable,Not Applicable,0,1,49–72 months,45–59,$70–$89.99,Core Value,3,1,No Referrals,Higher Contract Risk,3,High,123.24,Basic Relationship,0.3271321454030207,True,False,False,False,False,True,True,False,Fiber quality and contract,5,Fiber diagnostics followed by a value-led contract-upgrade incentive,50.0
7483-IQWIB,Male,33,No,No,Yes,Yes,1,United States,California,Morongo Valley,92256,34.097863,-116.594561,3499,Q3,Yes,1,37,Offer C,Yes,38.89,Yes,Yes,Fiber Optic,29,No,Yes,Yes,No,Yes,No,No,Yes,Month-to-Month,Yes,Bank Withdrawal,92.95,3415.25,0.0,0,1438.93,4854.18,4,Stayed,No,42,3462,Not Applicable,Not Applicable,0,1,25–48 months,30–44,$90+,Emerging Value,6,2,1–2 Referrals,Higher Contract Risk,4,Very High,131.19,Advocate,0.6117175384692523,True,False,False,False,False,True,True,False,Fiber quality and contract,5,Fiber diagnostics followed by a value-led contract-upgrade incentive,50.0
5153-RTHKF,Female,26,Yes,No,No,No,0,United States,California,Palm Springs,92264,33.745746,-116.514215,18884,Q3,No,0,34,No Offer,Yes,23.54,Yes,Yes,Fiber Optic,76,No,No,No,No,Yes,No,No,No,Month-to-Month,No,Bank Withdrawal,85.35,2896.6,0.0,0,800.36,3696.96,5,Stayed,No,78,3818,Not Applicable,Not Applicable,0,1,25–48 months,19–29,$70–$89.99,Core Value,3,0,No Referrals,Higher Contract Risk,3,High,108.73,Basic Relationship,0.4800905158123424,True,False,False,False,False,True,True,False,Fiber quality and contract,5,Fiber diagnostics followed by a value-led contract-upgrade incentive,50.0
5804-HYIEZ,Male,40,No,No,Yes,Yes,1,United States,California,Winterhaven,92283,32.852947,-114.850784,3663,Q3,Yes,1,70,Offer A,Yes,40.28,Yes,Yes,Fiber Optic,13,Yes,Yes,No,No,Yes,Yes,Yes,Yes,Month-to-Month,Yes,Bank Withdrawal,106.05,7554.05,0.0,0,2819.6,10373.65,4,Stayed,No,30,4583,Not Applicable,Not Applicable,0,1,49–72 months,30–44,$90+,High Value,8,2,1–2 Referrals,Higher Contract Risk,4,Very High,148.2,Advocate,0.6680499041351459,True,True,False,False,False,True,True,False,High-value outreach,1,Dedicated retention specialist and personalized value-protection review,75.0
8087-LGYHQ,Male,40,No,No,No,No,0,United States,California,Crestline,92325,34.248061,-117.29028,10484,Q3,No,0,9,Offer E,Yes,15.53,No,Yes,Fiber Optic,14,No,No,Yes,No,Yes,Yes,Yes,Yes,Month-to-Month,Yes,Bank Withdrawal,94.05,811.65,0.0,0,139.77,951.42,4,Stayed,No,42,3475,Not Applicable,Not Applicable,0,1,7–12 months,30–44,$90+,Core Value,7,1,No Referrals,Higher Contract Risk,5,Very High,105.71,Multi-Service,0.8304809725130129,True,False,True,False,False,True,True,False,Early fiber assurance,2,"First-90-day fiber service-health check, rapid issue resolution, and plan review",40.0
4137-BTIKL,Male,55,No,No,No,No,0,United States,California,Daggett,92327,34.875144,-116.821698,678,Q3,No,0,2,Offer E,Yes,27.17,Yes,Yes,Fiber Optic,23,Yes,No,No,No,No,Yes,Yes,Yes,Month-to-Month,No,Credit Card,90.75,174.75,0.0,0,54.34,229.09,3,Joined,No,60,4766,Not Applicable,Not Applicable,0,1,1–6 months,45–59,$90+,High Value,6,1,No Referrals,Higher Contract Risk,5,Very High,114.54,Multi-Service,0.6634486681467241,True,True,True,True,False,True,True,False,High-value outreach,1,Dedicated retention specialist and personalized value-protection review,75.0
7422-WNBTY,Male,35,No,No,Yes,No,0,United States,California,Green Valley Lake,92341,34.244411,-117.072654,317,Q3,Yes,5,33,No Offer,Yes,31.76,Yes,Yes,Fiber Optic,7,No,Yes,Yes,No,No,Yes,Yes,Yes,Month-to-Month,Yes,Bank Withdrawal,93.35,3092.0,0.0,0,1048.08,4140.08,4,Stayed,No,40,3348,Not Applicable,Not Applicable,0,1,25–48 months,30–44,$90+,Emerging Value,7,2,3–5 Referrals,Higher Contract Risk,4,Very High,125.46,Advocate,0.3643952481611078,True,False,False,False,False,True,True,False,Fiber quality and contract,5,Fiber diagnostics followed by a value-led contract-upgrade incentive,50.0
8819-IMISP,Male,43,No,No,No,No,0,United States,California,Redlands,92373,34.003243,-117.138286,31230,Q3,No,0,31,No Offer,Yes,37.07,Yes,Yes,Fiber Optic,23,No,Yes,No,No,No,No,No,Yes,Month-to-Month,Yes,Bank Withdrawal,80.45,2429.1,0.0,0,1149.17,3578.27,4,Stayed,No,49,4684,Not Applicable,Not Applicable,0,1,25–48 months,30–44,$70–$89.99,High Value,4,1,No Referrals,Higher Contract Risk,3,High,115.43,Basic Relationship,0.5504474452881494,True,True,False,False,False,True,True,False,High-value outreach,1,Dedicated retention specialist and personalized value-protection review,75.0
8974-OVACP,Female,40,No,No,No,No,0,United States,California,Yermo,92398,35.013299,-116.834092,1195,Q3,No,0,1,No Offer,Yes,27.59,No,No,No Internet,0,No,No,No,No,No,No,No,No,Month-to-Month,No,Mailed Check,20.15,20.15,0.0,0,27.59,47.74,4,Joined,No,31,3167,Not Applicable,Not Applicable,0,1,1–6 months,30–44,Under $35,Emerging Value,1,0,No Referrals,Higher Contract Risk,3,High,47.74,Basic Relationship,0.3566098966844749,True,False,False,True,False,False,True,False,Early onboarding,3,Structured 30/60/90-day onboarding support and service education,25.0
1379-FRVEB,Male,31,No,No,No,Yes,1,United States,California,San Bernardino,92401,34.105935,-117.2914,1779,Q3,No,0,15,Offer D,Yes,30.22,Yes,Yes,Fiber Optic,12,No,Yes,No,No,Yes,No,No,Yes,Month-to-Month,Yes,Bank Withdrawal,91.0,1430.05,0.0,0,453.3,1883.35,4,Stayed,No,48,4602,Not Applicable,Not Applicable,0,1,13–24 months,30–44,$90+,High Value,5,1,No Referrals,Higher Contract Risk,4,Very High,125.56,Multi-Service,0.4871990929389586,True,True,False,False,False,True,True,False,High-value outreach,1,Dedicated retention specialist and personalized value-protection review,75.0
8160-HOWOX,Female,30,No,No,No,No,0,United States,California,San Bernardino,92407,34.250069,-117.393949,49355,Q3,No,0,7,No Offer,Yes,48.16,No,Yes,DSL,85,No,No,No,No,Yes,Yes,Yes,Yes,Month-to-Month,Yes,Bank Withdrawal,66.85,458.1,0.0,0,337.12,795.22,4,Stayed,No,43,4858,Not Applicable,Not Applicable,0,1,7–12 months,30–44,$35–$69.99,High Value,6,0,No Referrals,Higher Contract Risk,3,High,113.6,Multi-Service,0.5966167413604044,True,True,False,False,False,False,True,False,High-value outreach,1,Dedicated retention specialist and personalized value-protection review,75.0
1763-WQFUK,Male,45,No,No,No,No,0,United States,California,Riverside,92503,33.890046,-117.455583,71678,Q3,No,0,3,No Offer,Yes,26.38,No,Yes,DSL,25,No,No,No,Yes,No,No,No,Yes,Month-to-Month,Yes,Mailed Check,50.5,147.75,0.0,0,79.14,226.89,4,Joined,No,43,5258,Not Applicable,Not Applicable,0,1,1–6 months,45–59,$35–$69.99,High Value,4,1,No Referrals,Higher Contract Risk,2,Elevated,75.63,Basic Relationship,0.5407698722297637,True,False,False,True,False,False,False,False,Early onboarding,3,Structured 30/60/90-day onboarding support and service education,25.0
1391-UBDAR,Male,27,Yes,No,No,No,0,United States,California,Riverside,92504,33.9108,-117.398153,46550,Q3,No,0,11,Offer D,Yes,18.33,No,Yes,Fiber Optic,76,No,No,Yes,No,No,No,No,Yes,Month-to-Month,No,Bank Withdrawal,72.9,818.45,0.0,0,201.63,1020.08,3,Stayed,No,71,3042,Not Applicable,Not Applicable,0,1,7–12 months,19–29,$70–$89.99,Emerging Value,4,1,No Referrals,Higher Contract Risk,4,Very High,92.73,Basic Relationship,0.3620447020351501,True,False,True,False,False,True,True,False,Early fiber assurance,2,"First-90-day fiber service-health check, rapid issue resolution, and plan review",40.0
2014-MKGMH,Female,45,No,No,No,No,0,United States,California,Riverside,92508,33.885499,-117.324959,17147,Q3,No,0,46,Offer B,Yes,27.97,Yes,Yes,Fiber Optic,22,No,No,Yes,No,Yes,Yes,Yes,Yes,One Year,Yes,Bank Withdrawal,101.1,4674.4,0.0,0,1286.62,5961.02,4,Stayed,No,54,4883,Not Applicable,Not Applicable,0,1,25–48 months,45–59,$90+,High Value,7,1,No Referrals,Moderate Contract Risk,3,High,129.59,Multi-Service,0.3241048772966521,True,True,False,False,False,False,False,False,High-value outreach,1,Dedicated retention specialist and personalized value-protection review,75.0
5628-FCGYG,Male,46,No,No,No,No,0,United States,California,Riverside,92509,34.004379,-117.447864,63999,Q3,No,0,21,No Offer,Yes,49.05,Yes,Yes,Fiber Optic,9,No,No,No,No,No,Yes,Yes,Yes,Month-to-Month,Yes,Bank Withdrawal,84.1,1737.45,0.0,0,1030.05,2767.5,4,Stayed,No,69,4649,Not Applicable,Not Applicable,0,1,13–24 months,45–59,$70–$89.99,High Value,5,0,No Referrals,Higher Contract Risk,3,High,131.79,Multi-Service,0.6983789518422144,True,True,False,False,False,True,True,False,High-value outreach,1,Dedicated retention specialist and personalized value-protection review,75.0
0248-IPDFW,Female,19,Yes,No,No,No,0,United States,California,Lake Elsinore,92530,33.655421,-117.391751,38519,Q3,No,0,1,No Offer,Yes,29.13,Yes,Yes,Cable,51,No,No,No,No,No,No,No,Yes,Month-to-Month,Yes,Bank Withdrawal,50.1,50.1,0.0,0,29.13,79.23,4,Joined,No,57,5617,Not Applicable,Not Applicable,0,1,1–6 months,19–29,$35–$69.99,Premium Value,3,0,No Referrals,Higher Contract Risk,3,High,79.23,Basic Relationship,0.5991324722628252,True,True,False,True,False,False,True,False,High-value outreach,1,Dedicated retention specialist and personalized value-protection review,75.0
1784-EZDKJ,Male,31,No,No,Yes,No,0,United States,California,Hemet,92544,33.644585,-116.871544,39264,Q3,Yes,3,51,Offer B,Yes,29.4,Yes,Yes,Fiber Optic,21,No,Yes,Yes,No,Yes,Yes,Yes,No,One Year,Yes,Bank Withdrawal,106.8,5498.8,0.0,140,1499.4,7138.2,3,Stayed,No,33,4640,Not Applicable,Not Applicable,0,1,49–72 months,30–44,$90+,High Value,7,2,3–5 Referrals,Moderate Contract Risk,3,High,139.96,Advocate,0.3290239696207124,True,True,False,False,False,False,False,False,High-value outreach,1,Dedicated retention specialist and personalized value-protection review,75.0
3995-WFCSM,Female,28,Yes,No,No,No,0,United States,California,San Jacinto,92582,33.806708,-117.02007,4456,Q3,No,0,2,No Offer,Yes,15.25,No,Yes,DSL,82,No,No,Yes,No,No,Yes,Yes,Yes,Month-to-Month,No,Bank Withdrawal,60.85,111.4,0.0,0,30.5,141.9,5,Joined,No,54,3796,Not Applicable,Not Applicable,0,1,1–6 months,19–29,$35–$69.99,Core Value,6,1,No Referrals,Higher Contract Risk,3,High,70.95,Multi-Service,0.4687496541386116,True,False,False,True,False,False,True,False,Early onboarding,3,Structured 30/60/90-day onboarding support and service education,25.0
2038-OEQZH,Male,63,No,No,No,No,0,United States,California,Menifee,92584,33.653338,-117.178271,14068,Q3,No,0,4,No Offer,Yes,44.36,No,Yes,Fiber Optic,20,No,No,Yes,No,No,Yes,Yes,Yes,Month-to-Month,No,Bank Withdrawal,86.05,308.1,0.0,0,177.44,485.54,5,Stayed,No,55,3653,Not Applicable,Not Applicable,0,1,1–6 months,60–69,$70–$89.99,Core Value,6,1,No Referrals,Higher Contract Risk,4,Very High,121.38,Multi-Service,0.7008505143655713,True,False,True,True,False,True,True,False,Early fiber assurance,2,"First-90-day fiber service-health check, rapid issue resolution, and plan review",40.0
3689-MOZGR,Female,30,No,No,No,No,0,United States,California,Irvine,92618,33.667145,-117.732135,6301,Q3,No,0,29,No Offer,No,0.0,No,Yes,Cable,59,No,No,No,Yes,No,No,No,Yes,Month-to-Month,Yes,Bank Withdrawal,31.2,926.2,0.0,0,0.0,926.2,5,Stayed,No,39,4761,Not Applicable,Not Applicable,0,1,25–48 months,30–44,Under $35,High Value,3,1,No Referrals,Higher Contract Risk,1,Lower,31.94,Basic Relationship,0.3436168350098134,True,False,False,False,False,False,False,False,Competitor-response retention,8,"Personalized device, data, speed, or value response based on customer needs",55.0
3496-LFSZU,Male,40,No,No,Yes,No,0,United States,California,Anaheim,92801,33.844983,-117.952151,60553,Q3,Yes,2,4,No Offer,Yes,28.47,No,Yes,Fiber Optic,5,No,No,No,No,No,No,No,No,Month-to-Month,No,Bank Withdrawal,70.5,294.2,0.0,10,113.88,418.08,5,Stayed,No,68,2896,Not Applicable,Not Applicable,0,1,1–6 months,30–44,$70–$89.99,Emerging Value,2,0,1–2 Referrals,Higher Contract Risk,4,Very High,104.52,Advocate,0.7118110012945099,True,False,True,True,False,True,True,False,Early fiber assurance,2,"First-90-day fiber service-health check, rapid issue resolution, and plan review",40.0
1393-IMKZG,Female,50,No,No,No,No,0,United States,California,Fullerton,92831,33.879983,-117.895482,34592,Q3,No,0,1,No Offer,Yes,2.7,No,Yes,Fiber Optic,14,No,No,No,Yes,Yes,Yes,Yes,Yes,Month-to-Month,Yes,Bank Withdrawal,95.85,95.85,0.0,0,2.7,98.55,4,Joined,No,23,3270,Not Applicable,Not Applicable,0,1,1–6 months,45–59,$90+,Emerging Value,7,1,No Referrals,Higher Contract Risk,4,Very High,98.55,Multi-Service,0.7644234389460374,True,False,True,True,False,True,False,False,Early fiber assurance,2,"First-90-day fiber service-health check, rapid issue resolution, and plan review",40.0
5527-ACHSO,Female,38,No,No,No,No,0,United States,California,Orange,92865,33.828779,-117.848299,18058,Q3,No,0,11,No Offer,Yes,47.61,No,Yes,DSL,12,No,No,No,Yes,Yes,Yes,Yes,Yes,Month-to-Month,No,Credit Card,70.5,829.3,0.0,0,523.71,1353.01,3,Stayed,No,75,5541,Not Applicable,Not Applicable,0,1,7–12 months,30–44,$70–$89.99,Premium Value,7,1,No Referrals,Higher Contract Risk,2,Elevated,123.0,Multi-Service,0.3354088904334807,True,False,False,False,False,False,False,False,Competitor-response retention,8,"Personalized device, data, speed, or value response based on customer needs",55.0
1399-UBQIU,Male,35,No,No,No,No,0,United States,California,Orange,92867,33.81859,-117.821288,40915,Q3,No,0,11,No Offer,Yes,16.14,No,Yes,DSL,8,No,No,Yes,No,Yes,Yes,Yes,Yes,Month-to-Month,Yes,Bank Withdrawal,69.35,712.25,0.0,0,177.54,889.79,3,Stayed,No,47,2288,Not Applicable,Not Applicable,0,1,7–12 months,30–44,$35–$69.99,Emerging Value,7,1,No Referrals,Higher Contract Risk,3,High,80.89,Multi-Service,0.608899213037063,True,False,False,False,False,False,True,False,Support bundle and contract,6,Time-limited premium-support bundle with a longer-contract value option,45.0
2135-DQWAQ,Female,37,No,No,No,No,0,United States,California,Santa Barbara,93111,34.460197,-119.802602,16477,Q3,No,0,5,Offer E,Yes,45.74,No,Yes,Fiber Optic,30,No,Yes,No,No,Yes,No,No,No,Month-to-Month,Yes,Credit Card,85.3,420.45,0.0,10,228.7,659.15,4,Stayed,No,67,2689,Not Applicable,Not Applicable,0,1,1–6 months,30–44,$70–$89.99,Emerging Value,4,1,No Referrals,Higher Contract Risk,4,Very High,131.83,Basic Relationship,0.6684293816232153,True,False,True,True,False,True,True,False,Early fiber assurance,2,"First-90-day fiber service-health check, rapid issue resolution, and plan review",40.0
4813-HQMGZ,Female,54,No,No,Yes,No,0,United States,California,Ducor,93218,35.846067,-119.004073,823,Q3,Yes,4,8,Offer E,Yes,9.88,Yes,Yes,Fiber Optic,4,No,No,No,Yes,No,Yes,Yes,No,Month-to-Month,Yes,Bank Withdrawal,90.25,743.75,0.0,0,79.04,822.79,3,Stayed,No,76,4969,Not Applicable,Not Applicable,0,1,7–12 months,45–59,$90+,High Value,5,1,3–5 Referrals,Higher Contract Risk,4,Very High,102.85,Advocate,0.6540559674145828,True,True,True,False,False,True,False,False,High-value outreach,1,Dedicated retention specialist and personalized value-protection review,75.0
7245-NIIWQ,Female,53,No,No,No,No,0,United States,California,Fellows,93224,35.215731,-119.57013,626,Q3,No,0,3,Offer E,Yes,34.76,No,Yes,Fiber Optic,21,No,No,No,No,No,No,No,Yes,Month-to-Month,Yes,Bank Withdrawal,69.85,199.85,0.0,0,104.28,304.13,5,Joined,No,40,4764,Not Applicable,Not Applicable,0,1,1–6 months,45–59,$35–$69.99,High Value,3,0,No Referrals,Higher Contract Risk,4,Very High,101.38,Basic Relationship,0.7425283271788427,True,True,True,True,False,True,True,False,High-value outreach,1,Dedicated retention specialist and personalized value-protection review,75.0
1552-AAGRX,Female,22,Yes,No,No,No,0,United States,California,Visalia,93277,36.303793,-119.375646,44741,Q3,No,0,30,No Offer,Yes,42.49,Yes,Yes,Fiber Optic,73,Yes,No,No,Yes,Yes,Yes,Yes,No,Month-to-Month,No,Bank Withdrawal,106.4,3211.9,0.0,60,1274.7,4546.6,4,Stayed,No,35,5503,Not Applicable,Not Applicable,0,1,25–48 months,19–29,$90+,Premium Value,7,2,No Referrals,Higher Contract Risk,3,High,151.55,Protection Engaged,0.4695133859601331,True,True,False,False,False,True,False,False,High-value outreach,1,Dedicated retention specialist and personalized value-protection review,75.0
2637-FKFSY,Female,61,No,No,Yes,No,0,United States,California,Wasco,93280,35.652242,-119.4464,22760,Q3,Yes,2,3,No Offer,Yes,2.66,No,Yes,DSL,7,No,No,No,No,No,No,No,Yes,Month-to-Month,Yes,Mailed Check,46.1,130.15,0.0,0,7.98,138.13,4,Joined,No,39,4047,Not Applicable,Not Applicable,0,1,1–6 months,60–69,$35–$69.99,Core Value,3,0,1–2 Referrals,Higher Contract Risk,3,High,46.04,Advocate,0.7617301586257798,True,False,False,True,False,False,True,False,Early onboarding,3,Structured 30/60/90-day onboarding support and service education,25.0
8739-XNIKG,Female,29,Yes,No,No,No,0,United States,California,Bakersfield,93301,35.383937,-119.020428,12963,Q3,No,0,5,No Offer,Yes,48.49,Yes,Yes,Fiber Optic,85,No,No,No,No,Yes,No,No,Yes,Month-to-Month,Yes,Bank Withdrawal,84.0,424.75,0.0,0,242.45,667.2,4,Stayed,No,54,4456,Not Applicable,Not Applicable,0,1,1–6 months,19–29,$70–$89.99,Core Value,4,0,No Referrals,Higher Contract Risk,4,Very High,133.44,Basic Relationship,0.7451787304892693,True,False,True,True,False,True,True,False,Early fiber assurance,2,"First-90-day fiber service-health check, rapid issue resolution, and plan review",40.0
3981-QSVQI,Male,28,Yes,No,No,No,0,United States,California,Bakersfield,93305,35.391733,-118.984109,35643,Q3,No,0,8,Offer E,Yes,22.15,No,No,No Internet,0,No,No,No,No,No,No,No,No,Month-to-Month,Yes,Bank Withdrawal,19.7,168.9,0.0,0,177.2,346.1,4,Stayed,No,22,5498,Not Applicable,Not Applicable,0,1,7–12 months,19–29,Under $35,Premium Value,1,0,No Referrals,Higher Contract Risk,3,High,43.26,Basic Relationship,0.3254428245263702,True,True,False,False,False,False,True,False,High-value outreach,1,Dedicated retention specialist and personalized value-protection review,75.0
2789-HQBOU,Male,60,No,No,No,No,0,United States,California,Bakersfield,93306,35.449881,-118.841442,53481,Q3,No,0,3,Offer E,Yes,49.63,No,Yes,Fiber Optic,26,No,No,No,No,No,Yes,Yes,Yes,Month-to-Month,Yes,Bank Withdrawal,80.35,253.8,0.0,0,148.89,402.69,5,Joined,No,51,4203,Not Applicable,Not Applicable,0,1,1–6 months,60–69,$70–$89.99,Core Value,5,0,No Referrals,Higher Contract Risk,4,Very High,134.23,Multi-Service,0.7986336274576771,True,False,True,True,False,True,True,False,Early fiber assurance,2,"First-90-day fiber service-health check, rapid issue resolution, and plan review",40.0
2616-UUTFK,Male,54,No,No,Yes,No,0,United States,California,Bakersfield,93313,35.140938,-119.051348,25126,Q3,Yes,1,33,No Offer,Yes,19.11,Yes,Yes,DSL,21,Yes,Yes,Yes,No,Yes,No,No,Yes,Month-to-Month,Yes,Bank Withdrawal,72.75,2447.45,0.0,0,630.63,3078.08,3,Stayed,No,75,4959,Not Applicable,Not Applicable,0,1,25–48 months,45–59,$70–$89.99,High Value,7,3,1–2 Referrals,Higher Contract Risk,2,Elevated,93.28,Advocate,0.5784397391773312,True,False,False,False,False,False,True,False,Support bundle and contract,6,Time-limited premium-support bundle with a longer-contract value option,45.0
4373-VVHQL,Male,37,No,No,No,No,0,United States,California,Arroyo Grande,93420,35.176236,-120.483243,24499,Q3,No,0,1,Offer E,Yes,18.57,No,Yes,DSL,26,No,No,No,No,No,No,No,No,Month-to-Month,Yes,Bank Withdrawal,44.75,44.75,0.0,10,18.57,73.32,4,Joined,No,59,5479,Not Applicable,Not Applicable,0,1,1–6 months,30–44,$35–$69.99,Premium Value,2,0,No Referrals,Higher Contract Risk,3,High,73.32,Basic Relationship,0.5401863877681924,True,True,False,True,False,False,True,False,High-value outreach,1,Dedicated retention specialist and personalized value-protection review,75.0
2712-SYWAY,Female,30,No,No,No,No,0,United States,California,Creston,93432,35.480896,-120.469476,1203,Q3,No,0,1,Offer E,Yes,43.84,Yes,No,No Internet,0,No,No,No,No,No,No,No,No,Month-to-Month,Yes,Bank Withdrawal,25.7,25.7,0.0,0,43.84,69.54,3,Joined,No,54,5249,Not Applicable,Not Applicable,0,1,1–6 months,30–44,Under $35,High Value,1,0,No Referrals,Higher Contract Risk,3,High,69.54,Basic Relationship,0.4622063173308856,True,True,False,True,False,False,True,False,High-value outreach,1,Dedicated retention specialist and personalized value-protection review,75.0
3413-DHLPB,Male,57,No,No,Yes,Yes,1,United States,California,Oceano,93445,35.059695,-120.604741,7435,Q3,Yes,1,60,Offer B,Yes,2.83,Yes,Yes,Fiber Optic,19,No,Yes,No,Yes,Yes,Yes,Yes,Yes,Month-to-Month,Yes,Bank Withdrawal,103.75,5969.95,0.0,0,169.8,6139.75,4,Stayed,No,53,6237,Not Applicable,Not Applicable,0,1,49–72 months,45–59,$90+,Premium Value,8,2,1–2 Referrals,Higher Contract Risk,3,High,102.33,Advocate,0.4691253595440834,True,True,False,False,False,True,False,False,High-value outreach,1,Dedicated retention specialist and personalized value-protection review,75.0
6734-GMPVK,Male,34,No,No,No,No,0,United States,California,Santa Maria,93454,34.943523,-120.256729,30540,Q3,No,0,5,Offer E,Yes,44.65,Yes,Yes,Fiber Optic,30,No,Yes,Yes,No,Yes,Yes,Yes,Yes,Month-to-Month,No,Bank Withdrawal,105.3,550.6,0.0,0,223.25,773.85,3,Stayed,No,66,4024,Not Applicable,Not Applicable,0,1,1–6 months,30–44,$90+,Core Value,8,2,No Referrals,Higher Contract Risk,5,Very High,154.77,Protection Engaged,0.833925908368645,True,False,True,True,False,True,True,False,Early fiber assurance,2,"First-90-day fiber service-health check, rapid issue resolution, and plan review",40.0
9822-OAOVB,Female,63,No,No,No,No,0,United States,California,Santa Maria,93455,34.818227,-120.418784,37364,Q3,No,0,1,Offer E,Yes,6.43,No,Yes,DSL,27,No,No,No,No,No,Yes,Yes,No,Month-to-Month,Yes,Bank Withdrawal,55.45,55.45,0.0,10,6.43,71.88,4,Joined,No,45,5286,Not Applicable,Not Applicable,0,1,1–6 months,60–69,$35–$69.99,High Value,4,0,No Referrals,Higher Contract Risk,3,High,71.88,Basic Relationship,0.6238239730535902,True,True,False,True,False,False,True,False,High-value outreach,1,Dedicated retention specialist and personalized value-protection review,75.0
7318-EIVKO,Male,38,No,No,No,No,0,United States,California,Shandon,93461,35.634488,-120.293534,1255,Q3,No,0,8,Offer E,Yes,48.2,Yes,Yes,DSL,22,No,No,No,No,Yes,No,No,Yes,Month-to-Month,Yes,Bank Withdrawal,59.25,436.6,0.0,0,385.6,822.2,3,Stayed,No,54,3003,Not Applicable,Not Applicable,0,1,7–12 months,30–44,$35–$69.99,Emerging Value,4,0,No Referrals,Higher Contract Risk,3,High,102.78,Basic Relationship,0.6738463682095115,True,False,False,False,False,False,True,False,Support bundle and contract,6,Time-limited premium-support bundle with a longer-contract value option,45.0
3771-PZOBW,Male,38,No,No,No,No,0,United States,California,Solvang,93463,34.624399,-120.137875,7958,Q3,No,0,20,Offer D,Yes,25.41,Yes,Yes,Fiber Optic,27,No,No,Yes,No,Yes,No,No,Yes,Month-to-Month,Yes,Credit Card,90.7,1781.35,0.0,0,508.2,2289.55,4,Stayed,No,77,2927,Not Applicable,Not Applicable,0,1,13–24 months,30–44,$90+,Emerging Value,5,1,No Referrals,Higher Contract Risk,4,Very High,114.48,Multi-Service,0.5253184440252303,True,False,False,False,False,True,True,False,Fiber quality and contract,5,Fiber diagnostics followed by a value-led contract-upgrade incentive,50.0
8982-NHAVY,Male,23,Yes,No,No,No,0,United States,California,Littlerock,93543,34.505273,-117.955054,11198,Q3,No,0,27,Offer C,Yes,8.86,Yes,Yes,Fiber Optic,73,No,No,Yes,No,Yes,Yes,Yes,No,One Year,Yes,Bank Withdrawal,100.5,2673.45,0.0,70,239.22,2982.67,3,Stayed,No,50,5939,Not Applicable,Not Applicable,0,1,25–48 months,19–29,$90+,Premium Value,6,1,No Referrals,Moderate Contract Risk,3,High,110.47,Multi-Service,0.3754308450583959,True,True,False,False,False,False,False,False,High-value outreach,1,Dedicated retention specialist and personalized value-protection review,75.0
0567-GGCAC,Female,38,No,No,No,No,0,United States,California,Biola,93606,36.798882,-120.019511,807,Q3,No,0,7,No Offer,Yes,15.84,No,Yes,DSL,14,Yes,Yes,Yes,No,No,No,No,Yes,Month-to-Month,No,Bank Withdrawal,61.4,438.9,0.0,0,110.88,549.78,3,Stayed,No,71,2845,Not Applicable,Not Applicable,0,1,7–12 months,30–44,$35–$69.99,Emerging Value,6,3,No Referrals,Higher Contract Risk,3,High,78.54,Protection Engaged,0.3260175558660399,True,False,False,False,False,False,True,False,Support bundle and contract,6,Time-limited premium-support bundle with a longer-contract value option,45.0
1475-VWVDO,Male,55,No,No,No,No,0,United States,California,Dos Palos,93620,37.045728,-120.630682,9388,Q3,No,0,7,Offer E,Yes,34.59,No,Yes,Fiber Optic,12,No,No,Yes,No,No,No,No,Yes,Month-to-Month,Yes,Bank Withdrawal,74.9,490.55,0.0,0,242.13,732.68,3,Stayed,No,52,5335,Not Applicable,Not Applicable,0,1,7–12 months,45–59,$70–$89.99,High Value,4,1,No Referrals,Higher Contract Risk,4,Very High,104.67,Basic Relationship,0.7432174841334641,True,True,True,False,False,True,True,False,High-value outreach,1,Dedicated retention specialist and personalized value-protection review,75.0
7994-UYIVZ,Male,62,No,No,Yes,No,0,United States,California,Miramonte,93641,36.696759,-119.024051,571,Q3,Yes,1,8,Offer E,Yes,39.59,Yes,Yes,Fiber Optic,16,No,No,No,No,No,Yes,Yes,No,Month-to-Month,Yes,Bank Withdrawal,85.65,659.45,0.0,70,316.72,1046.17,4,Stayed,No,72,2512,Not Applicable,Not Applicable,0,1,7–12 months,60–69,$70–$89.99,Emerging Value,4,0,1–2 Referrals,Higher Contract Risk,4,Very High,130.77,Advocate,0.9357994471842226,True,False,True,False,False,True,True,False,Early fiber assurance,2,"First-90-day fiber service-health check, rapid issue resolution, and plan review",40.0
5630-IXDXV,Female,51,No,No,No,No,0,United States,California,Reedley,93654,36.636638,-119.421842,25923,Q3,No,0,47,Offer B,Yes,14.54,Yes,Yes,Fiber Optic,10,No,Yes,Yes,No,Yes,Yes,Yes,Yes,Month-to-Month,Yes,Bank Withdrawal,106.35,4849.1,0.0,0,683.38,5532.48,4,Stayed,No,74,3723,Not Applicable,Not Applicable,0,1,25–48 months,45–59,$90+,Core Value,8,2,No Referrals,Higher Contract Risk,4,Very High,117.71,Protection Engaged,0.6075541123765014,True,False,False,False,False,True,True,False,Fiber quality and contract,5,Fiber diagnostics followed by a value-led contract-upgrade incentive,50.0
1212-GLHMD,Male,54,No,No,No,No,0,United States,California,San Joaquin,93660,36.600193,-120.153393,4318,Q3,No,0,3,Offer E,Yes,18.26,No,Yes,Fiber Optic,29,Yes,No,No,No,No,Yes,Yes,Yes,Month-to-Month,Yes,Credit Card,86.05,244.85,0.0,0,54.78,299.63,4,Joined,No,37,2500,Not Applicable,Not Applicable,0,1,1–6 months,45–59,$70–$89.99,Emerging Value,6,1,No Referrals,Higher Contract Risk,4,Very High,99.88,Multi-Service,0.660754600083775,True,False,True,True,False,True,True,False,Early fiber assurance,2,"First-90-day fiber service-health check, rapid issue resolution, and plan review",40.0
7878-JGDKK,Male,38,No,No,No,No,0,United States,California,Selma,93662,36.545322,-119.642281,26213,Q3,No,0,4,Offer E,Yes,30.07,No,Yes,Cable,29,No,No,No,No,No,No,No,Yes,Month-to-Month,No,Credit Card,44.55,220.75,0.0,0,120.28,341.03,3,Stayed,No,45,2124,Not Applicable,Not Applicable,0,1,1–6 months,30–44,$35–$69.99,Emerging Value,3,0,No Referrals,Higher Contract Risk,3,High,85.26,Basic Relationship,0.4025476389076856,True,False,False,True,False,False,True,False,Early onboarding,3,Structured 30/60/90-day onboarding support and service education,25.0
8622-ZLFKO,Female,56,No,No,Yes,No,0,United States,California,Fresno,93710,36.822715,-119.761826,29337,Q3,Yes,1,6,No Offer,Yes,23.35,Yes,Yes,Fiber Optic,8,No,Yes,No,No,No,Yes,Yes,Yes,Month-to-Month,Yes,Bank Withdrawal,90.75,512.25,0.0,0,140.1,652.35,4,Stayed,No,54,4297,Not Applicable,Not Applicable,0,1,1–6 months,45–59,$90+,Core Value,6,1,1–2 Referrals,Higher Contract Risk,5,Very High,108.72,Advocate,0.910499351104826,True,False,True,True,False,True,True,False,Early fiber assurance,2,"First-90-day fiber service-health check, rapid issue resolution, and plan review",40.0
5702-SKUOB,Female,34,No,No,Yes,No,0,United States,California,Fresno,93722,36.78979,-119.929894,60889,Q3,Yes,1,4,No Offer,Yes,29.14,No,No,No Internet,0,No,No,No,No,No,No,No,No,Month-to-Month,No,Credit Card,19.6,93.45,0.0,0,116.56,210.01,4,Stayed,No,66,4580,Not Applicable,Not Applicable,0,1,1–6 months,30–44,Under $35,High Value,1,0,1–2 Referrals,Higher Contract Risk,3,High,52.5,Advocate,0.3433672709899913,True,True,False,True,False,False,True,False,High-value outreach,1,Dedicated retention specialist and personalized value-protection review,75.0
1134-YWTYF,Male,32,No,No,Yes,No,0,United States,California,Fresno,93725,36.623632,-119.741322,21010,Q3,Yes,1,27,Offer C,Yes,41.48,No,Yes,DSL,15,No,Yes,No,Yes,No,No,No,Yes,Month-to-Month,Yes,Bank Withdrawal,53.8,1389.85,0.0,0,1119.96,2509.81,4,Stayed,No,66,2563,Not Applicable,Not Applicable,0,1,25–48 months,30–44,$35–$69.99,Emerging Value,5,2,1–2 Referrals,Higher Contract Risk,1,Lower,92.96,Advocate,0.3848283632901534,True,False,False,False,False,False,False,False,Competitor-response retention,8,"Personalized device, data, speed, or value response based on customer needs",55.0
0447-RXSGD,Male,39,No,No,No,No,0,United States,California,Monterey,93940,36.362741,-121.869685,32857,Q3,No,0,24,Offer C,Yes,25.68,Yes,Yes,Fiber Optic,6,No,Yes,No,No,Yes,Yes,Yes,Yes,Month-to-Month,Yes,Bank Withdrawal,99.65,2404.85,0.0,0,616.32,3021.17,3,Stayed,No,47,5207,Not Applicable,Not Applicable,0,1,13–24 months,30–44,$90+,High Value,7,1,No Referrals,Higher Contract Risk,4,Very High,125.88,Multi-Service,0.6853991558513546,True,True,False,False,False,True,True,False,High-value outreach,1,Dedicated retention specialist and personalized value-protection review,75.0
4927-WWOOZ,Male,39,No,No,Yes,No,0,United States,California,Pacific Grove,93950,36.618337,-121.926417,15449,Q3,No,0,2,No Offer,Yes,49.41,Yes,Yes,Fiber Optic,20,No,No,Yes,No,Yes,No,No,No,Month-to-Month,Yes,Bank Withdrawal,91.45,171.45,0.0,10,98.82,280.27,5,Joined,No,32,4889,Not Applicable,Not Applicable,0,1,1–6 months,30–44,$90+,High Value,4,1,No Referrals,Higher Contract Risk,5,Very High,140.14,Basic Relationship,0.9556000100842356,True,True,True,True,False,True,True,False,High-value outreach,1,Dedicated retention specialist and personalized value-protection review,75.0
0722-SVSFK,Female,45,No,No,No,No,0,United States,California,Half Moon Bay,94019,37.45567,-122.407992,17929,Q3,No,0,7,No Offer,Yes,39.02,No,Yes,Fiber Optic,25,No,No,Yes,Yes,Yes,Yes,Yes,Yes,Month-to-Month,Yes,Bank Withdrawal,100.4,715.0,0.0,0,273.14,988.14,3,Stayed,No,56,5041,Not Applicable,Not Applicable,0,1,7–12 months,45–59,$90+,High Value,8,2,No Referrals,Higher Contract Risk,4,Very High,141.16,Protection Engaged,0.7360317214345307,True,True,True,False,False,True,False,False,High-value outreach,1,Dedicated retention specialist and personalized value-protection review,75.0
1849-RJYIG,Female,43,No,No,No,No,0,United States,California,Sunnyvale,94087,37.3511,-122.037311,50070,Q3,No,0,8,No Offer,Yes,46.78,No,Yes,DSL,24,Yes,No,No,No,Yes,No,No,Yes,Month-to-Month,Yes,Bank Withdrawal,60.0,487.75,0.0,0,374.24,861.99,3,Stayed,No,29,5862,Not Applicable,Not Applicable,0,1,7–12 months,30–44,$35–$69.99,Premium Value,5,1,No Referrals,Higher Contract Risk,3,High,107.75,Multi-Service,0.4545228395746245,True,True,False,False,False,False,True,False,High-value outreach,1,Dedicated retention specialist and personalized value-protection review,75.0
4061-UKJWL,Male,35,No,No,No,No,0,United States,California,San Francisco,94102,37.7795,-122.419233,28998,Q3,No,0,3,No Offer,Yes,20.37,No,Yes,Cable,17,No,No,No,No,No,No,No,Yes,Month-to-Month,No,Credit Card,45.45,141.7,0.0,0,61.11,202.81,5,Joined,No,72,3666,Not Applicable,Not Applicable,0,1,1–6 months,30–44,$35–$69.99,Core Value,3,0,No Referrals,Higher Contract Risk,3,High,67.6,Basic Relationship,0.3576460955615404,True,False,False,True,False,False,True,False,Early onboarding,3,Structured 30/60/90-day onboarding support and service education,25.0
1074-AMIOH,Female,38,No,No,Yes,Yes,2,United States,California,San Francisco,94127,37.736535,-122.45732,20643,Q3,Yes,1,53,No Offer,Yes,43.39,No,Yes,Fiber Optic,29,No,Yes,Yes,Yes,Yes,Yes,Yes,Yes,Month-to-Month,Yes,Bank Withdrawal,108.25,5935.1,0.0,0,2299.67,8234.77,4,Stayed,No,73,5989,Not Applicable,Not Applicable,0,1,49–72 months,30–44,$90+,Premium Value,9,3,1–2 Referrals,Higher Contract Risk,3,High,155.37,Advocate,0.4187851133336482,True,True,False,False,False,True,False,False,High-value outreach,1,Dedicated retention specialist and personalized value-protection review,75.0
7145-FEJWU,Female,62,No,No,No,Yes,2,United States,California,San Francisco,94134,37.721052,-122.413573,40137,Q3,No,0,12,No Offer,Yes,16.96,Yes,Yes,Fiber Optic,18,No,Yes,Yes,No,Yes,Yes,Yes,Yes,Month-to-Month,Yes,Bank Withdrawal,105.3,1275.65,0.0,0,203.52,1479.17,3,Stayed,No,72,5913,Not Applicable,Not Applicable,0,1,7–12 months,60–69,$90+,Premium Value,8,2,No Referrals,Higher Contract Risk,5,Very High,123.26,Protection Engaged,0.5644193340365189,True,True,True,False,False,True,True,False,High-value outreach,1,Dedicated retention specialist and personalized value-protection review,75.0
3969-JQABI,Female,47,No,No,Yes,No,0,United States,California,Palo Alto,94303,37.45809,-122.115398,45499,Q3,No,0,58,No Offer,Yes,40.16,No,Yes,DSL,20,Yes,Yes,No,No,Yes,No,No,No,Month-to-Month,Yes,Credit Card,65.25,3791.6,0.0,110,2329.28,6230.88,3,Stayed,No,64,5912,Not Applicable,Not Applicable,0,1,49–72 months,45–59,$35–$69.99,Premium Value,5,2,No Referrals,Higher Contract Risk,2,Elevated,107.43,Protection Engaged,0.4020720468471657,True,False,False,False,False,False,True,False,Support bundle and contract,6,Time-limited premium-support bundle with a longer-contract value option,45.0
8384-FZBJK,Female,37,No,No,Yes,Yes,3,United States,California,San Mateo,94404,37.556094,-122.272437,31882,Q3,Yes,1,57,No Offer,Yes,32.37,Yes,Yes,Fiber Optic,28,No,Yes,No,No,Yes,Yes,Yes,Yes,Month-to-Month,Yes,Bank Withdrawal,100.6,5611.7,0.0,0,1845.09,7456.79,3,Stayed,No,48,6351,Not Applicable,Not Applicable,0,1,49–72 months,30–44,$90+,Premium Value,7,1,1–2 Referrals,Higher Contract Risk,4,Very High,130.82,Advocate,0.3463848220852198,True,True,False,False,False,True,True,False,High-value outreach,1,Dedicated retention specialist and personalized value-protection review,75.0
8325-QRPZR,Female,56,No,No,No,No,0,United States,California,Benicia,94510,38.113533,-122.11926,25578,Q3,No,0,7,No Offer,Yes,30.06,No,Yes,Fiber Optic,10,No,No,Yes,No,No,No,No,No,Month-to-Month,Yes,Bank Withdrawal,75.15,525.0,0.0,10,210.42,745.42,3,Stayed,No,50,4216,Not Applicable,Not Applicable,0,1,7–12 months,45–59,$70–$89.99,Core Value,3,1,No Referrals,Higher Contract Risk,4,Very High,106.49,Basic Relationship,0.6565146347171191,True,False,True,False,False,True,True,False,Early fiber assurance,2,"First-90-day fiber service-health check, rapid issue resolution, and plan review",40.0
2262-SLNVK,Female,53,No,No,No,No,0,United States,California,Birds Landing,94512,38.140719,-121.838298,138,Q3,No,0,1,No Offer,Yes,1.15,No,Yes,Fiber Optic,23,No,No,No,No,No,No,No,Yes,Month-to-Month,No,Bank Withdrawal,70.1,70.1,0.0,0,1.15,71.25,4,Joined,No,74,2475,Not Applicable,Not Applicable,0,1,1–6 months,45–59,$70–$89.99,Emerging Value,3,0,No Referrals,Higher Contract Risk,4,Very High,71.25,Basic Relationship,0.6167492017898882,True,False,True,True,False,True,True,False,Early fiber assurance,2,"First-90-day fiber service-health check, rapid issue resolution, and plan review",40.0
6481-ESCNL,Female,33,No,No,No,No,0,United States,California,Clayton,94517,37.881842,-121.848111,14239,Q3,No,0,29,No Offer,Yes,10.67,Yes,Yes,Fiber Optic,12,No,No,Yes,No,Yes,Yes,Yes,Yes,Month-to-Month,No,Bank Withdrawal,100.55,2878.75,0.0,0,309.43,3188.18,4,Stayed,No,53,4847,Not Applicable,Not Applicable,0,1,25–48 months,30–44,$90+,High Value,7,1,No Referrals,Higher Contract Risk,4,Very High,109.94,Multi-Service,0.6917270525319377,True,True,False,False,False,True,True,False,High-value outreach,1,Dedicated retention specialist and personalized value-protection review,75.0
1550-EENBN,Female,23,Yes,No,No,No,0,United States,California,Concord,94519,37.990118,-122.012188,18650,Q3,No,0,31,No Offer,Yes,45.71,Yes,Yes,Fiber Optic,58,Yes,Yes,No,No,Yes,Yes,Yes,Yes,Month-to-Month,No,Bank Withdrawal,104.35,3205.6,0.0,0,1417.01,4622.61,4,Stayed,No,78,5320,Not Applicable,Not Applicable,0,1,25–48 months,19–29,$90+,High Value,8,2,No Referrals,Higher Contract Risk,4,Very High,149.12,Protection Engaged,0.5025774943024734,True,True,False,False,False,True,True,False,High-value outreach,1,Dedicated retention specialist and personalized value-protection review,75.0
3130-ICDUP,Female,56,No,No,No,Yes,1,United States,California,Hercules,94547,37.991259,-122.214945,22479,Q3,No,0,2,No Offer,Yes,5.3,Yes,Yes,Fiber Optic,11,Yes,No,No,No,No,No,No,Yes,Month-to-Month,No,Credit Card,80.55,188.1,0.0,0,10.6,198.7,4,Joined,No,40,5346,Not Applicable,Not Applicable,0,1,1–6 months,45–59,$70–$89.99,High Value,4,1,No Referrals,Higher Contract Risk,4,Very High,99.35,Basic Relationship,0.3729165973056855,True,True,True,True,False,True,True,False,High-value outreach,1,Dedicated retention specialist and personalized value-protection review,75.0
2792-LSHWX,Female,49,No,No,No,No,0,United States,California,Fremont,94555,37.555473,-122.080312,33883,Q3,No,0,1,No Offer,Yes,43.06,No,Yes,Fiber Optic,9,Yes,Yes,No,Yes,No,No,No,Yes,Month-to-Month,Yes,Credit Card,83.4,83.4,0.0,0,43.06,126.46,3,Joined,No,26,5960,Not Applicable,Not Applicable,0,1,1–6 months,45–59,$70–$89.99,Premium Value,6,3,No Referrals,Higher Contract Risk,3,High,126.46,Protection Engaged,0.3828705313762786,True,True,True,True,False,True,False,False,High-value outreach,1,Dedicated retention specialist and personalized value-protection review,75.0
4391-LNRXK,Male,37,No,No,No,No,0,United States,California,Port Costa,94569,38.035707,-122.196821,173,Q3,No,0,22,Offer D,Yes,48.07,No,Yes,Fiber Optic,18,No,Yes,Yes,Yes,No,Yes,Yes,Yes,Month-to-Month,Yes,Bank Withdrawal,94.95,2142.8,0.0,0,1057.54,3200.34,5,Stayed,No,28,4242,Not Applicable,Not Applicable,0,1,13–24 months,30–44,$90+,Core Value,8,3,No Referrals,Higher Contract Risk,3,High,145.47,Protection Engaged,0.4082966871602876,True,False,False,False,False,True,False,False,Fiber quality and contract,5,Fiber diagnostics followed by a value-led contract-upgrade incentive,50.0
4986-MXSFP,Female,40,No,No,No,No,0,United States,California,San Leandro,94579,37.687264,-122.15728,19815,Q3,No,0,2,Offer E,Yes,43.27,No,No,No Internet,0,No,No,No,No,No,No,No,No,Month-to-Month,Yes,Mailed Check,20.0,40.9,0.0,0,86.54,127.44,4,Joined,No,39,2237,Not Applicable,Not Applicable,0,1,1–6 months,30–44,Under $35,Emerging Value,1,0,No Referrals,Higher Contract Risk,3,High,63.72,Basic Relationship,0.5051596665758165,True,False,False,True,False,False,True,False,Early onboarding,3,Structured 30/60/90-day onboarding support and service education,25.0
5609-IMCGG,Female,44,No,No,No,No,0,United States,California,Suisun City,94585,38.197907,-122.017258,39279,Q3,No,0,15,Offer D,Yes,6.22,Yes,Yes,Fiber Optic,4,Yes,No,Yes,No,No,No,No,Yes,Month-to-Month,Yes,Credit Card,84.35,1302.65,0.0,0,93.3,1395.95,3,Stayed,No,35,3314,Not Applicable,Not Applicable,0,1,13–24 months,30–44,$70–$89.99,Emerging Value,5,2,No Referrals,Higher Contract Risk,3,High,93.06,Protection Engaged,0.3902446942128111,True,False,False,False,False,True,True,False,Fiber quality and contract,5,Fiber diagnostics followed by a value-led contract-upgrade incentive,50.0
4727-MCYZG,Male,23,Yes,No,No,No,0,United States,California,Union City,94587,37.59485,-122.051521,66472,Q3,No,0,1,Offer E,Yes,33.32,No,Yes,DSL,48,No,No,No,No,No,Yes,Yes,No,Month-to-Month,No,Mailed Check,55.55,55.55,0.0,30,33.32,118.87,5,Joined,No,35,2207,Not Applicable,Not Applicable,0,1,1–6 months,19–29,$35–$69.99,Emerging Value,4,0,No Referrals,Higher Contract Risk,3,High,118.87,Basic Relationship,0.6734838141254309,True,False,False,True,False,False,True,False,Early onboarding,3,Structured 30/60/90-day onboarding support and service education,25.0
3301-LSLWQ,Female,32,No,No,No,No,0,United States,California,Vallejo,94592,38.093701,-122.276589,159,Q3,No,0,29,No Offer,Yes,17.87,Yes,Yes,Cable,26,Yes,No,No,No,No,Yes,Yes,Yes,Month-to-Month,Yes,Bank Withdrawal,66.1,1912.15,0.0,0,518.23,2430.38,3,Stayed,No,72,5590,Not Applicable,Not Applicable,0,1,25–48 months,30–44,$35–$69.99,Premium Value,6,1,No Referrals,Higher Contract Risk,2,Elevated,83.81,Multi-Service,0.4391825885317863,True,False,False,False,False,False,True,False,Support bundle and contract,6,Time-limited premium-support bundle with a longer-contract value option,45.0
5213-TWWJU,Male,26,Yes,No,No,No,0,United States,California,Richmond,94804,37.921034,-122.341798,39089,Q3,No,0,28,No Offer,Yes,45.24,No,Yes,Fiber Optic,59,No,No,Yes,Yes,No,Yes,Yes,Yes,Month-to-Month,No,Bank Withdrawal,91.0,2626.15,0.0,0,1266.72,3892.87,3,Stayed,No,66,2448,Not Applicable,Not Applicable,0,1,25–48 months,19–29,$90+,Emerging Value,7,2,No Referrals,Higher Contract Risk,3,High,139.03,Protection Engaged,0.4242721889639216,True,False,False,False,False,True,False,False,Fiber quality and contract,5,Fiber diagnostics followed by a value-led contract-upgrade incentive,50.0
1942-OQFRW,Male,62,No,No,No,No,0,United States,California,Forest Knolls,94933,38.010092,-122.689442,1025,Q3,No,0,1,Offer E,Yes,13.4,No,Yes,DSL,17,No,No,No,No,No,No,No,Yes,Month-to-Month,No,Bank Withdrawal,44.0,44.0,0.0,0,13.4,57.4,5,Joined,No,61,2785,Not Applicable,Not Applicable,0,1,1–6 months,60–69,$35–$69.99,Emerging Value,3,0,No Referrals,Higher Contract Risk,3,High,57.4,Basic Relationship,0.4823064236463663,True,False,False,True,False,False,True,False,Early onboarding,3,Structured 30/60/90-day onboarding support and service education,25.0
5133-VRSAB,Male,47,No,No,No,No,0,United States,California,Olema,94950,38.052209,-122.775567,248,Q3,No,0,8,Offer E,No,0.0,No,Yes,Cable,8,Yes,No,No,No,No,No,No,No,Month-to-Month,No,Credit Card,29.35,216.45,0.0,10,0.0,226.45,4,Stayed,No,59,5369,Not Applicable,Not Applicable,0,1,7–12 months,45–59,Under $35,High Value,2,1,No Referrals,Higher Contract Risk,3,High,28.31,Basic Relationship,0.3681552567588684,True,True,False,False,False,False,True,False,High-value outreach,1,Dedicated retention specialist and personalized value-protection review,75.0
7883-ROJOC,Female,33,No,No,Yes,No,0,United States,California,Point Reyes Station,94956,38.060264,-122.830646,1885,Q3,No,0,19,Offer D,Yes,34.51,No,Yes,Cable,22,No,No,No,No,No,No,No,Yes,Month-to-Month,No,Credit Card,44.9,839.65,0.0,0,655.69,1495.34,5,Stayed,No,76,5842,Not Applicable,Not Applicable,0,1,13–24 months,30–44,$35–$69.99,Premium Value,3,0,No Referrals,Higher Contract Risk,2,Elevated,78.7,Basic Relationship,0.4903806096216404,True,False,False,False,False,False,True,False,Support bundle and contract,6,Time-limited premium-support bundle with a longer-contract value option,45.0
4236-UJPWO,Female,34,No,No,No,No,0,United States,California,Alviso,95002,37.449537,-121.994813,2147,Q3,No,0,2,Offer E,No,0.0,No,Yes,DSL,5,No,No,No,No,No,No,No,Yes,Month-to-Month,No,Bank Withdrawal,24.5,46.4,0.0,0,0.0,46.4,4,Joined,No,54,5786,Not Applicable,Not Applicable,0,1,1–6 months,30–44,Under $35,Premium Value,2,0,No Referrals,Higher Contract Risk,3,High,23.2,Basic Relationship,0.5805935404834502,True,True,False,True,False,False,True,False,High-value outreach,1,Dedicated retention specialist and personalized value-protection review,75.0
9086-YJYXS,Male,23,Yes,No,Yes,Yes,1,United States,California,San Martin,95046,37.084697,-121.606417,5671,Q3,No,0,34,Offer C,Yes,5.39,Yes,Yes,Cable,52,No,No,Yes,No,Yes,Yes,Yes,Yes,One Year,No,Bank Withdrawal,77.2,2753.8,0.0,0,183.26,2937.06,5,Stayed,No,58,3997,Not Applicable,Not Applicable,0,1,25–48 months,19–29,$70–$89.99,Core Value,7,1,No Referrals,Moderate Contract Risk,1,Lower,86.38,Multi-Service,0.371104228253686,True,False,False,False,False,False,False,False,Competitor-response retention,8,"Personalized device, data, speed, or value response based on customer needs",55.0
9506-UXUSK,Male,53,No,No,No,No,0,United States,California,San Jose,95116,37.350284,-121.852855,51706,Q3,No,0,13,Offer D,Yes,39.17,No,Yes,Fiber Optic,10,No,No,No,No,No,No,No,No,Month-to-Month,Yes,Bank Withdrawal,70.15,931.75,0.0,150,509.21,1590.96,5,Stayed,No,30,4599,Not Applicable,Not Applicable,0,1,13–24 months,45–59,$70–$89.99,High Value,2,0,No Referrals,Higher Contract Risk,3,High,122.38,Basic Relationship,0.5520295767013242,True,True,False,False,False,True,True,False,High-value outreach,1,Dedicated retention specialist and personalized value-protection review,75.0
0581-MDMPW,Female,63,No,No,No,No,0,United States,California,San Jose,95148,37.339533,-121.777179,44103,Q3,No,0,24,Offer C,Yes,44.09,Yes,Yes,Fiber Optic,9,No,No,Yes,No,Yes,No,No,Yes,Month-to-Month,Yes,Credit Card,88.95,2072.75,0.0,0,1058.16,3130.91,3,Stayed,No,37,5557,Not Applicable,Not Applicable,0,1,13–24 months,60–69,$70–$89.99,Premium Value,5,1,No Referrals,Higher Contract Risk,3,High,130.45,Multi-Service,0.5449090558679192,True,True,False,False,False,True,True,False,High-value outreach,1,Dedicated retention specialist and personalized value-protection review,75.0
9163-GHAYE,Female,34,No,No,No,No,0,United States,California,Stockton,95204,37.974498,-121.319568,30476,Q3,No,0,15,No Offer,Yes,31.68,No,Yes,Cable,23,No,Yes,No,No,No,No,No,Yes,Month-to-Month,No,Bank Withdrawal,48.85,736.8,0.0,0,475.2,1212.0,5,Stayed,No,62,5584,Not Applicable,Not Applicable,0,1,13–24 months,30–44,$35–$69.99,Premium Value,4,1,No Referrals,Higher Contract Risk,2,Elevated,80.8,Basic Relationship,0.3257873358274543,True,False,False,False,False,False,True,False,Support bundle and contract,6,Time-limited premium-support bundle with a longer-contract value option,45.0
3904-UKFRE,Male,27,Yes,No,No,No,0,United States,California,Stockton,95205,37.965695,-121.260051,34138,Q3,No,0,4,Offer E,Yes,44.16,Yes,Yes,Fiber Optic,82,Yes,No,No,No,No,No,No,Yes,Month-to-Month,Yes,Bank Withdrawal,80.1,336.15,0.0,0,176.64,512.79,3,Stayed,No,67,2333,Not Applicable,Not Applicable,0,1,1–6 months,19–29,$70–$89.99,Emerging Value,4,1,No Referrals,Higher Contract Risk,4,Very High,128.2,Basic Relationship,0.698223723550836,True,False,True,True,False,True,True,False,Early fiber assurance,2,"First-90-day fiber service-health check, rapid issue resolution, and plan review",40.0
0058-EVZWM,Female,37,No,No,Yes,No,0,United States,California,Stockton,95209,38.044523,-121.348048,30814,Q3,Yes,2,55,Offer B,Yes,5.08,Yes,Yes,Fiber Optic,9,Yes,No,No,No,Yes,No,No,Yes,Month-to-Month,Yes,Bank Withdrawal,89.8,4959.6,0.0,0,279.4,5239.0,3,Stayed,No,42,5875,Not Applicable,Not Applicable,0,1,49–72 months,30–44,$70–$89.99,Premium Value,5,1,1–2 Referrals,Higher Contract Risk,3,High,95.25,Advocate,0.5140013560746143,True,True,False,False,False,True,True,False,High-value outreach,1,Dedicated retention specialist and personalized value-protection review,75.0
1575-KRZZE,Female,64,No,No,No,No,0,United States,California,Murphys,95247,38.147852,-120.440124,4353,Q3,No,0,4,Offer E,Yes,7.49,No,Yes,Cable,17,Yes,Yes,No,No,No,No,No,Yes,Month-to-Month,No,Bank Withdrawal,55.2,220.65,0.0,0,29.96,250.61,3,Stayed,No,74,4042,Not Applicable,Not Applicable,0,1,1–6 months,60–69,$35–$69.99,Core Value,5,2,No Referrals,Higher Contract Risk,3,High,62.65,Protection Engaged,0.423392398445867,True,False,False,True,False,False,True,False,Early onboarding,3,Structured 30/60/90-day onboarding support and service education,25.0
1845-ZLLIG,Male,45,No,No,No,No,0,United States,California,Woodbridge,95258,38.169605,-121.310964,4176,Q3,No,0,1,Offer E,Yes,20.3,No,Yes,DSL,16,No,Yes,No,No,No,No,No,Yes,Month-to-Month,Yes,Credit Card,50.15,50.15,0.0,0,20.3,70.45,3,Joined,No,50,4014,Not Applicable,Not Applicable,0,1,1–6 months,45–59,$35–$69.99,Core Value,4,1,No Referrals,Higher Contract Risk,3,High,70.45,Basic Relationship,0.4517178134140593,True,False,False,True,False,False,True,False,Early onboarding,3,Structured 30/60/90-day onboarding support and service education,25.0
6988-CJEYV,Male,56,No,No,No,No,0,United States,California,Crows Landing,95313,37.435664,-121.049056,1508,Q3,No,0,49,Offer B,Yes,45.46,Yes,Yes,Fiber Optic,27,No,Yes,No,No,Yes,Yes,Yes,Yes,Month-to-Month,No,Bank Withdrawal,98.7,4920.55,0.0,0,2227.54,7148.09,3,Stayed,No,79,6148,Not Applicable,Not Applicable,0,1,49–72 months,45–59,$90+,Premium Value,7,1,No Referrals,Higher Contract Risk,4,Very High,145.88,Multi-Service,0.4336672802153801,True,True,False,False,False,True,True,False,High-value outreach,1,Dedicated retention specialist and personalized value-protection review,75.0
9743-DQKQW,Male,28,Yes,No,No,No,0,United States,California,Escalon,95320,37.818543,-121.006907,11474,Q3,No,0,3,Offer E,No,0.0,No,Yes,DSL,69,No,No,No,No,No,No,No,Yes,Month-to-Month,No,Bank Withdrawal,25.1,79.8,0.0,0,0.0,79.8,5,Joined,No,58,2013,Not Applicable,Not Applicable,0,1,1–6 months,19–29,Under $35,Emerging Value,2,0,No Referrals,Higher Contract Risk,3,High,26.6,Basic Relationship,0.5315742320392962,True,False,False,True,False,False,True,False,Early onboarding,3,Structured 30/60/90-day onboarding support and service education,25.0
1215-VFYVK,Female,19,Yes,No,No,No,0,United States,California,Groveland,95321,37.902968,-119.667544,3680,Q3,No,0,4,Offer E,No,0.0,No,Yes,Cable,30,Yes,No,Yes,Yes,No,Yes,Yes,No,Month-to-Month,No,Mailed Check,48.25,202.25,0.0,10,0.0,212.25,3,Stayed,No,30,2682,Not Applicable,Not Applicable,0,1,1–6 months,19–29,$35–$69.99,Emerging Value,6,3,No Referrals,Higher Contract Risk,2,Elevated,53.06,Protection Engaged,0.6071897777081795,True,False,False,True,False,False,False,False,Early onboarding,3,Structured 30/60/90-day onboarding support and service education,25.0
9093-FPDLG,Female,54,No,No,No,No,0,United States,California,Hilmar,95324,37.394536,-120.890747,7177,Q3,No,0,11,No Offer,Yes,9.52,No,Yes,Fiber Optic,4,No,Yes,Yes,Yes,No,Yes,Yes,Yes,Month-to-Month,Yes,Bank Withdrawal,94.2,999.9,0.0,0,104.72,1104.62,3,Stayed,No,52,2405,Not Applicable,Not Applicable,0,1,7–12 months,45–59,$90+,Emerging Value,8,3,No Referrals,Higher Contract Risk,4,Very High,100.42,Protection Engaged,0.6095382652012162,True,False,True,False,False,True,False,False,Early fiber assurance,2,"First-90-day fiber service-health check, rapid issue resolution, and plan review",40.0
0541-FITGH,Female,59,No,No,Yes,No,0,United States,California,Hornitos,95325,37.479926,-120.230424,128,Q3,Yes,6,2,Offer E,Yes,48.39,No,Yes,Cable,24,Yes,No,No,No,No,Yes,Yes,Yes,Month-to-Month,Yes,Mailed Check,62.15,113.1,0.0,0,96.78,209.88,3,Joined,No,34,5766,Not Applicable,Not Applicable,0,1,1–6 months,45–59,$35–$69.99,Premium Value,6,1,6+ Referrals,Higher Contract Risk,3,High,104.94,Advocate,0.4139671041528553,True,True,False,True,False,False,True,False,High-value outreach,1,Dedicated retention specialist and personalized value-protection review,75.0
2740-TVLFN,Male,42,No,No,No,No,0,United States,California,Manteca,95337,37.750822,-121.238423,19867,Q3,No,0,1,Offer E,Yes,39.87,Yes,Yes,DSL,2,No,No,No,No,No,No,No,Yes,Month-to-Month,Yes,Bank Withdrawal,50.15,50.15,0.0,0,39.87,90.02,3,Joined,No,80,3043,Not Applicable,Not Applicable,0,1,1–6 months,30–44,$35–$69.99,Emerging Value,3,0,No Referrals,Higher Contract Risk,3,High,90.02,Basic Relationship,0.6682781848681081,True,False,False,True,False,False,True,False,Early onboarding,3,Structured 30/60/90-day onboarding support and service education,25.0
4146-SVFUD,Male,45,No,No,No,No,0,United States,California,Modesto,95351,37.621458,-121.012295,47536,Q3,No,0,1,No Offer,Yes,45.28,No,Yes,DSL,2,No,No,No,No,No,No,No,Yes,Month-to-Month,No,Mailed Check,44.6,44.6,0.0,0,45.28,89.88,4,Joined,No,77,4864,Not Applicable,Not Applicable,0,1,1–6 months,45–59,$35–$69.99,High Value,3,0,No Referrals,Higher Contract Risk,3,High,89.88,Basic Relationship,0.5652804148468683,True,True,False,True,False,False,True,False,High-value outreach,1,Dedicated retention specialist and personalized value-protection review,75.0
1564-HJUVY,Male,53,No,No,No,No,0,United States,California,Modesto,95354,37.639029,-120.964772,27135,Q3,No,0,4,No Offer,Yes,3.03,No,Yes,DSL,11,No,Yes,No,Yes,Yes,No,No,Yes,Month-to-Month,Yes,Bank Withdrawal,63.75,226.2,0.0,0,12.12,238.32,5,Stayed,No,59,2624,Not Applicable,Not Applicable,0,1,1–6 months,45–59,$35–$69.99,Emerging Value,6,2,No Referrals,Higher Contract Risk,2,Elevated,59.58,Protection Engaged,0.4355975065985777,True,False,False,True,False,False,False,False,Early onboarding,3,Structured 30/60/90-day onboarding support and service education,25.0
7517-LDMPS,Female,31,No,No,No,No,0,United States,California,Modesto,95356,37.716186,-121.025836,26055,Q3,No,0,12,No Offer,Yes,2.57,No,Yes,Fiber Optic,25,No,Yes,No,No,No,Yes,Yes,Yes,Month-to-Month,Yes,Bank Withdrawal,84.6,1017.35,0.0,0,30.84,1048.19,5,Stayed,No,75,4807,Not Applicable,Not Applicable,0,1,7–12 months,30–44,$70–$89.99,High Value,6,1,No Referrals,Higher Contract Risk,4,Very High,87.35,Multi-Service,0.6571682533985638,True,True,True,False,False,True,True,False,High-value outreach,1,Dedicated retention specialist and personalized value-protection review,75.0
5226-NOZFC,Male,48,No,No,No,No,0,United States,California,Modesto,95358,37.612612,-121.108568,30668,Q3,No,0,26,No Offer,Yes,40.35,No,Yes,Fiber Optic,13,No,Yes,No,No,Yes,No,No,Yes,Month-to-Month,Yes,Bank Withdrawal,85.75,2146.5,0.0,0,1049.1,3195.6,3,Stayed,No,64,3178,Not Applicable,Not Applicable,0,1,25–48 months,45–59,$70–$89.99,Emerging Value,5,1,No Referrals,Higher Contract Risk,3,High,122.91,Multi-Service,0.6061524307419658,True,False,False,False,False,True,True,False,Fiber quality and contract,5,Fiber diagnostics followed by a value-led contract-upgrade incentive,50.0
2187-PKZAY,Male,23,Yes,No,No,No,0,United States,California,Stevinson,95374,37.316807,-120.855753,1960,Q3,No,0,12,No Offer,Yes,40.06,No,Yes,Fiber Optic,41,No,No,No,No,No,Yes,Yes,Yes,Month-to-Month,Yes,Bank Withdrawal,79.95,1043.4,0.0,0,480.72,1524.12,5,Stayed,No,71,2968,Not Applicable,Not Applicable,0,1,7–12 months,19–29,$70–$89.99,Emerging Value,5,0,No Referrals,Higher Contract Risk,4,Very High,127.01,Multi-Service,0.6746544811200783,True,False,True,False,False,True,True,False,Early fiber assurance,2,"First-90-day fiber service-health check, rapid issue resolution, and plan review",40.0
6652-YFFJO,Female,42,No,No,No,No,0,United States,California,Tuolumne,95379,37.939768,-120.188002,3979,Q3,No,0,11,Offer D,Yes,13.56,No,Yes,Cable,17,No,No,No,No,Yes,Yes,Yes,Yes,Month-to-Month,Yes,Bank Withdrawal,64.9,716.1,0.0,0,149.16,865.26,5,Stayed,No,80,2775,Not Applicable,Not Applicable,0,1,7–12 months,30–44,$35–$69.99,Emerging Value,6,0,No Referrals,Higher Contract Risk,3,High,78.66,Multi-Service,0.5100472412966321,True,False,False,False,False,False,True,False,Support bundle and contract,6,Time-limited premium-support bundle with a longer-contract value option,45.0
2668-TZSPS,Male,32,No,No,No,No,0,United States,California,Santa Rosa,95403,38.488431,-122.752839,40270,Q3,No,0,1,No Offer,Yes,39.61,No,No,No Internet,0,No,No,No,No,No,No,No,No,Month-to-Month,No,Mailed Check,20.45,20.45,0.0,0,39.61,60.06,5,Joined,No,51,2664,Not Applicable,Not Applicable,0,1,1–6 months,30–44,Under $35,Emerging Value,1,0,No Referrals,Higher Contract Risk,3,High,60.06,Basic Relationship,0.3615095486549759,True,False,False,True,False,False,True,False,Early onboarding,3,Structured 30/60/90-day onboarding support and service education,25.0
5542-TBBWB,Male,46,No,No,No,No,0,United States,California,Lakeport,95453,39.080469,-122.955176,11180,Q3,No,0,1,No Offer,Yes,9.36,No,Yes,Fiber Optic,14,No,No,No,No,No,No,No,No,Month-to-Month,Yes,Bank Withdrawal,69.9,69.9,0.0,10,9.36,89.26,4,Joined,No,26,3358,Not Applicable,Not Applicable,0,1,1–6 months,45–59,$35–$69.99,Emerging Value,2,0,No Referrals,Higher Contract Risk,4,Very High,89.26,Basic Relationship,0.6685576272085085,True,False,True,True,False,True,True,False,Early fiber assurance,2,"First-90-day fiber service-health check, rapid issue resolution, and plan review",40.0
3352-ALMCK,Male,42,No,No,No,No,0,United States,California,Navarro,95463,39.182916,-123.552571,148,Q3,No,0,40,No Offer,Yes,32.78,Yes,Yes,Fiber Optic,29,No,Yes,Yes,No,Yes,Yes,Yes,Yes,Month-to-Month,Yes,Credit Card,102.65,4108.15,0.0,0,1311.2,5419.35,4,Stayed,No,52,3655,Not Applicable,Not Applicable,0,1,25–48 months,30–44,$90+,Core Value,8,2,No Referrals,Higher Contract Risk,4,Very High,135.48,Protection Engaged,0.5098631022365557,True,False,False,False,False,True,True,False,Fiber quality and contract,5,Fiber diagnostics followed by a value-led contract-upgrade incentive,50.0
3987-KQDDU,Male,58,No,No,No,No,0,United States,California,Sonoma,95476,38.25485,-122.461799,34314,Q3,No,0,9,No Offer,Yes,21.11,No,Yes,Fiber Optic,6,Yes,No,No,No,No,No,No,Yes,Month-to-Month,No,Bank Withdrawal,75.6,661.55,0.0,0,189.99,851.54,3,Stayed,No,30,4990,Not Applicable,Not Applicable,0,1,7–12 months,45–59,$70–$89.99,High Value,4,1,No Referrals,Higher Contract Risk,4,Very High,94.62,Basic Relationship,0.5062910468873706,True,True,True,False,False,True,True,False,High-value outreach,1,Dedicated retention specialist and personalized value-protection review,75.0
5649-RXQTV,Male,34,No,No,No,No,0,United States,California,Alderpoint,95511,40.166028,-123.584144,261,Q3,No,0,51,Offer B,Yes,42.33,No,Yes,Fiber Optic,2,No,Yes,Yes,No,Yes,Yes,Yes,Yes,Month-to-Month,Yes,Bank Withdrawal,99.0,5038.15,0.0,0,2158.83,7196.98,5,Stayed,No,78,5787,Not Applicable,Not Applicable,0,1,49–72 months,30–44,$90+,Premium Value,8,2,No Referrals,Higher Contract Risk,4,Very High,141.12,Protection Engaged,0.4695032972485013,True,True,False,False,False,True,True,False,High-value outreach,1,Dedicated retention specialist and personalized value-protection review,75.0
2674-MIAHT,Female,26,Yes,No,No,No,0,United States,California,Blocksburg,95514,40.309088,-123.668201,199,Q3,No,0,4,No Offer,Yes,38.74,Yes,Yes,Fiber Optic,51,No,Yes,No,No,No,No,No,Yes,Month-to-Month,Yes,Credit Card,80.3,324.2,0.0,0,154.96,479.16,3,Stayed,No,70,3132,Not Applicable,Not Applicable,0,1,1–6 months,19–29,$70–$89.99,Emerging Value,4,1,No Referrals,Higher Contract Risk,4,Very High,119.79,Basic Relationship,0.6037539909614625,True,False,True,True,False,True,True,False,Early fiber assurance,2,"First-90-day fiber service-health check, rapid issue resolution, and plan review",40.0
7587-AOVVU,Male,39,No,No,Yes,Yes,1,United States,California,Arcata,95521,40.839958,-124.003757,19596,Q3,No,0,27,No Offer,Yes,14.07,Yes,Yes,Fiber Optic,15,Yes,Yes,No,Yes,Yes,No,No,Yes,Month-to-Month,No,Bank Withdrawal,100.75,2793.55,0.0,0,379.89,3173.44,3,Stayed,No,31,3160,Not Applicable,Not Applicable,0,1,25–48 months,30–44,$90+,Emerging Value,7,3,No Referrals,Higher Contract Risk,3,High,117.53,Protection Engaged,0.6601507030950386,True,False,False,False,False,True,False,False,Fiber quality and contract,5,Fiber diagnostics followed by a value-led contract-upgrade incentive,50.0
0258-NOKBL,Male,22,Yes,No,No,No,0,United States,California,Fortuna,95540,40.584991,-124.121504,12241,Q3,No,0,3,No Offer,Yes,31.48,No,Yes,Fiber Optic,73,No,Yes,Yes,No,No,Yes,Yes,Yes,Month-to-Month,No,Bank Withdrawal,90.4,268.45,0.0,0,94.44,362.89,5,Joined,No,61,5625,Not Applicable,Not Applicable,0,1,1–6 months,19–29,$90+,Premium Value,7,2,No Referrals,Higher Contract Risk,5,Very High,120.96,Protection Engaged,0.6344805990385638,True,True,True,True,False,True,True,False,High-value outreach,1,Dedicated retention specialist and personalized value-protection review,75.0
2960-NKRSO,Male,60,No,No,No,No,0,United States,California,Mad River,95552,40.390301,-123.412327,265,Q3,No,0,24,No Offer,Yes,9.53,No,Yes,Fiber Optic,24,No,Yes,Yes,Yes,No,No,No,Yes,Month-to-Month,Yes,Bank Withdrawal,85.95,2107.15,0.0,0,228.72,2335.87,3,Stayed,No,52,5421,Not Applicable,Not Applicable,0,1,13–24 months,60–69,$70–$89.99,Premium Value,6,3,No Referrals,Higher Contract Risk,2,Elevated,97.33,Protection Engaged,0.4598845750197415,True,False,False,False,False,True,False,False,Fiber quality and contract,5,Fiber diagnostics followed by a value-led contract-upgrade incentive,50.0
2209-XADXF,Female,40,No,No,No,No,0,United States,California,Willow Creek,95573,40.949012,-123.655847,1666,Q3,No,0,1,Offer E,No,0.0,No,Yes,DSL,15,No,No,No,No,No,No,No,No,Month-to-Month,No,Bank Withdrawal,25.25,25.25,0.0,10,0.0,35.25,5,Joined,No,28,4831,Not Applicable,Not Applicable,0,1,1–6 months,30–44,Under $35,High Value,1,0,No Referrals,Higher Contract Risk,3,High,35.25,Basic Relationship,0.5630341873610173,True,True,False,True,False,False,True,False,High-value outreach,1,Dedicated retention specialist and personalized value-protection review,75.0
4770-UEZOX,Male,19,Yes,No,No,No,0,United States,California,Fallbrook,92028,33.362575,-117.299644,42239,Q3,No,0,2,Offer E,Yes,43.56,No,Yes,Fiber Optic,52,No,Yes,No,No,No,No,No,Yes,Month-to-Month,Yes,Bank Withdrawal,74.75,144.8,0.0,0,87.12,231.92,3,Joined,No,34,4545,Not Applicable,Not Applicable,0,1,1–6 months,19–29,$70–$89.99,High Value,4,1,No Referrals,Higher Contract Risk,4,Very High,115.96,Basic Relationship,0.7050334422517117,True,True,True,True,False,True,True,False,High-value outreach,1,Dedicated retention specialist and personalized value-protection review,75.0
8896-BQTTI,Male,41,No,No,No,No,0,United States,California,Cool,95614,38.880622,-120.973865,3674,Q3,No,0,1,Offer E,Yes,3.39,Yes,No,No Internet,0,No,No,No,No,No,No,No,No,Month-to-Month,Yes,Credit Card,25.0,25.0,0.0,0,3.39,28.39,3,Joined,No,53,2371,Not Applicable,Not Applicable,0,1,1–6 months,30–44,Under $35,Emerging Value,1,0,No Referrals,Higher Contract Risk,3,High,28.39,Basic Relationship,0.3475481356942371,True,False,False,True,False,False,True,False,Early onboarding,3,Structured 30/60/90-day onboarding support and service education,25.0
1614-JBEBI,Female,59,No,No,No,No,0,United States,California,Georgetown,95634,38.9386,-120.785514,2723,Q3,No,0,8,Offer E,Yes,26.47,No,No,No Internet,0,No,No,No,No,No,No,No,No,Month-to-Month,Yes,Mailed Check,20.7,137.6,0.0,0,211.76,349.36,5,Stayed,No,49,3330,Not Applicable,Not Applicable,0,1,7–12 months,45–59,Under $35,Emerging Value,1,0,No Referrals,Higher Contract Risk,3,High,43.67,Basic Relationship,0.4754769323883586,True,False,False,False,False,False,True,False,Support bundle and contract,6,Time-limited premium-support bundle with a longer-contract value option,45.0
1406-PUQVY,Male,29,Yes,No,No,Yes,1,United States,California,Madison,95653,38.674276,-121.961866,844,Q3,No,0,1,Offer E,Yes,6.35,No,Yes,DSL,76,No,Yes,No,No,No,No,No,Yes,Month-to-Month,Yes,Bank Withdrawal,49.9,49.9,0.0,0,6.35,56.25,5,Joined,No,39,3239,Not Applicable,Not Applicable,0,1,1–6 months,19–29,$35–$69.99,Emerging Value,4,1,No Referrals,Higher Contract Risk,3,High,56.25,Basic Relationship,0.3575803891496031,True,False,False,True,False,False,True,False,Early onboarding,3,Structured 30/60/90-day onboarding support and service education,25.0
1728-BQDMA,Female,22,Yes,No,No,No,0,United States,California,Penryn,95663,38.859093,-121.182872,2048,Q3,No,0,2,Offer E,Yes,18.7,No,Yes,DSL,59,No,No,No,No,No,No,No,Yes,Month-to-Month,No,Bank Withdrawal,44.45,82.7,0.0,0,37.4,120.1,3,Joined,No,26,5694,Not Applicable,Not Applicable,0,1,1–6 months,19–29,$35–$69.99,Premium Value,3,0,No Referrals,Higher Contract Risk,3,High,60.05,Basic Relationship,0.4485158814457045,True,True,False,True,False,False,True,False,High-value outreach,1,Dedicated retention specialist and personalized value-protection review,75.0
1666-JXLKU,Female,64,No,No,No,No,0,United States,California,Shingle Springs,95682,38.598936,-120.963092,24738,Q3,No,0,37,Offer C,Yes,17.46,Yes,Yes,Fiber Optic,22,No,No,Yes,No,Yes,Yes,Yes,Yes,Month-to-Month,Yes,Bank Withdrawal,100.05,3810.55,0.0,0,646.02,4456.57,5,Stayed,No,52,2904,Not Applicable,Not Applicable,0,1,25–48 months,60–69,$90+,Emerging Value,7,1,No Referrals,Higher Contract Risk,4,Very High,120.45,Multi-Service,0.6408718826511253,True,False,False,False,False,True,True,False,Fiber quality and contract,5,Fiber diagnostics followed by a value-led contract-upgrade incentive,50.0
7855-DIWPO,Female,60,No,No,No,No,0,United States,California,Sloughhouse,95683,38.470423,-121.114897,4731,Q3,No,0,21,Offer D,Yes,30.59,No,Yes,Fiber Optic,11,No,No,No,No,No,No,No,Yes,Month-to-Month,Yes,Bank Withdrawal,68.65,1493.2,0.0,0,642.39,2135.59,5,Stayed,No,21,2006,Not Applicable,Not Applicable,0,1,13–24 months,60–69,$35–$69.99,Emerging Value,3,0,No Referrals,Higher Contract Risk,3,High,101.69,Basic Relationship,0.418378753389157,True,False,False,False,False,True,True,False,Fiber quality and contract,5,Fiber diagnostics followed by a value-led contract-upgrade incentive,50.0
5133-POWUA,Male,34,No,No,No,No,0,United States,California,Somerset,95684,38.606703,-120.586659,2958,Q3,No,0,1,No Offer,Yes,13.62,No,Yes,Cable,21,No,No,No,No,No,No,No,Yes,Month-to-Month,Yes,Credit Card,45.8,45.8,0.0,0,13.62,59.42,5,Joined,No,30,2614,Not Applicable,Not Applicable,0,1,1–6 months,30–44,$35–$69.99,Emerging Value,3,0,No Referrals,Higher Contract Risk,3,High,59.42,Basic Relationship,0.4522918324942394,True,False,False,True,False,False,True,False,Early onboarding,3,Structured 30/60/90-day onboarding support and service education,25.0
5652-MSDEY,Female,37,No,No,No,No,0,United States,California,Sutter Creek,95685,38.432145,-120.77069,4610,Q3,No,0,10,No Offer,Yes,39.85,Yes,Yes,Fiber Optic,21,No,No,No,No,No,No,No,Yes,Month-to-Month,Yes,Mailed Check,75.75,777.3,0.0,0,398.5,1175.8,5,Stayed,No,52,4525,Not Applicable,Not Applicable,0,1,7–12 months,30–44,$70–$89.99,Core Value,3,0,No Referrals,Higher Contract Risk,4,Very High,117.58,Basic Relationship,0.814674538019986,True,False,True,False,False,True,True,False,Early fiber assurance,2,"First-90-day fiber service-health check, rapid issue resolution, and plan review",40.0
1784-BXEFA,Female,63,No,No,No,No,0,United States,California,Vacaville,95688,38.419088,-122.024568,32564,Q3,No,0,10,No Offer,Yes,4.76,No,No,No Internet,0,No,No,No,No,No,No,No,No,Month-to-Month,Yes,Mailed Check,20.55,187.35,0.0,0,47.6,234.95,3,Stayed,No,43,3595,Not Applicable,Not Applicable,0,1,7–12 months,60–69,Under $35,Core Value,1,0,No Referrals,Higher Contract Risk,3,High,23.49,Basic Relationship,0.38096658282378,True,False,False,False,False,False,True,False,Support bundle and contract,6,Time-limited premium-support bundle with a longer-contract value option,45.0
7351-MHQVU,Female,43,No,No,No,No,0,United States,California,Volcano,95689,38.481902,-120.603668,1273,Q3,No,0,6,Offer E,No,0.0,No,Yes,Cable,23,Yes,Yes,No,Yes,No,Yes,Yes,Yes,Month-to-Month,No,Credit Card,50.95,307.6,0.0,0,0.0,307.6,3,Stayed,No,79,3474,Not Applicable,Not Applicable,0,1,1–6 months,30–44,$35–$69.99,Core Value,7,3,No Referrals,Higher Contract Risk,2,Elevated,51.27,Protection Engaged,0.3851190880497465,True,False,False,True,False,False,False,False,Early onboarding,3,Structured 30/60/90-day onboarding support and service education,25.0
1777-JYQPJ,Male,19,Yes,No,No,No,0,United States,California,Colfax,95713,39.084645,-120.894014,8525,Q3,No,0,2,Offer E,No,0.0,No,Yes,DSL,59,No,No,No,No,No,No,No,Yes,Month-to-Month,No,Mailed Check,24.3,38.45,0.0,0,0.0,38.45,4,Joined,No,77,2515,Not Applicable,Not Applicable,0,1,1–6 months,19–29,Under $35,Emerging Value,2,0,No Referrals,Higher Contract Risk,3,High,19.23,Basic Relationship,0.6666581548639607,True,False,False,True,False,False,True,False,Early onboarding,3,Structured 30/60/90-day onboarding support and service education,25.0
3853-LYGAM,Male,58,No,No,No,No,0,United States,California,Meadow Vista,95722,39.003358,-121.022539,3747,Q3,No,0,17,No Offer,Yes,21.14,Yes,Yes,Fiber Optic,5,No,No,Yes,Yes,No,Yes,Yes,Yes,Month-to-Month,Yes,Bank Withdrawal,95.65,1640.0,0.0,0,359.38,1999.38,4,Stayed,No,49,3139,Not Applicable,Not Applicable,0,1,13–24 months,45–59,$90+,Emerging Value,7,2,No Referrals,Higher Contract Risk,3,High,117.61,Protection Engaged,0.6889170328448458,True,False,False,False,False,True,False,False,Fiber quality and contract,5,Fiber diagnostics followed by a value-led contract-upgrade incentive,50.0
0315-LVCRK,Male,54,No,No,No,No,0,United States,California,El Dorado Hills,95762,38.684437,-121.055634,22028,Q3,No,0,11,No Offer,Yes,30.57,No,Yes,Fiber Optic,15,No,No,Yes,No,No,Yes,Yes,Yes,Month-to-Month,No,Bank Withdrawal,84.8,888.75,0.0,0,336.27,1225.02,4,Stayed,No,60,4924,Not Applicable,Not Applicable,0,1,7–12 months,45–59,$70–$89.99,High Value,6,1,No Referrals,Higher Contract Risk,4,Very High,111.37,Multi-Service,0.6424904746751285,True,True,True,False,False,True,True,False,High-value outreach,1,Dedicated retention specialist and personalized value-protection review,75.0
7271-AJDTL,Female,64,No,No,Yes,No,0,United States,California,Sacramento,95816,38.574856,-121.46504,16164,Q3,Yes,1,55,No Offer,Yes,34.61,Yes,Yes,Fiber Optic,16,No,Yes,Yes,No,Yes,No,No,Yes,Month-to-Month,Yes,Credit Card,94.45,5073.1,0.0,0,1903.55,6976.65,5,Stayed,No,55,5577,Not Applicable,Not Applicable,0,1,49–72 months,60–69,$90+,Premium Value,6,2,1–2 Referrals,Higher Contract Risk,4,Very High,126.85,Advocate,0.6326149227035555,True,True,False,False,False,True,True,False,High-value outreach,1,Dedicated retention specialist and personalized value-protection review,75.0
6569-KTMDU,Female,28,Yes,No,No,No,0,United States,California,Sacramento,95826,38.542532,-121.378826,38818,Q3,No,0,1,No Offer,Yes,5.02,No,No,No Internet,0,No,No,No,No,No,No,No,No,Month-to-Month,No,Mailed Check,19.1,19.1,0.0,0,5.02,24.12,5,Joined,No,26,3313,Not Applicable,Not Applicable,0,1,1–6 months,19–29,Under $35,Emerging Value,1,0,No Referrals,Higher Contract Risk,3,High,24.12,Basic Relationship,0.339874603350384,True,False,False,True,False,False,True,False,Early onboarding,3,Structured 30/60/90-day onboarding support and service education,25.0
0396-YCHWO,Male,58,No,No,Yes,No,0,United States,California,Sacramento,95829,38.486502,-121.334051,11396,Q3,Yes,4,36,Offer C,Yes,40.58,Yes,Yes,Fiber Optic,12,No,No,No,No,Yes,Yes,Yes,Yes,Month-to-Month,Yes,Bank Withdrawal,95.4,3474.2,0.0,0,1460.88,4935.08,3,Stayed,No,44,5111,Not Applicable,Not Applicable,0,1,25–48 months,45–59,$90+,High Value,6,0,3–5 Referrals,Higher Contract Risk,4,Very High,137.09,Advocate,0.5257861809015185,True,True,False,False,False,True,True,False,High-value outreach,1,Dedicated retention specialist and personalized value-protection review,75.0
0867-LDTTC,Male,51,No,No,No,No,0,United States,California,Sacramento,95830,38.490508,-121.284171,592,Q3,No,0,5,No Offer,Yes,45.69,No,Yes,Cable,4,No,No,Yes,Yes,Yes,Yes,Yes,Yes,Month-to-Month,No,Bank Withdrawal,75.15,392.65,0.0,0,228.45,621.1,4,Stayed,No,68,5900,Not Applicable,Not Applicable,0,1,1–6 months,45–59,$70–$89.99,Premium Value,8,2,No Referrals,Higher Contract Risk,2,Elevated,124.22,Protection Engaged,0.5456815933544686,True,False,False,True,False,False,False,False,Early onboarding,3,Structured 30/60/90-day onboarding support and service education,25.0
6692-YQHXC,Male,43,No,No,No,No,0,United States,California,Sacramento,95842,38.687367,-121.34848,31373,Q3,No,0,16,No Offer,Yes,27.43,No,Yes,Fiber Optic,27,No,No,No,No,No,No,No,Yes,Month-to-Month,Yes,Credit Card,69.95,1205.5,0.0,0,438.88,1644.38,5,Stayed,No,54,5596,Not Applicable,Not Applicable,0,1,13–24 months,30–44,$35–$69.99,Premium Value,3,0,No Referrals,Higher Contract Risk,3,High,102.77,Basic Relationship,0.4840104600587726,True,True,False,False,False,True,True,False,High-value outreach,1,Dedicated retention specialist and personalized value-protection review,75.0
5222-JCXZT,Male,31,No,No,No,No,0,United States,California,Sacramento,95864,38.585826,-121.376263,23362,Q3,No,0,4,No Offer,Yes,20.16,No,No,No Internet,0,No,No,No,No,No,No,No,No,Month-to-Month,No,Mailed Check,19.0,78.9,0.0,0,80.64,159.54,4,Stayed,No,55,3022,Not Applicable,Not Applicable,0,1,1–6 months,30–44,Under $35,Emerging Value,1,0,No Referrals,Higher Contract Risk,3,High,39.88,Basic Relationship,0.3200488569511894,True,False,False,True,False,False,True,False,Early onboarding,3,Structured 30/60/90-day onboarding support and service education,25.0
2468-SJFLM,Male,37,No,No,No,No,0,United States,California,Biggs,95917,39.457388,-121.818201,3169,Q3,No,0,1,No Offer,Yes,39.55,No,Yes,Fiber Optic,21,No,No,No,Yes,No,No,No,Yes,Month-to-Month,Yes,Mailed Check,74.3,74.3,0.0,0,39.55,113.85,5,Joined,No,64,3063,Not Applicable,Not Applicable,0,1,1–6 months,30–44,$70–$89.99,Emerging Value,4,1,No Referrals,Higher Contract Risk,3,High,113.85,Basic Relationship,0.7232570873797158,True,False,True,True,False,True,False,False,Early fiber assurance,2,"First-90-day fiber service-health check, rapid issue resolution, and plan review",40.0
7901-HXJVA,Male,20,Yes,No,No,No,0,United States,California,Chico,95928,39.681488,-121.83721,32848,Q3,No,0,14,No Offer,Yes,18.46,No,Yes,Fiber Optic,26,No,No,Yes,No,No,No,No,Yes,Month-to-Month,No,Bank Withdrawal,76.45,1117.55,0.0,0,258.44,1375.99,4,Stayed,No,52,2292,Not Applicable,Not Applicable,0,1,13–24 months,19–29,$70–$89.99,Emerging Value,4,1,No Referrals,Higher Contract Risk,3,High,98.28,Basic Relationship,0.5696297705234341,True,False,False,False,False,True,True,False,Fiber quality and contract,5,Fiber diagnostics followed by a value-led contract-upgrade incentive,50.0
3629-WEAAM,Female,19,Yes,No,No,No,0,United States,California,Forbestown,95941,39.531028,-121.24807,452,Q3,No,0,8,No Offer,Yes,45.04,No,Yes,DSL,73,No,No,Yes,Yes,No,Yes,Yes,No,Month-to-Month,No,Mailed Check,64.1,504.05,0.0,10,360.32,874.37,5,Stayed,No,25,2804,Not Applicable,Not Applicable,0,1,7–12 months,19–29,$35–$69.99,Emerging Value,6,2,No Referrals,Higher Contract Risk,2,Elevated,109.3,Protection Engaged,0.4264904766891021,True,False,False,False,False,False,False,False,Competitor-response retention,8,"Personalized device, data, speed, or value response based on customer needs",55.0
6029-CSMJE,Male,63,No,No,No,No,0,United States,California,Forest Ranch,95942,40.077028,-121.494168,1351,Q3,No,0,17,No Offer,No,0.0,No,Yes,Cable,11,No,No,No,No,No,No,No,Yes,Month-to-Month,Yes,Mailed Check,25.65,440.2,0.0,0,0.0,440.2,3,Stayed,No,24,3090,Not Applicable,Not Applicable,0,1,13–24 months,60–69,Under $35,Emerging Value,2,0,No Referrals,Higher Contract Risk,2,Elevated,25.89,Basic Relationship,0.6737989422954781,True,False,False,False,False,False,True,False,Support bundle and contract,6,Time-limited premium-support bundle with a longer-contract value option,45.0
6429-SHBCB,Male,54,No,No,No,No,0,United States,California,Maxwell,95955,39.281194,-122.226568,1146,Q3,No,0,19,Offer D,Yes,13.76,Yes,Yes,DSL,4,No,No,No,No,Yes,Yes,Yes,Yes,Month-to-Month,No,Mailed Check,69.6,1394.55,0.0,0,261.44,1655.99,4,Stayed,No,77,3349,Not Applicable,Not Applicable,0,1,13–24 months,45–59,$35–$69.99,Emerging Value,6,0,No Referrals,Higher Contract Risk,2,Elevated,87.16,Multi-Service,0.5492601031273108,True,False,False,False,False,False,True,False,Support bundle and contract,6,Time-limited premium-support bundle with a longer-contract value option,45.0
2603-HVKCG,Male,20,Yes,No,No,No,0,United States,California,Meridian,95957,39.068071,-121.832638,776,Q3,No,0,31,Offer C,Yes,19.38,No,Yes,Fiber Optic,76,No,Yes,Yes,No,Yes,Yes,Yes,Yes,Month-to-Month,Yes,Bank Withdrawal,101.4,3143.65,0.0,0,600.78,3744.43,4,Stayed,No,72,2025,Not Applicable,Not Applicable,0,1,25–48 months,19–29,$90+,Emerging Value,8,2,No Referrals,Higher Contract Risk,4,Very High,120.79,Protection Engaged,0.5601008074718136,True,False,False,False,False,True,True,False,Fiber quality and contract,5,Fiber diagnostics followed by a value-led contract-upgrade incentive,50.0
6968-MHOMU,Male,53,No,No,Yes,No,0,United States,California,Princeton,95970,39.424957,-122.039307,495,Q3,No,0,58,No Offer,No,0.0,No,Yes,Cable,23,No,No,No,No,Yes,Yes,Yes,Yes,One Year,Yes,Credit Card,45.0,2689.35,0.0,0,0.0,2689.35,3,Stayed,No,55,5006,Not Applicable,Not Applicable,0,1,49–72 months,45–59,$35–$69.99,High Value,5,0,No Referrals,Moderate Contract Risk,1,Lower,46.37,Multi-Service,0.3716166699191132,True,False,False,False,False,False,False,False,Competitor-response retention,8,"Personalized device, data, speed, or value response based on customer needs",55.0
6734-CKRSM,Female,38,No,No,No,No,0,United States,California,Stirling City,95978,39.904002,-121.527823,28,Q3,No,0,3,No Offer,Yes,40.2,No,No,No Internet,0,No,No,No,No,No,No,No,No,Month-to-Month,No,Mailed Check,20.0,63.6,0.0,0,120.6,184.2,3,Joined,No,65,4258,Not Applicable,Not Applicable,0,1,1–6 months,30–44,Under $35,Core Value,1,0,No Referrals,Higher Contract Risk,3,High,61.4,Basic Relationship,0.3417316309074296,True,False,False,True,False,False,True,False,Early onboarding,3,Structured 30/60/90-day onboarding support and service education,25.0
0570-BFQHT,Female,38,No,No,No,No,0,United States,California,Anderson,96007,40.448632,-122.306657,21418,Q3,No,0,9,No Offer,Yes,32.57,No,Yes,Fiber Optic,13,No,Yes,Yes,No,No,No,No,Yes,Month-to-Month,No,Bank Withdrawal,80.55,653.9,2.28,0,293.13,944.75,3,Stayed,No,26,3581,Not Applicable,Not Applicable,0,1,7–12 months,30–44,$70–$89.99,Core Value,5,2,No Referrals,Higher Contract Risk,4,Very High,104.97,Protection Engaged,0.569672800899969,True,False,True,False,False,True,True,False,Early fiber assurance,2,"First-90-day fiber service-health check, rapid issue resolution, and plan review",40.0
8564-LDKFL,Male,37,No,No,Yes,No,0,United States,California,Big Bar,96010,40.775272,-123.287414,269,Q3,Yes,1,40,Offer B,Yes,29.46,Yes,Yes,Fiber Optic,28,No,Yes,Yes,No,Yes,Yes,Yes,Yes,One Year,Yes,Bank Withdrawal,106.0,4178.65,47.02,0,1178.4,5310.03,5,Stayed,No,77,5118,Not Applicable,Not Applicable,0,1,25–48 months,30–44,$90+,High Value,8,2,1–2 Referrals,Moderate Contract Risk,3,High,132.75,Advocate,0.5153997746895997,True,True,False,False,False,False,False,False,High-value outreach,1,Dedicated retention specialist and personalized value-protection review,75.0
5501-TVMGM,Male,21,Yes,No,No,No,0,United States,California,Canby,96015,41.486953,-120.913975,417,Q3,No,0,1,No Offer,Yes,39.19,No,Yes,DSL,69,No,No,No,No,No,Yes,Yes,No,Month-to-Month,Yes,Bank Withdrawal,55.25,55.25,0.0,60,39.19,154.44,5,Joined,No,49,3255,Not Applicable,Not Applicable,0,1,1–6 months,19–29,$35–$69.99,Emerging Value,4,0,No Referrals,Higher Contract Risk,3,High,154.44,Basic Relationship,0.5374131040491987,True,False,False,True,False,False,True,False,Early onboarding,3,Structured 30/60/90-day onboarding support and service education,25.0
6972-SNKKW,Female,60,No,No,No,No,0,United States,California,Chester,96020,40.243494,-121.154733,2664,Q3,No,0,6,No Offer,Yes,47.46,No,No,No Internet,0,No,No,No,No,No,No,No,No,Month-to-Month,No,Mailed Check,20.0,109.2,0.0,0,284.76,393.96,3,Stayed,No,53,3142,Not Applicable,Not Applicable,0,1,1–6 months,60–69,Under $35,Emerging Value,1,0,No Referrals,Higher Contract Risk,3,High,65.66,Basic Relationship,0.3232982764697338,True,False,False,True,False,False,True,False,Early onboarding,3,Structured 30/60/90-day onboarding support and service education,25.0
3594-IVHJZ,Female,31,No,No,No,No,0,United States,California,French Gulch,96033,40.740138,-122.587476,373,Q3,No,0,2,No Offer,Yes,47.19,No,No,No Internet,0,No,No,No,No,No,No,No,No,Month-to-Month,Yes,Mailed Check,20.45,42.45,0.0,0,94.38,136.83,5,Joined,No,56,2606,Not Applicable,Not Applicable,0,1,1–6 months,30–44,Under $35,Emerging Value,1,0,No Referrals,Higher Contract Risk,3,High,68.42,Basic Relationship,0.4332943904481332,True,False,False,True,False,False,True,False,Early onboarding,3,Structured 30/60/90-day onboarding support and service education,25.0
5960-MVTUK,Male,58,No,No,No,No,0,United States,California,Grenada,96038,41.599978,-122.539381,616,Q3,No,0,3,Offer E,No,0.0,No,Yes,DSL,18,No,No,No,Yes,No,No,No,Yes,Month-to-Month,Yes,Bank Withdrawal,29.75,96.85,0.0,0,0.0,96.85,3,Joined,No,55,3425,Not Applicable,Not Applicable,0,1,1–6 months,45–59,Under $35,Emerging Value,3,1,No Referrals,Higher Contract Risk,2,Elevated,32.28,Basic Relationship,0.5603752840801131,True,False,False,True,False,False,False,False,Early onboarding,3,Structured 30/60/90-day onboarding support and service education,25.0
6817-WTYHE,Male,56,No,No,No,No,0,United States,California,Happy Camp,96039,41.831901,-123.487478,1294,Q3,No,0,2,No Offer,Yes,5.08,No,Yes,DSL,17,No,No,No,No,No,No,No,Yes,Month-to-Month,No,Bank Withdrawal,44.9,111.05,0.0,0,10.16,121.21,4,Joined,No,26,4370,Not Applicable,Not Applicable,0,1,1–6 months,45–59,$35–$69.99,Core Value,3,0,No Referrals,Higher Contract Risk,3,High,60.6,Basic Relationship,0.4117066831071391,True,False,False,True,False,False,True,False,Early onboarding,3,Structured 30/60/90-day onboarding support and service education,25.0
3082-VQXNH,Male,62,No,No,Yes,No,0,United States,California,Hat Creek,96040,40.789799,-121.474529,397,Q3,Yes,1,3,Offer E,No,0.0,No,Yes,DSL,4,No,Yes,No,No,No,No,No,Yes,Month-to-Month,No,Credit Card,29.8,94.4,0.0,0,0.0,94.4,3,Joined,No,32,5614,Not Applicable,Not Applicable,0,1,1–6 months,60–69,Under $35,Premium Value,3,1,1–2 Referrals,Higher Contract Risk,3,High,31.47,Advocate,0.6984557158235626,True,True,False,True,False,False,True,False,High-value outreach,1,Dedicated retention specialist and personalized value-protection review,75.0
4931-TRZWN,Female,54,No,No,No,No,0,United States,California,Hornbrook,96044,41.962127,-122.527696,1026,Q3,No,0,13,Offer D,Yes,10.66,No,Yes,DSL,5,Yes,No,No,No,Yes,Yes,Yes,Yes,Month-to-Month,Yes,Bank Withdrawal,71.95,923.85,10.47,0,138.58,1051.96,3,Stayed,No,67,3605,Not Applicable,Not Applicable,0,1,13–24 months,45–59,$70–$89.99,Core Value,7,1,No Referrals,Higher Contract Risk,2,Elevated,80.92,Multi-Service,0.3996870855381797,True,False,False,False,False,False,True,False,Support bundle and contract,6,Time-limited premium-support bundle with a longer-contract value option,45.0
0750-EKNGL,Male,44,No,No,No,No,0,United States,California,Hyampom,96046,40.648024,-123.465088,268,Q3,No,0,7,Offer E,Yes,47.19,No,No,No Internet,0,No,No,No,No,No,No,No,No,Month-to-Month,No,Mailed Check,20.75,141.1,0.0,0,330.33,471.43,5,Stayed,No,46,4476,Not Applicable,Not Applicable,0,1,7–12 months,30–44,Under $35,Core Value,1,0,No Referrals,Higher Contract Risk,3,High,67.35,Basic Relationship,0.4027603882592201,True,False,False,False,False,False,True,False,Support bundle and contract,6,Time-limited premium-support bundle with a longer-contract value option,45.0
9938-EKRGF,Female,58,No,No,No,No,0,United States,California,Lewiston,96052,40.704293,-122.803899,1845,Q3,No,0,15,Offer D,Yes,8.97,No,Yes,Cable,2,Yes,Yes,Yes,Yes,Yes,Yes,Yes,Yes,Month-to-Month,No,Mailed Check,84.45,1287.85,0.0,0,134.55,1422.4,3,Stayed,No,46,4653,Not Applicable,Not Applicable,0,1,13–24 months,45–59,$70–$89.99,High Value,10,4,No Referrals,Higher Contract Risk,1,Lower,94.83,Protection Engaged,0.3726376547953915,True,False,False,False,False,False,False,False,Competitor-response retention,8,"Personalized device, data, speed, or value response based on customer needs",55.0
5402-HTOTQ,Male,43,No,No,No,No,0,United States,California,Macdoel,96058,41.769709,-121.92063,816,Q3,No,0,16,No Offer,Yes,5.79,Yes,Yes,DSL,4,No,Yes,No,No,No,No,No,Yes,Month-to-Month,No,Bank Withdrawal,55.3,875.35,0.0,0,92.64,967.99,5,Stayed,No,25,3771,Not Applicable,Not Applicable,0,1,13–24 months,30–44,$35–$69.99,Core Value,4,1,No Referrals,Higher Contract Risk,2,Elevated,60.5,Basic Relationship,0.3850261550986872,True,False,False,False,False,False,True,False,Support bundle and contract,6,Time-limited premium-support bundle with a longer-contract value option,45.0
3665-JATSN,Female,19,Yes,No,No,No,0,United States,California,Mount Shasta,96067,41.33832,-122.290756,7309,Q3,No,0,19,No Offer,No,0.0,No,Yes,DSL,59,No,Yes,No,No,No,Yes,Yes,No,Month-to-Month,Yes,Bank Withdrawal,39.7,710.05,0.0,110,0.0,820.05,5,Stayed,No,65,4034,Not Applicable,Not Applicable,0,1,13–24 months,19–29,$35–$69.99,Core Value,4,1,No Referrals,Higher Contract Risk,2,Elevated,43.16,Basic Relationship,0.5009351735356721,True,False,False,False,False,False,True,False,Support bundle and contract,6,Time-limited premium-support bundle with a longer-contract value option,45.0
5482-VXSXJ,Male,50,No,No,No,No,0,United States,California,Tehama,96090,40.021787,-122.127576,405,Q3,No,0,22,No Offer,Yes,46.5,No,Yes,Fiber Optic,17,No,Yes,No,No,Yes,Yes,Yes,Yes,Month-to-Month,Yes,Credit Card,93.2,2157.3,0.0,0,1023.0,3180.3,4,Stayed,No,26,4093,Not Applicable,Not Applicable,0,1,13–24 months,45–59,$90+,Core Value,7,1,No Referrals,Higher Contract Risk,4,Very High,144.56,Multi-Service,0.5557907362260631,True,False,False,False,False,True,True,False,Fiber quality and contract,5,Fiber diagnostics followed by a value-led contract-upgrade incentive,50.0
7365-BVCJH,Male,40,No,No,No,No,0,United States,California,Trinity Center,96091,41.081847,-122.700545,734,Q3,No,0,1,Offer E,No,0.0,No,Yes,DSL,6,No,No,No,No,No,No,No,Yes,Month-to-Month,Yes,Bank Withdrawal,24.4,24.4,0.0,0,0.0,24.4,5,Joined,No,66,3145,Not Applicable,Not Applicable,0,1,1–6 months,30–44,Under $35,Emerging Value,2,0,No Referrals,Higher Contract Risk,3,High,24.4,Basic Relationship,0.6616412068336852,True,False,False,True,False,False,True,False,Early onboarding,3,Structured 30/60/90-day onboarding support and service education,25.0
9620-ENEJV,Female,52,No,No,No,No,0,United States,California,Vina,96092,39.955164,-122.018567,439,Q3,No,0,6,Offer E,Yes,30.54,No,Yes,Fiber Optic,27,No,No,No,No,No,No,No,Yes,Month-to-Month,No,Credit Card,70.55,433.95,0.0,0,183.24,617.19,3,Stayed,No,52,4059,Not Applicable,Not Applicable,0,1,1–6 months,45–59,$70–$89.99,Core Value,3,0,No Referrals,Higher Contract Risk,4,Very High,102.86,Basic Relationship,0.5617291903019591,True,False,True,True,False,True,True,False,Early fiber assurance,2,"First-90-day fiber service-health check, rapid issue resolution, and plan review",40.0
4132-KALRO,Female,31,No,No,No,No,0,United States,California,Davis Creek,96108,41.750354,-120.403885,104,Q3,No,0,4,Offer E,Yes,7.94,Yes,Yes,Fiber Optic,3,No,No,No,Yes,Yes,Yes,Yes,No,Month-to-Month,Yes,Credit Card,100.85,399.25,0.0,10,31.76,441.01,4,Stayed,No,21,5354,Not Applicable,Not Applicable,0,1,1–6 months,30–44,$90+,High Value,6,1,No Referrals,Higher Contract Risk,4,Very High,110.25,Multi-Service,0.7715445465943191,True,True,True,True,False,True,False,False,High-value outreach,1,Dedicated retention specialist and personalized value-protection review,75.0
2874-YXVVA,Female,38,No,No,No,No,0,United States,California,Herlong,96113,40.198234,-120.18089,946,Q3,No,0,34,No Offer,Yes,2.82,No,Yes,Fiber Optic,2,No,Yes,Yes,Yes,Yes,Yes,Yes,Yes,Month-to-Month,Yes,Bank Withdrawal,105.1,3634.8,0.0,0,95.88,3730.68,5,Stayed,No,68,3941,Not Applicable,Not Applicable,0,1,25–48 months,30–44,$90+,Core Value,9,3,No Referrals,Higher Contract Risk,3,High,109.73,Protection Engaged,0.5556191112335901,True,False,False,False,False,True,False,False,Fiber quality and contract,5,Fiber diagnostics followed by a value-led contract-upgrade incentive,50.0
7586-ZATGZ,Male,59,No,No,No,No,0,United States,California,Ravendale,96123,40.845738,-120.322219,61,Q3,No,0,40,No Offer,Yes,17.83,Yes,Yes,Fiber Optic,27,No,No,No,No,Yes,No,No,Yes,Month-to-Month,Yes,Bank Withdrawal,84.9,3369.05,0.0,0,713.2,4082.25,4,Stayed,No,37,2904,Not Applicable,Not Applicable,0,1,25–48 months,45–59,$70–$89.99,Emerging Value,4,0,No Referrals,Higher Contract Risk,3,High,102.06,Basic Relationship,0.5876995601807659,True,False,False,False,False,True,True,False,Fiber quality and contract,5,Fiber diagnostics followed by a value-led contract-upgrade incentive,50.0
7284-BUYEC,Female,46,No,No,No,No,0,United States,California,Tulelake,96134,41.813521,-121.492666,2595,Q3,No,0,5,Offer E,No,0.0,No,Yes,Cable,26,No,Yes,No,No,Yes,Yes,Yes,Yes,Month-to-Month,Yes,Credit Card,50.95,229.4,0.0,0,0.0,229.4,5,Stayed,No,69,3573,Not Applicable,Not Applicable,0,1,1–6 months,45–59,$35–$69.99,Core Value,6,1,No Referrals,Higher Contract Risk,3,High,45.88,Multi-Service,0.7115971400700427,True,False,False,True,False,False,True,False,Early onboarding,3,Structured 30/60/90-day onboarding support and service education,25.0
2041-JIJCI,Female,37,No,No,No,No,0,United States,California,Wendel,96136,40.345949,-120.081187,162,Q3,No,0,5,No Offer,Yes,44.78,Yes,Yes,Cable,29,No,Yes,No,No,No,Yes,Yes,Yes,Month-to-Month,Yes,Bank Withdrawal,64.0,370.25,0.0,0,223.9,594.15,5,Stayed,No,75,4421,Not Applicable,Not Applicable,0,1,1–6 months,30–44,$35–$69.99,Core Value,6,1,No Referrals,Higher Contract Risk,3,High,118.83,Multi-Service,0.6182321176917944,True,False,False,True,False,False,True,False,Early onboarding,3,Structured 30/60/90-day onboarding support and service education,25.0
5043-TRZWM,Female,32,No,No,No,No,0,United States,California,Los Angeles,90022,34.02381,-118.156582,68701,Q3,No,0,1,No Offer,Yes,7.11,No,Yes,Fiber Optic,26,No,No,Yes,No,No,No,No,Yes,Month-to-Month,No,Bank Withdrawal,75.55,75.55,0.0,0,7.11,82.66,5,Joined,No,34,3503,Not Applicable,Not Applicable,0,1,1–6 months,30–44,$70–$89.99,Core Value,4,1,No Referrals,Higher Contract Risk,4,Very High,82.66,Basic Relationship,0.64075828896168,True,False,True,True,False,True,True,False,Early fiber assurance,2,"First-90-day fiber service-health check, rapid issue resolution, and plan review",40.0
1640-PLFMP,Female,20,Yes,No,No,No,0,United States,California,Los Angeles,90026,34.078991,-118.263804,73686,Q3,No,0,1,No Offer,Yes,10.05,No,Yes,Fiber Optic,51,No,No,No,No,No,No,No,No,Month-to-Month,Yes,Bank Withdrawal,70.25,70.25,0.0,10,10.05,90.3,4,Joined,No,58,4063,Not Applicable,Not Applicable,0,1,1–6 months,19–29,$70–$89.99,Core Value,2,0,No Referrals,Higher Contract Risk,4,Very High,90.3,Basic Relationship,0.6463598661849831,True,False,True,True,False,True,True,False,Early fiber assurance,2,"First-90-day fiber service-health check, rapid issue resolution, and plan review",40.0
0840-DFEZH,Female,63,No,No,No,No,0,United States,California,Los Angeles,90036,34.070291,-118.349191,32901,Q3,No,0,7,No Offer,Yes,25.17,Yes,Yes,Fiber Optic,17,No,No,No,No,No,No,No,Yes,Month-to-Month,Yes,Bank Withdrawal,75.35,564.65,0.0,0,176.19,740.84,3,Stayed,No,37,4989,Not Applicable,Not Applicable,0,1,7–12 months,60–69,$70–$89.99,High Value,3,0,No Referrals,Higher Contract Risk,4,Very High,105.83,Basic Relationship,0.7286605721294149,True,True,True,False,False,True,True,False,High-value outreach,1,Dedicated retention specialist and personalized value-protection review,75.0
4536-PLEQY,Male,44,No,No,Yes,No,0,United States,California,Los Angeles,90058,34.001617,-118.222274,3642,Q3,Yes,1,12,Offer D,Yes,44.6,No,Yes,Fiber Optic,20,No,Yes,No,No,No,Yes,Yes,Yes,Month-to-Month,Yes,Credit Card,85.05,999.8,0.0,0,535.2,1535.0,3,Stayed,No,80,2540,Not Applicable,Not Applicable,0,1,7–12 months,30–44,$70–$89.99,Emerging Value,6,1,1–2 Referrals,Higher Contract Risk,4,Very High,127.92,Advocate,0.6914220948431471,True,False,True,False,False,True,True,False,Early fiber assurance,2,"First-90-day fiber service-health check, rapid issue resolution, and plan review",40.0
1855-AGAWH,Male,27,Yes,No,Yes,No,0,United States,California,Bell,90201,33.970343,-118.171368,105285,Q3,Yes,2,31,No Offer,Yes,36.69,No,Yes,Fiber Optic,52,No,No,Yes,No,Yes,Yes,Yes,Yes,One Year,Yes,Bank Withdrawal,93.8,2939.8,0.0,0,1137.39,4077.19,4,Stayed,No,46,2510,Not Applicable,Not Applicable,0,1,25–48 months,19–29,$90+,Emerging Value,7,1,1–2 Referrals,Moderate Contract Risk,3,High,131.52,Advocate,0.4518892685542151,True,False,False,False,False,False,False,False,Competitor-response retention,8,"Personalized device, data, speed, or value response based on customer needs",55.0
9617-INGJY,Male,31,No,No,No,No,0,United States,California,Manhattan Beach,90266,33.889632,-118.39737,33758,Q3,No,0,1,No Offer,Yes,36.12,No,Yes,Fiber Optic,14,No,No,No,No,No,No,No,Yes,Month-to-Month,Yes,Credit Card,70.6,70.6,0.0,0,36.12,106.72,3,Joined,No,61,3530,Not Applicable,Not Applicable,0,1,1–6 months,30–44,$70–$89.99,Core Value,3,0,No Referrals,Higher Contract Risk,4,Very High,106.72,Basic Relationship,0.6085981381120481,True,False,True,True,False,True,True,False,Early fiber assurance,2,"First-90-day fiber service-health check, rapid issue resolution, and plan review",40.0
5950-AAAGJ,Male,19,Yes,No,No,No,0,United States,California,Playa Del Rey,90293,33.947305,-118.439841,11264,Q3,No,0,18,Offer D,Yes,2.26,Yes,Yes,Fiber Optic,73,No,No,No,No,Yes,No,No,Yes,Month-to-Month,No,Bank Withdrawal,84.3,1537.9,0.0,0,40.68,1578.58,3,Stayed,No,72,4612,Not Applicable,Not Applicable,0,1,13–24 months,19–29,$70–$89.99,High Value,4,0,No Referrals,Higher Contract Risk,3,High,87.7,Basic Relationship,0.4812616557764533,True,True,False,False,False,True,True,False,High-value outreach,1,Dedicated retention specialist and personalized value-protection review,75.0
5294-DMSFH,Female,32,No,No,Yes,Yes,2,United States,California,Torrance,90503,33.840399,-118.353714,41979,Q3,Yes,1,29,No Offer,Yes,33.62,No,Yes,Fiber Optic,13,No,No,No,No,Yes,Yes,Yes,Yes,Month-to-Month,Yes,Credit Card,87.8,2621.75,0.0,0,974.98,3596.73,4,Stayed,No,25,4780,Not Applicable,Not Applicable,0,1,25–48 months,30–44,$70–$89.99,High Value,6,0,1–2 Referrals,Higher Contract Risk,3,High,124.03,Advocate,0.4917255882499768,True,True,False,False,False,True,True,False,High-value outreach,1,Dedicated retention specialist and personalized value-protection review,75.0
0603-OLQDC,Male,41,No,No,No,Yes,1,United States,California,Whittier,90601,34.007353,-118.033683,32050,Q3,No,0,12,Offer D,Yes,27.07,No,Yes,Cable,29,Yes,No,No,No,Yes,Yes,Yes,Yes,Month-to-Month,Yes,Mailed Check,69.85,837.5,0.0,0,324.84,1162.34,3,Stayed,No,36,5796,Not Applicable,Not Applicable,0,1,7–12 months,30–44,$35–$69.99,Premium Value,7,1,No Referrals,Higher Contract Risk,3,High,96.86,Multi-Service,0.4030759943323977,True,True,False,False,False,False,True,False,High-value outreach,1,Dedicated retention specialist and personalized value-protection review,75.0
8663-UPDGF,Female,54,No,No,No,No,0,United States,California,Whittier,90605,33.960891,-118.032222,38181,Q3,No,0,26,Offer C,Yes,25.4,Yes,Yes,DSL,10,Yes,Yes,No,No,Yes,No,No,Yes,Month-to-Month,Yes,Bank Withdrawal,69.5,1800.05,0.0,0,660.4,2460.45,4,Stayed,No,55,3866,Not Applicable,Not Applicable,0,1,25–48 months,45–59,$35–$69.99,Core Value,6,2,No Referrals,Higher Contract Risk,2,Elevated,94.63,Protection Engaged,0.3247736160530247,True,False,False,False,False,False,True,False,Support bundle and contract,6,Time-limited premium-support bundle with a longer-contract value option,45.0
4450-DLLMH,Male,53,No,No,No,No,0,United States,California,Avalon,90704,33.391181,-118.421305,3699,Q3,No,0,2,Offer E,Yes,6.74,No,Yes,Fiber Optic,3,No,No,No,No,No,No,No,Yes,Month-to-Month,Yes,Credit Card,71.3,157.75,0.0,0,13.48,171.23,3,Joined,No,43,2274,Not Applicable,Not Applicable,0,1,1–6 months,45–59,$70–$89.99,Emerging Value,3,0,No Referrals,Higher Contract Risk,4,Very High,85.62,Basic Relationship,0.693815551364308,True,False,True,True,False,True,True,False,Early fiber assurance,2,"First-90-day fiber service-health check, rapid issue resolution, and plan review",40.0
0468-YRPXN,Male,62,No,No,No,No,0,United States,California,Lomita,90717,33.794209,-118.317354,21065,Q3,No,0,29,Offer C,Yes,48.2,No,Yes,Fiber Optic,19,No,No,Yes,Yes,Yes,Yes,Yes,Yes,Month-to-Month,Yes,Credit Card,98.8,2807.1,0.0,0,1397.8,4204.9,5,Stayed,No,42,4580,Not Applicable,Not Applicable,0,1,25–48 months,60–69,$90+,High Value,8,2,No Referrals,Higher Contract Risk,3,High,145.0,Protection Engaged,0.4081146779989208,True,True,False,False,False,True,False,False,High-value outreach,1,Dedicated retention specialist and personalized value-protection review,75.0
8950-MTZNV,Male,61,No,No,No,No,0,United States,California,Carson,90746,33.859171,-118.252272,25566,Q3,No,0,1,Offer E,Yes,13.63,No,Yes,DSL,13,No,No,No,No,No,No,No,Yes,Month-to-Month,Yes,Mailed Check,44.95,44.95,0.0,0,13.63,58.58,5,Joined,No,75,3256,Not Applicable,Not Applicable,0,1,1–6 months,60–69,$35–$69.99,Emerging Value,3,0,No Referrals,Higher Contract Risk,3,High,58.58,Basic Relationship,0.7104213151242457,True,False,False,True,False,False,True,False,Early onboarding,3,Structured 30/60/90-day onboarding support and service education,25.0
9576-SYUHJ,Male,29,Yes,No,No,No,0,United States,California,Long Beach,90815,33.797638,-118.11662,38902,Q3,No,0,37,Offer C,Yes,12.69,Yes,Yes,Fiber Optic,69,Yes,No,No,No,Yes,No,No,No,Month-to-Month,Yes,Bank Withdrawal,91.15,3369.25,17.5,50,469.53,3871.28,3,Stayed,No,37,3194,Not Applicable,Not Applicable,0,1,25–48 months,19–29,$90+,Emerging Value,4,1,No Referrals,Higher Contract Risk,4,Very High,104.63,Basic Relationship,0.4169352581079367,True,False,False,False,False,True,True,False,Fiber quality and contract,5,Fiber diagnostics followed by a value-led contract-upgrade incentive,50.0
0410-IPFTY,Female,64,No,No,Yes,No,0,United States,California,Long Beach,90822,33.778436,-118.118648,425,Q3,Yes,1,31,Offer C,Yes,12.03,No,Yes,Fiber Optic,9,No,Yes,No,No,No,Yes,Yes,Yes,Month-to-Month,Yes,Bank Withdrawal,83.85,2674.15,11.37,0,372.93,3035.71,3,Stayed,No,56,4283,Not Applicable,Not Applicable,0,1,25–48 months,60–69,$70–$89.99,Core Value,6,1,1–2 Referrals,Higher Contract Risk,3,High,97.93,Advocate,0.6984091073872135,True,False,False,False,False,True,True,False,Fiber quality and contract,5,Fiber diagnostics followed by a value-led contract-upgrade incentive,50.0
2831-EBWRN,Male,46,No,No,No,No,0,United States,California,Altadena,91001,34.196837,-118.142236,36243,Q3,No,0,4,Offer E,Yes,33.93,No,Yes,Cable,20,No,No,No,No,No,No,No,Yes,Month-to-Month,Yes,Bank Withdrawal,45.9,199.75,0.0,0,135.72,335.47,3,Stayed,No,39,3200,Not Applicable,Not Applicable,0,1,1–6 months,45–59,$35–$69.99,Emerging Value,3,0,No Referrals,Higher Contract Risk,3,High,83.87,Basic Relationship,0.6189122106870084,True,False,False,True,False,False,True,False,Early onboarding,3,Structured 30/60/90-day onboarding support and service education,25.0
7801-KICAO,Female,43,No,No,No,No,0,United States,California,Pasadena,91103,34.167465,-118.165327,27891,Q3,No,0,18,Offer D,Yes,11.36,Yes,Yes,Fiber Optic,13,No,No,No,No,No,No,No,Yes,Month-to-Month,Yes,Bank Withdrawal,74.15,1345.75,0.0,0,204.48,1550.23,4,Stayed,No,73,5033,Not Applicable,Not Applicable,0,1,13–24 months,30–44,$70–$89.99,High Value,3,0,No Referrals,Higher Contract Risk,3,High,86.12,Basic Relationship,0.523452167697042,True,True,False,False,False,True,True,False,High-value outreach,1,Dedicated retention specialist and personalized value-protection review,75.0
7339-POGZN,Female,24,Yes,No,No,No,0,United States,California,Pasadena,91107,34.159007,-118.087353,32369,Q3,No,0,4,No Offer,Yes,16.25,Yes,Yes,DSL,51,No,No,No,No,No,No,No,Yes,Month-to-Month,No,Bank Withdrawal,50.7,214.55,39.92,0,65.0,239.63,4,Stayed,No,60,4288,Not Applicable,Not Applicable,0,1,1–6 months,19–29,$35–$69.99,Core Value,3,0,No Referrals,Higher Contract Risk,3,High,59.91,Basic Relationship,0.4006064448302573,True,False,False,True,False,False,True,False,Early onboarding,3,Structured 30/60/90-day onboarding support and service education,25.0
2828-SLQPF,Male,53,No,No,No,No,0,United States,California,San Marino,91108,34.122671,-118.112911,13158,Q3,No,0,19,No Offer,Yes,29.52,No,Yes,DSL,5,No,No,No,No,No,No,No,Yes,Month-to-Month,Yes,Bank Withdrawal,45.0,865.85,22.55,0,560.88,1404.18,3,Stayed,No,62,4519,Not Applicable,Not Applicable,0,1,13–24 months,45–59,$35–$69.99,Core Value,3,0,No Referrals,Higher Contract Risk,2,Elevated,73.9,Basic Relationship,0.356026572702144,True,False,False,False,False,False,True,False,Support bundle and contract,6,Time-limited premium-support bundle with a longer-contract value option,45.0
4465-VDKIQ,Female,61,No,No,No,No,0,United States,California,Glendale,91201,34.17051,-118.289463,23981,Q3,No,0,18,No Offer,Yes,19.93,No,Yes,Fiber Optic,26,No,Yes,Yes,No,No,No,No,Yes,Month-to-Month,No,Bank Withdrawal,77.8,1358.6,29.76,0,358.74,1687.58,5,Stayed,No,42,4228,Not Applicable,Not Applicable,0,1,13–24 months,60–69,$70–$89.99,Core Value,5,2,No Referrals,Higher Contract Risk,3,High,93.75,Protection Engaged,0.407704297761214,True,False,False,False,False,True,True,False,Fiber quality and contract,5,Fiber diagnostics followed by a value-led contract-upgrade incentive,50.0
0003-MKNFE,Male,46,No,No,No,No,0,United States,California,Glendale,91206,34.162515,-118.203869,31297,Q3,No,0,9,No Offer,Yes,10.69,Yes,Yes,Cable,10,No,No,No,No,No,Yes,Yes,No,Month-to-Month,No,Credit Card,59.9,542.4,38.33,10,96.21,610.28,5,Stayed,No,66,5414,Not Applicable,Not Applicable,0,1,7–12 months,45–59,$35–$69.99,Premium Value,4,0,No Referrals,Higher Contract Risk,3,High,67.81,Basic Relationship,0.3752793425038131,True,True,False,False,False,False,True,False,High-value outreach,1,Dedicated retention specialist and personalized value-protection review,75.0
0975-VOOVL,Female,34,No,No,No,No,0,United States,California,Agoura Hills,91301,34.129058,-118.759788,25303,Q3,No,0,3,No Offer,No,0.0,No,Yes,DSL,22,No,Yes,No,No,No,No,No,Yes,Month-to-Month,No,Credit Card,29.2,98.5,0.0,0,0.0,98.5,4,Joined,No,48,4699,Not Applicable,Not Applicable,0,1,1–6 months,30–44,Under $35,High Value,3,1,No Referrals,Higher Contract Risk,3,High,32.83,Basic Relationship,0.3464932679987209,True,True,False,True,False,False,True,False,High-value outreach,1,Dedicated retention specialist and personalized value-protection review,75.0
5968-VXZLG,Male,45,No,No,No,No,0,United States,California,Calabasas,91302,34.130861,-118.68346,23661,Q3,No,0,2,No Offer,Yes,1.87,No,Yes,DSL,12,No,No,No,No,No,No,No,Yes,Month-to-Month,Yes,Bank Withdrawal,46.6,87.9,0.0,0,3.74,91.64,4,Joined,No,54,5096,Not Applicable,Not Applicable,0,1,1–6 months,45–59,$35–$69.99,High Value,3,0,No Referrals,Higher Contract Risk,3,High,45.82,Basic Relationship,0.5263245018724466,True,True,False,True,False,False,True,False,High-value outreach,1,Dedicated retention specialist and personalized value-protection review,75.0
5443-SCMKX,Female,49,No,No,Yes,No,0,United States,California,Newbury Park,91320,34.172071,-118.946262,37779,Q3,Yes,1,58,No Offer,Yes,21.38,Yes,Yes,Fiber Optic,26,No,Yes,Yes,No,No,Yes,Yes,No,One Year,Yes,Bank Withdrawal,94.3,5610.15,5.55,150,1240.04,6994.64,3,Stayed,No,77,6166,Not Applicable,Not Applicable,0,1,49–72 months,45–59,$90+,Premium Value,6,2,1–2 Referrals,Moderate Contract Risk,3,High,120.6,Advocate,0.4306470449252852,True,True,False,False,False,False,False,False,High-value outreach,1,Dedicated retention specialist and personalized value-protection review,75.0
1335-NTIUC,Male,61,No,No,No,No,0,United States,California,Pacoima,91331,34.255442,-118.421314,97318,Q3,No,0,9,No Offer,No,0.0,No,Yes,DSL,7,No,No,No,No,No,No,No,Yes,Month-to-Month,Yes,Bank Withdrawal,24.95,190.25,0.0,0,0.0,190.25,5,Stayed,No,24,5473,Not Applicable,Not Applicable,0,1,7–12 months,60–69,Under $35,Premium Value,2,0,No Referrals,Higher Contract Risk,3,High,21.14,Basic Relationship,0.5405938146178555,True,True,False,False,False,False,True,False,High-value outreach,1,Dedicated retention specialist and personalized value-protection review,75.0
2916-BQZLN,Male,29,Yes,No,No,No,0,United States,California,Reseda,91335,34.200175,-118.540958,68018,Q3,No,0,19,No Offer,Yes,11.42,Yes,Yes,Fiber Optic,41,Yes,No,Yes,No,No,No,No,Yes,Month-to-Month,Yes,Bank Withdrawal,84.75,1651.95,49.38,0,216.98,1819.55,4,Stayed,No,24,5157,Not Applicable,Not Applicable,0,1,13–24 months,19–29,$70–$89.99,High Value,5,2,No Referrals,Higher Contract Risk,3,High,95.77,Protection Engaged,0.4972943106588807,True,True,False,False,False,True,True,False,High-value outreach,1,Dedicated retention specialist and personalized value-protection review,75.0
8710-YGLWG,Male,44,No,No,No,No,0,United States,California,North Hills,91343,34.238802,-118.482296,57017,Q3,No,0,1,Offer E,Yes,15.76,No,Yes,DSL,13,No,No,No,No,No,No,No,Yes,Month-to-Month,Yes,Credit Card,44.9,44.9,0.0,0,15.76,60.66,3,Joined,No,21,2451,Not Applicable,Not Applicable,0,1,1–6 months,30–44,$35–$69.99,Emerging Value,3,0,No Referrals,Higher Contract Risk,3,High,60.66,Basic Relationship,0.4761927113215349,True,False,False,True,False,False,True,False,Early onboarding,3,Structured 30/60/90-day onboarding support and service education,25.0
3199-XGZCY,Female,51,No,No,No,No,0,United States,California,Granada Hills,91344,34.291273,-118.505104,48867,Q3,No,0,8,No Offer,Yes,18.82,Yes,Yes,Fiber Optic,3,No,No,No,No,No,No,No,Yes,Month-to-Month,Yes,Bank Withdrawal,75.25,576.7,0.0,0,150.56,727.26,4,Stayed,No,74,2332,Not Applicable,Not Applicable,0,1,7–12 months,45–59,$70–$89.99,Emerging Value,3,0,No Referrals,Higher Contract Risk,4,Very High,90.91,Basic Relationship,0.7309339635980998,True,False,True,False,False,True,True,False,Early fiber assurance,2,"First-90-day fiber service-health check, rapid issue resolution, and plan review",40.0
1703-MGIAB,Female,53,No,No,No,No,0,United States,California,Van Nuys,91406,34.195685,-118.490752,50047,Q3,No,0,17,No Offer,Yes,5.49,Yes,Yes,DSL,14,No,No,Yes,Yes,Yes,No,No,Yes,Month-to-Month,Yes,Credit Card,69.0,1108.0,33.67,0,93.33,1167.66,5,Stayed,No,22,4439,Not Applicable,Not Applicable,0,1,13–24 months,45–59,$35–$69.99,Core Value,6,2,No Referrals,Higher Contract Risk,1,Lower,68.69,Protection Engaged,0.321142344034293,True,False,False,False,False,False,False,False,Competitor-response retention,8,"Personalized device, data, speed, or value response based on customer needs",55.0
2254-DLXRI,Female,33,No,No,No,No,0,United States,California,Burbank,91504,34.213049,-118.317651,25882,Q3,No,0,1,Offer E,Yes,18.0,Yes,Yes,Fiber Optic,23,No,Yes,No,No,No,No,No,No,Month-to-Month,Yes,Credit Card,79.15,79.15,0.0,60,18.0,157.15,4,Joined,No,57,2742,Not Applicable,Not Applicable,0,1,1–6 months,30–44,$70–$89.99,Emerging Value,3,1,No Referrals,Higher Contract Risk,4,Very High,157.15,Basic Relationship,0.6975471517174255,True,False,True,True,False,True,True,False,Early fiber assurance,2,"First-90-day fiber service-health check, rapid issue resolution, and plan review",40.0
6212-ATMLK,Female,42,No,No,No,No,0,United States,California,Rancho Cucamonga,91701,34.132275,-117.611478,39064,Q3,No,0,50,No Offer,Yes,49.14,Yes,Yes,Fiber Optic,6,No,No,No,No,Yes,Yes,Yes,No,Month-to-Month,Yes,Bank Withdrawal,95.7,4729.75,0.0,140,2457.0,7326.75,4,Stayed,No,44,4164,Not Applicable,Not Applicable,0,1,49–72 months,30–44,$90+,Core Value,5,0,No Referrals,Higher Contract Risk,4,Very High,146.54,Multi-Service,0.6655277756170358,True,False,False,False,False,True,True,False,Fiber quality and contract,5,Fiber diagnostics followed by a value-led contract-upgrade incentive,50.0
1077-HUUJM,Female,48,No,No,No,Yes,1,United States,California,Rancho Cucamonga,91730,34.10097,-117.57882,51970,Q3,No,0,7,Offer E,Yes,28.5,No,Yes,Fiber Optic,13,No,No,No,No,No,No,No,No,Month-to-Month,Yes,Bank Withdrawal,71.05,472.65,0.0,10,199.5,682.15,5,Stayed,No,49,4668,Not Applicable,Not Applicable,0,1,7–12 months,45–59,$70–$89.99,High Value,2,0,No Referrals,Higher Contract Risk,4,Very High,97.45,Basic Relationship,0.5832460732937534,True,True,True,False,False,True,True,False,High-value outreach,1,Dedicated retention specialist and personalized value-protection review,75.0
4452-QIIEB,Male,41,No,No,No,No,0,United States,California,Glendora,91740,34.119363,-117.855059,25135,Q3,No,0,7,Offer E,Yes,30.04,No,Yes,DSL,6,No,No,No,No,No,No,No,Yes,Month-to-Month,No,Credit Card,43.9,278.4,0.0,0,210.28,488.68,5,Stayed,No,75,3565,Not Applicable,Not Applicable,0,1,7–12 months,30–44,$35–$69.99,Core Value,3,0,No Referrals,Higher Contract Risk,3,High,69.81,Basic Relationship,0.3462741659328087,True,False,False,False,False,False,True,False,Support bundle and contract,6,Time-limited premium-support bundle with a longer-contract value option,45.0
2227-JRSJX,Female,22,Yes,No,No,No,0,United States,California,Monterey Park,91754,34.050322,-118.147037,33280,Q3,No,0,21,Offer D,Yes,6.12,No,Yes,Fiber Optic,51,No,Yes,No,Yes,Yes,Yes,Yes,Yes,Month-to-Month,Yes,Bank Withdrawal,99.15,1956.4,0.0,0,128.52,2084.92,3,Stayed,No,36,5324,Not Applicable,Not Applicable,0,1,13–24 months,19–29,$90+,High Value,8,2,No Referrals,Higher Contract Risk,3,High,99.28,Protection Engaged,0.4395150557945272,True,True,False,False,False,True,False,False,High-value outreach,1,Dedicated retention specialist and personalized value-protection review,75.0
8980-WQFWL,Female,61,No,No,No,No,0,United States,California,Ontario,91761,34.035602,-117.591528,56280,Q3,No,0,35,No Offer,Yes,2.15,No,Yes,DSL,7,No,No,Yes,No,No,Yes,Yes,Yes,Month-to-Month,Yes,Bank Withdrawal,62.1,2096.1,0.0,0,75.25,2171.35,4,Stayed,No,65,5315,Not Applicable,Not Applicable,0,1,25–48 months,60–69,$35–$69.99,High Value,6,1,No Referrals,Higher Contract Risk,2,Elevated,62.04,Multi-Service,0.4064010288709475,True,False,False,False,False,False,True,False,Support bundle and contract,6,Time-limited premium-support bundle with a longer-contract value option,45.0
6357-JJPQT,Female,48,No,No,No,No,0,United States,California,San Gabriel,91776,34.089927,-118.095645,38041,Q3,No,0,3,No Offer,Yes,26.86,No,Yes,Fiber Optic,5,No,No,No,No,Yes,No,No,No,Month-to-Month,Yes,Bank Withdrawal,80.5,232.35,0.0,0,80.58,312.93,5,Joined,No,53,2032,Not Applicable,Not Applicable,0,1,1–6 months,45–59,$70–$89.99,Emerging Value,3,0,No Referrals,Higher Contract Risk,4,Very High,104.31,Basic Relationship,0.7394775771884874,True,False,True,True,False,True,True,False,Early fiber assurance,2,"First-90-day fiber service-health check, rapid issue resolution, and plan review",40.0
9643-YBLUR,Male,27,Yes,No,Yes,No,0,United States,California,West Covina,91791,34.061634,-117.893169,30458,Q3,Yes,4,9,Offer E,Yes,26.03,Yes,Yes,Cable,59,No,Yes,Yes,No,No,Yes,Yes,Yes,Month-to-Month,Yes,Credit Card,69.05,653.95,0.0,0,234.27,888.22,4,Stayed,No,60,2907,Not Applicable,Not Applicable,0,1,7–12 months,19–29,$35–$69.99,Emerging Value,7,2,3–5 Referrals,Higher Contract Risk,3,High,98.69,Advocate,0.4419850226657484,True,False,False,False,False,False,True,False,Support bundle and contract,6,Time-limited premium-support bundle with a longer-contract value option,45.0
9026-LHEVG,Female,45,No,No,No,No,0,United States,California,Boulevard,91905,32.677097,-116.304991,1509,Q3,No,0,9,Offer E,No,0.0,No,Yes,DSL,21,No,Yes,No,No,No,Yes,Yes,No,Month-to-Month,No,Bank Withdrawal,40.75,359.4,0.0,20,0.0,379.4,4,Stayed,No,24,2973,Not Applicable,Not Applicable,0,1,7–12 months,45–59,$35–$69.99,Emerging Value,4,1,No Referrals,Higher Contract Risk,3,High,42.16,Basic Relationship,0.5654365463882465,True,False,False,False,False,False,True,False,Support bundle and contract,6,Time-limited premium-support bundle with a longer-contract value option,45.0
2623-DRYAM,Female,19,Yes,No,Yes,No,0,United States,California,Jamul,91935,32.695681,-116.798386,8759,Q3,No,0,70,No Offer,Yes,19.88,Yes,Yes,Fiber Optic,26,No,No,Yes,No,Yes,Yes,Yes,Yes,One Year,Yes,Bank Withdrawal,101.75,7069.3,0.0,0,1391.6,8460.9,3,Stayed,No,47,5596,Not Applicable,Not Applicable,0,1,49–72 months,19–29,$90+,Premium Value,7,1,No Referrals,Moderate Contract Risk,3,High,120.87,Multi-Service,0.5862736426643317,True,True,False,False,False,False,False,False,High-value outreach,1,Dedicated retention specialist and personalized value-protection review,75.0
0491-KAPQG,Male,28,Yes,No,No,No,0,United States,California,Pine Valley,91962,32.800671,-116.483363,1604,Q3,No,0,21,Offer D,Yes,28.54,Yes,Yes,Fiber Optic,42,No,No,No,No,No,No,Yes,Yes,Month-to-Month,Yes,Bank Withdrawal,73.7,1558.7,0.0,0,599.34,2158.04,5,Stayed,No,39,2071,Not Applicable,Not Applicable,0,1,13–24 months,19–29,$70–$89.99,Emerging Value,4,0,No Referrals,Higher Contract Risk,3,High,102.76,Basic Relationship,0.4650855862658986,True,False,False,False,False,True,True,False,Fiber quality and contract,5,Fiber diagnostics followed by a value-led contract-upgrade incentive,50.0
2203-GHNWN,Female,24,Yes,No,Yes,No,0,United States,California,Julian,92036,32.980678,-116.262854,3577,Q3,Yes,2,24,No Offer,Yes,44.93,Yes,Yes,Fiber Optic,82,No,No,Yes,No,No,No,Yes,Yes,Month-to-Month,Yes,Credit Card,79.65,1928.7,0.0,0,1078.32,3007.02,4,Stayed,No,72,3816,Not Applicable,Not Applicable,0,1,13–24 months,19–29,$70–$89.99,Core Value,5,1,1–2 Referrals,Higher Contract Risk,3,High,125.29,Advocate,0.604184013793249,True,False,False,False,False,True,True,False,Fiber quality and contract,5,Fiber diagnostics followed by a value-led contract-upgrade incentive,50.0
4633-MKHYU,Female,23,Yes,No,No,No,0,United States,California,San Diego,92109,32.787836,-117.232376,46086,Q3,No,0,9,Offer E,Yes,35.45,No,Yes,Fiber Optic,52,No,No,No,No,Yes,Yes,Yes,Yes,Month-to-Month,Yes,Credit Card,88.4,788.6,0.0,0,319.05,1107.65,5,Stayed,No,32,2952,Not Applicable,Not Applicable,0,1,7–12 months,19–29,$70–$89.99,Emerging Value,6,0,No Referrals,Higher Contract Risk,4,Very High,123.07,Multi-Service,0.7127778667805351,True,False,True,False,False,True,True,True,Early fiber assurance,2,"First-90-day fiber service-health check, rapid issue resolution, and plan review",40.0
6257-RJOHI,Male,58,No,No,No,No,0,United States,California,San Diego,92110,32.76501,-117.19938,24169,Q3,No,0,4,Offer E,Yes,1.88,No,Yes,DSL,21,No,No,No,Yes,No,No,No,Yes,Month-to-Month,Yes,Credit Card,50.8,202.3,0.0,0,7.52,209.82,5,Stayed,No,47,4521,Not Applicable,Not Applicable,0,1,1–6 months,45–59,$35–$69.99,Core Value,4,1,No Referrals,Higher Contract Risk,2,Elevated,52.46,Basic Relationship,0.37751217577579,True,False,False,True,False,False,False,True,Early onboarding,3,Structured 30/60/90-day onboarding support and service education,25.0
2587-EKXTS,Male,48,No,No,No,No,0,United States,California,San Diego,92116,32.765299,-117.122565,33083,Q3,No,0,44,Offer B,Yes,44.45,Yes,Yes,Fiber Optic,19,Yes,Yes,Yes,No,Yes,Yes,Yes,Yes,Month-to-Month,Yes,Bank Withdrawal,111.5,4915.15,0.0,0,1955.8,6870.95,4,Stayed,No,26,2827,Not Applicable,Not Applicable,0,1,25–48 months,45–59,$90+,Emerging Value,9,3,No Referrals,Higher Contract Risk,4,Very High,156.16,Protection Engaged,0.545330197040506,True,False,False,False,False,True,True,True,Fiber quality and contract,5,Fiber diagnostics followed by a value-led contract-upgrade incentive,50.0
6656-JWRQX,Female,60,No,No,No,No,0,United States,California,San Diego,92124,32.827238,-117.089287,30206,Q3,No,0,1,No Offer,No,0.0,No,Yes,DSL,9,No,No,No,Yes,No,No,No,No,Month-to-Month,No,Credit Card,30.55,30.55,0.0,40,0.0,70.55,4,Joined,No,57,5565,Not Applicable,Not Applicable,0,1,1–6 months,60–69,Under $35,Premium Value,2,1,No Referrals,Higher Contract Risk,2,Elevated,70.55,Basic Relationship,0.3227409350255686,True,False,False,True,False,False,False,True,Early onboarding,3,Structured 30/60/90-day onboarding support and service education,25.0
2842-BCQGE,Male,39,No,No,No,No,0,United States,California,San Diego,92139,32.677716,-117.047666,36351,Q3,No,0,43,Offer B,Yes,19.66,Yes,Yes,Fiber Optic,28,No,No,No,No,No,No,No,Yes,Month-to-Month,Yes,Credit Card,75.35,3161.4,0.0,0,845.38,4006.78,5,Stayed,No,33,4898,Not Applicable,Not Applicable,0,1,25–48 months,30–44,$70–$89.99,High Value,3,0,No Referrals,Higher Contract Risk,3,High,93.18,Basic Relationship,0.3469188938634563,True,True,False,False,False,True,True,True,High-value outreach,1,Dedicated retention specialist and personalized value-protection review,75.0
5312-UXESG,Female,43,No,No,No,No,0,United States,California,Indio,92203,33.752938,-116.230055,2743,Q3,No,0,41,Offer B,Yes,29.19,Yes,Yes,Fiber Optic,4,No,No,Yes,No,Yes,Yes,Yes,Yes,Month-to-Month,No,Bank Withdrawal,98.05,3990.6,0.0,0,1196.79,5187.39,4,Stayed,No,58,5614,Not Applicable,Not Applicable,0,1,25–48 months,30–44,$90+,Premium Value,7,1,No Referrals,Higher Contract Risk,4,Very High,126.52,Multi-Service,0.5432460739438524,True,True,False,False,False,True,True,False,High-value outreach,1,Dedicated retention specialist and personalized value-protection review,75.0
6088-BXMRG,Female,59,No,No,Yes,Yes,1,United States,California,Cabazon,92230,33.929812,-116.76058,2355,Q3,Yes,2,32,No Offer,Yes,24.04,Yes,Yes,Fiber Optic,22,No,Yes,No,No,Yes,Yes,Yes,Yes,Month-to-Month,Yes,Bank Withdrawal,98.85,3089.6,0.0,0,769.28,3858.88,4,Stayed,No,25,3149,Not Applicable,Not Applicable,0,1,25–48 months,45–59,$90+,Emerging Value,7,1,1–2 Referrals,Higher Contract Risk,4,Very High,120.59,Advocate,0.6576962860669747,True,False,False,False,False,True,True,False,Fiber quality and contract,5,Fiber diagnostics followed by a value-led contract-upgrade incentive,50.0
4993-JCRGJ,Male,62,No,No,No,No,0,United States,California,Holtville,92250,32.811001,-115.152865,8062,Q3,No,0,26,No Offer,Yes,37.69,Yes,Yes,Fiber Optic,30,No,No,Yes,Yes,No,No,No,Yes,Month-to-Month,Yes,Credit Card,84.3,2281.6,0.0,0,979.94,3261.54,5,Stayed,No,66,5471,Not Applicable,Not Applicable,0,1,25–48 months,60–69,$70–$89.99,Premium Value,5,2,No Referrals,Higher Contract Risk,2,Elevated,125.44,Protection Engaged,0.4111501118628775,True,False,False,False,False,True,False,False,Fiber quality and contract,5,Fiber diagnostics followed by a value-led contract-upgrade incentive,50.0
2103-ZRXFN,Male,19,Yes,No,No,No,0,United States,California,La Quinta,92253,33.695532,-116.310571,23971,Q3,No,0,1,No Offer,Yes,24.66,Yes,Yes,DSL,26,No,No,No,No,No,No,No,Yes,Month-to-Month,No,Credit Card,50.75,50.75,0.0,0,24.66,75.41,4,Joined,No,69,3631,Not Applicable,Not Applicable,0,1,1–6 months,19–29,$35–$69.99,Core Value,3,0,No Referrals,Higher Contract Risk,3,High,75.41,Basic Relationship,0.3977599156537919,True,False,False,True,False,False,True,False,Early onboarding,3,Structured 30/60/90-day onboarding support and service education,25.0
8468-EHYJA,Female,32,No,No,Yes,No,0,United States,California,Palo Verde,92266,33.3249,-114.758334,291,Q3,No,0,57,Offer B,Yes,12.19,Yes,Yes,Fiber Optic,16,Yes,No,No,No,Yes,Yes,Yes,Yes,Month-to-Month,Yes,Bank Withdrawal,99.65,5497.05,0.0,0,694.83,6191.88,4,Stayed,No,42,5106,Not Applicable,Not Applicable,0,1,49–72 months,30–44,$90+,High Value,7,1,No Referrals,Higher Contract Risk,4,Very High,108.63,Multi-Service,0.7840173234340787,True,True,False,False,False,True,True,False,High-value outreach,1,Dedicated retention specialist and personalized value-protection review,75.0
2897-DOVND,Male,31,No,No,No,No,0,United States,California,Winterhaven,92283,32.852947,-114.850784,3663,Q3,No,0,2,No Offer,Yes,11.19,No,Yes,Fiber Optic,14,No,No,No,No,No,No,No,No,Month-to-Month,Yes,Bank Withdrawal,69.8,146.65,0.0,10,22.38,179.03,3,Joined,No,26,3527,Not Applicable,Not Applicable,0,1,1–6 months,30–44,$35–$69.99,Core Value,2,0,No Referrals,Higher Contract Risk,4,Very High,89.52,Basic Relationship,0.6608350586314861,True,False,True,True,False,True,True,False,Early fiber assurance,2,"First-90-day fiber service-health check, rapid issue resolution, and plan review",40.0
4950-BDEUX,Male,47,No,No,No,No,0,United States,California,Apple Valley,92308,34.424926,-117.184503,28819,Q3,No,0,35,Offer C,No,0.0,No,Yes,DSL,26,No,No,Yes,No,Yes,Yes,Yes,Yes,Month-to-Month,No,Bank Withdrawal,49.2,1701.65,0.0,0,0.0,1701.65,4,Stayed,No,40,2782,Not Applicable,Not Applicable,0,1,25–48 months,45–59,$35–$69.99,Emerging Value,6,1,No Referrals,Higher Contract Risk,2,Elevated,48.62,Multi-Service,0.3681612808580744,True,False,False,False,False,False,True,False,Support bundle and contract,6,Time-limited premium-support bundle with a longer-contract value option,45.0
0508-OOLTO,Female,33,No,No,Yes,Yes,1,United States,California,Fort Irwin,92310,35.349241,-116.770281,9465,Q3,Yes,5,2,No Offer,Yes,29.03,No,Yes,Fiber Optic,10,No,No,No,No,No,No,No,Yes,Month-to-Month,Yes,Bank Withdrawal,71.65,135.75,0.0,0,58.06,193.81,3,Joined,No,67,3916,Not Applicable,Not Applicable,0,1,1–6 months,30–44,$70–$89.99,Core Value,3,0,3–5 Referrals,Higher Contract Risk,4,Very High,96.9,Advocate,0.3391055404166864,True,False,True,True,False,True,True,False,Early fiber assurance,2,"First-90-day fiber service-health check, rapid issue resolution, and plan review",40.0
9822-WMWVG,Female,20,Yes,No,No,No,0,United States,California,Grand Terrace,92313,34.029175,-117.307211,11024,Q3,No,0,41,No Offer,Yes,36.7,Yes,Yes,Fiber Optic,59,Yes,Yes,Yes,Yes,Yes,No,No,Yes,Month-to-Month,Yes,Bank Withdrawal,106.5,4282.4,0.0,0,1504.7,5787.1,4,Stayed,No,75,4434,Not Applicable,Not Applicable,0,1,25–48 months,19–29,$90+,Core Value,8,4,No Referrals,Higher Contract Risk,3,High,141.15,Protection Engaged,0.4086576384576923,True,False,False,False,False,True,False,False,Fiber quality and contract,5,Fiber diagnostics followed by a value-led contract-upgrade incentive,50.0
8885-QSQBX,Female,45,No,No,No,No,0,United States,California,Forest Falls,92339,34.067699,-116.903891,958,Q3,No,0,1,No Offer,Yes,10.83,No,Yes,DSL,15,Yes,No,No,No,No,No,No,Yes,Month-to-Month,No,Bank Withdrawal,49.55,49.55,0.0,0,10.83,60.38,4,Joined,No,36,5277,Not Applicable,Not Applicable,0,1,1–6 months,45–59,$35–$69.99,High Value,4,1,No Referrals,Higher Contract Risk,3,High,60.38,Basic Relationship,0.3392100190860619,True,True,False,True,False,False,True,False,High-value outreach,1,Dedicated retention specialist and personalized value-protection review,75.0
8617-ENBDS,Male,29,Yes,No,No,No,0,United States,California,Helendale,92342,34.757783,-117.33997,4948,Q3,No,0,3,No Offer,Yes,27.34,No,Yes,Fiber Optic,71,No,No,Yes,No,No,No,No,No,Month-to-Month,Yes,Credit Card,73.6,232.5,0.0,10,82.02,324.52,5,Joined,No,53,5510,Not Applicable,Not Applicable,0,1,1–6 months,19–29,$70–$89.99,Premium Value,3,1,No Referrals,Higher Contract Risk,4,Very High,108.17,Basic Relationship,0.5051168813563366,True,True,True,True,False,True,True,False,High-value outreach,1,Dedicated retention specialist and personalized value-protection review,75.0
0430-IHCDJ,Male,40,No,No,No,No,0,United States,California,Highland,92346,34.129677,-117.154277,48245,Q3,No,0,15,No Offer,Yes,11.75,Yes,Yes,DSL,28,No,No,No,No,No,No,No,Yes,Month-to-Month,Yes,Bank Withdrawal,49.0,749.25,0.0,0,176.25,925.5,3,Stayed,No,25,2597,Not Applicable,Not Applicable,0,1,13–24 months,30–44,$35–$69.99,Emerging Value,3,0,No Referrals,Higher Contract Risk,2,Elevated,61.7,Basic Relationship,0.4560409503256493,True,False,False,False,False,False,True,False,Support bundle and contract,6,Time-limited premium-support bundle with a longer-contract value option,45.0
9631-XEYKE,Male,28,Yes,No,No,No,0,United States,California,Rialto,92377,34.156758,-117.404686,18518,Q3,No,0,3,No Offer,Yes,29.74,Yes,Yes,DSL,59,No,No,No,No,No,No,No,Yes,Month-to-Month,No,Bank Withdrawal,50.4,137.25,0.0,0,89.22,226.47,5,Joined,No,53,4639,Not Applicable,Not Applicable,0,1,1–6 months,19–29,$35–$69.99,High Value,3,0,No Referrals,Higher Contract Risk,3,High,75.49,Basic Relationship,0.4561442483331852,True,True,False,True,False,False,True,False,High-value outreach,1,Dedicated retention specialist and personalized value-protection review,75.0
8800-JOOCF,Female,56,No,No,No,Yes,1,United States,California,Fallbrook,92028,33.362575,-117.299644,42239,Q3,No,0,12,No Offer,Yes,17.85,Yes,Yes,Fiber Optic,19,No,No,No,No,Yes,No,No,Yes,Month-to-Month,Yes,Bank Withdrawal,84.05,966.55,0.0,0,214.2,1180.75,4,Stayed,No,77,4621,Not Applicable,Not Applicable,0,1,7–12 months,45–59,$70–$89.99,High Value,4,0,No Referrals,Higher Contract Risk,4,Very High,98.4,Basic Relationship,0.6217308381541385,True,True,True,False,False,True,True,False,High-value outreach,1,Dedicated retention specialist and personalized value-protection review,75.0
2386-OWURY,Female,20,Yes,No,No,No,0,United States,California,Yucaipa,92399,34.04597,-117.011825,41575,Q3,No,0,58,No Offer,Yes,35.55,No,Yes,Fiber Optic,73,No,No,No,Yes,Yes,Yes,Yes,Yes,Month-to-Month,Yes,Bank Withdrawal,95.3,5817.7,0.0,0,2061.9,7879.6,4,Stayed,No,68,6460,Not Applicable,Not Applicable,0,1,49–72 months,19–29,$90+,Premium Value,7,1,No Referrals,Higher Contract Risk,3,High,135.86,Multi-Service,0.3453564559631939,True,True,False,False,False,True,False,False,High-value outreach,1,Dedicated retention specialist and personalized value-protection review,75.0
3453-RTHJQ,Male,59,No,No,No,No,0,United States,California,San Bernardino,92407,34.250069,-117.393949,49355,Q3,No,0,6,Offer E,Yes,18.65,No,Yes,Fiber Optic,18,No,No,No,No,No,No,No,Yes,Month-to-Month,Yes,Bank Withdrawal,69.1,435.0,0.0,0,111.9,546.9,4,Stayed,No,55,5741,Not Applicable,Not Applicable,0,1,1–6 months,45–59,$35–$69.99,Premium Value,3,0,No Referrals,Higher Contract Risk,4,Very High,91.15,Basic Relationship,0.7177010496739713,True,True,True,True,False,True,True,False,High-value outreach,1,Dedicated retention specialist and personalized value-protection review,75.0
1508-DFXCU,Male,32,No,No,No,No,0,United States,California,Riverside,92501,33.994676,-117.372498,18999,Q3,No,0,12,No Offer,Yes,11.04,No,Yes,Fiber Optic,16,No,No,No,No,Yes,No,No,Yes,Month-to-Month,Yes,Bank Withdrawal,81.45,912.0,0.0,0,132.48,1044.48,3,Stayed,No,70,2916,Not Applicable,Not Applicable,0,1,7–12 months,30–44,$70–$89.99,Emerging Value,4,0,No Referrals,Higher Contract Risk,4,Very High,87.04,Basic Relationship,0.7238406847884588,True,False,True,False,False,True,True,False,Early fiber assurance,2,"First-90-day fiber service-health check, rapid issue resolution, and plan review",40.0
2800-QQUSO,Male,48,No,No,No,No,0,United States,California,Riverside,92505,33.920907,-117.489426,38446,Q3,No,0,42,No Offer,Yes,25.69,Yes,Yes,Fiber Optic,13,No,No,No,Yes,Yes,Yes,Yes,Yes,Month-to-Month,Yes,Bank Withdrawal,100.3,4222.95,0.0,0,1078.98,5301.93,5,Stayed,No,33,3286,Not Applicable,Not Applicable,0,1,25–48 months,45–59,$90+,Emerging Value,7,1,No Referrals,Higher Contract Risk,3,High,126.24,Multi-Service,0.578502891161669,True,False,False,False,False,True,False,False,Fiber quality and contract,5,Fiber diagnostics followed by a value-led contract-upgrade incentive,50.0
9773-PEQBZ,Male,43,No,No,No,No,0,United States,California,Lake Elsinore,92530,33.655421,-117.391751,38519,Q3,No,0,10,No Offer,Yes,15.6,Yes,Yes,Fiber Optic,22,No,Yes,No,No,No,No,No,Yes,Month-to-Month,No,Bank Withdrawal,79.85,797.25,0.0,0,156.0,953.25,5,Stayed,No,65,5739,Not Applicable,Not Applicable,0,1,7–12 months,30–44,$70–$89.99,Premium Value,4,1,No Referrals,Higher Contract Risk,4,Very High,95.32,Basic Relationship,0.603227542909612,True,True,True,False,False,True,True,False,High-value outreach,1,Dedicated retention specialist and personalized value-protection review,75.0
2903-YYTBW,Male,48,No,No,Yes,Yes,2,United States,California,Hemet,92545,33.734933,-117.044145,25694,Q3,Yes,1,1,No Offer,Yes,41.1,No,Yes,DSL,18,No,No,No,No,No,No,No,Yes,Month-to-Month,No,Bank Withdrawal,44.55,44.55,0.0,0,41.1,85.65,4,Joined,No,48,3408,Not Applicable,Not Applicable,0,1,1–6 months,45–59,$35–$69.99,Emerging Value,3,0,1–2 Referrals,Higher Contract Risk,3,High,85.65,Advocate,0.3754227057210045,True,False,False,True,False,False,True,False,Early onboarding,3,Structured 30/60/90-day onboarding support and service education,25.0
6402-EJMWF,Male,33,No,No,No,No,0,United States,California,San Jacinto,92583,33.796568,-116.924723,21349,Q3,No,0,4,No Offer,Yes,21.03,No,Yes,DSL,3,No,No,No,No,No,Yes,Yes,Yes,Month-to-Month,Yes,Credit Card,55.3,238.5,0.0,0,84.12,322.62,4,Stayed,No,31,3684,Not Applicable,Not Applicable,0,1,1–6 months,30–44,$35–$69.99,Core Value,5,0,No Referrals,Higher Contract Risk,3,High,80.66,Multi-Service,0.4655636466064892,True,False,False,True,False,False,True,False,Early onboarding,3,Structured 30/60/90-day onboarding support and service education,25.0
9169-BSVIN,Male,21,Yes,No,No,No,0,United States,California,Winchester,92596,33.657433,-117.04254,4093,Q3,No,0,12,No Offer,Yes,18.52,Yes,Yes,DSL,53,No,No,Yes,No,Yes,Yes,Yes,Yes,Month-to-Month,No,Bank Withdrawal,74.75,827.05,0.0,0,222.24,1049.29,5,Stayed,No,40,3521,Not Applicable,Not Applicable,0,1,7–12 months,19–29,$70–$89.99,Core Value,7,1,No Referrals,Higher Contract Risk,3,High,87.44,Multi-Service,0.5690706653693479,True,False,False,False,False,False,True,False,Support bundle and contract,6,Time-limited premium-support bundle with a longer-contract value option,45.0
7714-YXSMB,Female,60,No,No,No,No,0,United States,California,Irvine,92612,33.643095,-117.810896,41062,Q3,No,0,26,Offer C,Yes,25.66,Yes,Yes,Fiber Optic,3,No,No,Yes,No,Yes,Yes,Yes,Yes,Month-to-Month,Yes,Bank Withdrawal,100.5,2599.95,0.0,0,667.16,3267.11,3,Stayed,No,50,2921,Not Applicable,Not Applicable,0,1,25–48 months,60–69,$90+,Emerging Value,7,1,No Referrals,Higher Contract Risk,4,Very High,125.66,Multi-Service,0.726998496546057,True,False,False,False,False,True,True,False,Fiber quality and contract,5,Fiber diagnostics followed by a value-led contract-upgrade incentive,50.0
1194-HVAIF,Female,21,Yes,No,Yes,No,0,United States,California,Capistrano Beach,92624,33.458754,-117.665104,7465,Q3,Yes,1,27,Offer C,Yes,18.42,Yes,Yes,Fiber Optic,26,No,No,No,No,Yes,Yes,Yes,Yes,Month-to-Month,No,Credit Card,95.0,2462.55,0.0,0,497.34,2959.89,4,Stayed,No,75,4235,Not Applicable,Not Applicable,0,1,25–48 months,19–29,$90+,Core Value,6,0,1–2 Referrals,Higher Contract Risk,4,Very High,109.63,Advocate,0.7418101596385046,True,False,False,False,False,True,True,False,Fiber quality and contract,5,Fiber diagnostics followed by a value-led contract-upgrade incentive,50.0
1767-TGTKO,Female,30,No,No,Yes,Yes,2,United States,California,Dana Point,92629,33.477923,-117.705314,27730,Q3,No,0,8,Offer E,Yes,5.09,No,Yes,DSL,51,No,No,No,No,No,No,No,Yes,Month-to-Month,Yes,Bank Withdrawal,45.45,411.75,0.0,0,40.72,452.47,4,Stayed,No,41,4651,Not Applicable,Not Applicable,0,1,7–12 months,30–44,$35–$69.99,High Value,3,0,No Referrals,Higher Contract Risk,3,High,56.56,Basic Relationship,0.6004412512187323,True,True,False,False,False,False,True,False,High-value outreach,1,Dedicated retention specialist and personalized value-protection review,75.0
8805-JNRAZ,Female,44,No,No,No,No,0,United States,California,Huntington Beach,92646,33.666301,-117.969501,56517,Q3,No,0,2,Offer E,Yes,29.28,No,Yes,Cable,4,No,Yes,No,No,No,No,No,Yes,Month-to-Month,No,Credit Card,49.2,103.7,0.0,0,58.56,162.26,5,Joined,No,75,2342,Not Applicable,Not Applicable,0,1,1–6 months,30–44,$35–$69.99,Emerging Value,4,1,No Referrals,Higher Contract Risk,3,High,81.13,Basic Relationship,0.4045471179090692,True,False,False,True,False,False,True,False,Early onboarding,3,Structured 30/60/90-day onboarding support and service education,25.0
7291-CDTMJ,Male,40,No,No,No,No,0,United States,California,Laguna Beach,92651,33.570023,-117.773669,25206,Q3,No,0,1,Offer E,Yes,13.85,No,No,No Internet,0,No,No,No,No,No,No,No,No,Month-to-Month,Yes,Bank Withdrawal,19.65,19.65,0.0,0,13.85,33.5,3,Joined,No,80,3075,Not Applicable,Not Applicable,0,1,1–6 months,30–44,Under $35,Emerging Value,1,0,No Referrals,Higher Contract Risk,3,High,33.5,Basic Relationship,0.3686132723833079,True,False,False,True,False,False,True,False,Early onboarding,3,Structured 30/60/90-day onboarding support and service education,25.0
0365-BZUWY,Male,58,No,No,Yes,No,0,United States,California,San Juan Capistrano,92675,33.521447,-117.602555,34321,Q3,Yes,2,17,Offer D,Yes,10.11,Yes,Yes,Fiber Optic,2,No,Yes,Yes,No,Yes,Yes,Yes,Yes,Month-to-Month,Yes,Bank Withdrawal,102.55,1742.5,0.0,0,171.87,1914.37,5,Stayed,No,75,3803,Not Applicable,Not Applicable,0,1,13–24 months,45–59,$90+,Core Value,8,2,1–2 Referrals,Higher Contract Risk,4,Very High,112.61,Advocate,0.7706966098691403,True,False,False,False,False,True,True,False,Fiber quality and contract,5,Fiber diagnostics followed by a value-led contract-upgrade incentive,50.0
4570-QHXHL,Female,48,No,No,No,No,0,United States,California,Santa Ana,92704,33.719869,-117.907063,91188,Q3,No,0,9,No Offer,Yes,40.73,No,Yes,DSL,29,No,No,No,No,No,No,No,Yes,Month-to-Month,Yes,Bank Withdrawal,43.75,405.7,5.9,0,366.57,766.37,3,Stayed,No,70,5644,Not Applicable,Not Applicable,0,1,7–12 months,45–59,$35–$69.99,Premium Value,3,0,No Referrals,Higher Contract Risk,3,High,85.15,Basic Relationship,0.4065745039912624,True,True,False,False,False,False,True,False,High-value outreach,1,Dedicated retention specialist and personalized value-protection review,75.0
7392-YYPYJ,Male,26,Yes,No,No,No,0,United States,California,Santa Ana,92706,33.765893,-117.881533,37879,Q3,No,0,22,Offer D,Yes,28.42,Yes,Yes,Fiber Optic,73,No,Yes,No,No,Yes,Yes,Yes,Yes,Month-to-Month,Yes,Bank Withdrawal,100.65,2415.95,5.01,0,625.24,3036.18,5,Stayed,No,34,4094,Not Applicable,Not Applicable,0,1,13–24 months,19–29,$90+,Core Value,7,1,No Referrals,Higher Contract Risk,4,Very High,138.01,Multi-Service,0.5985734518683037,True,False,False,False,False,True,True,False,Fiber quality and contract,5,Fiber diagnostics followed by a value-led contract-upgrade incentive,50.0
9348-YVOMK,Male,28,Yes,No,No,No,0,United States,California,Anaheim,92802,33.807864,-117.923782,45086,Q3,No,0,4,Offer E,Yes,43.77,No,Yes,DSL,41,No,No,No,No,No,No,Yes,Yes,Month-to-Month,Yes,Credit Card,44.8,176.2,0.0,0,175.08,351.28,4,Stayed,No,39,5565,Not Applicable,Not Applicable,0,1,1–6 months,19–29,$35–$69.99,Premium Value,4,0,No Referrals,Higher Contract Risk,3,High,87.82,Basic Relationship,0.4253057186510384,True,True,False,True,False,False,True,False,High-value outreach,1,Dedicated retention specialist and personalized value-protection review,75.0
8104-OSKWT,Female,61,No,No,No,No,0,United States,California,Anaheim,92804,33.818,-117.974404,81333,Q3,No,0,12,Offer D,Yes,14.42,Yes,Yes,Fiber Optic,14,Yes,No,No,No,No,No,No,Yes,Month-to-Month,Yes,Bank Withdrawal,79.8,1001.2,21.53,0,173.04,1152.71,3,Stayed,No,43,5906,Not Applicable,Not Applicable,0,1,7–12 months,60–69,$70–$89.99,Premium Value,4,1,No Referrals,Higher Contract Risk,4,Very High,96.06,Basic Relationship,0.4624372129167199,True,True,True,False,False,True,True,False,High-value outreach,1,Dedicated retention specialist and personalized value-protection review,75.0
4090-KPJIP,Female,42,No,No,No,No,0,United States,California,Anaheim,92806,33.83796,-117.870494,34398,Q3,No,0,3,Offer E,Yes,1.64,Yes,Yes,Fiber Optic,8,No,No,No,No,No,No,No,Yes,Month-to-Month,Yes,Bank Withdrawal,74.95,212.4,27.6,0,4.92,189.72,5,Joined,No,70,3641,Not Applicable,Not Applicable,0,1,1–6 months,30–44,$70–$89.99,Core Value,3,0,No Referrals,Higher Contract Risk,4,Very High,63.24,Basic Relationship,0.7773788819280112,True,False,True,True,False,True,True,False,Early fiber assurance,2,"First-90-day fiber service-health check, rapid issue resolution, and plan review",40.0
5999-LCXAO,Female,42,No,No,No,No,0,United States,California,Orange,92866,33.784597,-117.844535,15396,Q3,No,0,1,No Offer,No,0.0,No,Yes,DSL,24,Yes,No,No,No,No,No,No,Yes,Month-to-Month,No,Credit Card,29.9,29.9,0.0,0,0.0,29.9,4,Joined,No,61,4155,Not Applicable,Not Applicable,0,1,1–6 months,30–44,Under $35,Core Value,3,1,No Referrals,Higher Contract Risk,3,High,29.9,Basic Relationship,0.3205425889688069,True,False,False,True,False,False,True,False,Early onboarding,3,Structured 30/60/90-day onboarding support and service education,25.0
0701-TJSEF,Male,45,No,No,No,No,0,United States,California,Santa Barbara,93105,34.037342,-119.80079,25771,Q3,No,0,9,Offer E,Yes,32.31,No,Yes,Cable,24,Yes,No,Yes,Yes,No,Yes,Yes,Yes,Month-to-Month,Yes,Bank Withdrawal,68.25,576.95,0.0,0,290.79,867.74,3,Stayed,No,40,4366,Not Applicable,Not Applicable,0,1,7–12 months,45–59,$35–$69.99,Core Value,8,3,No Referrals,Higher Contract Risk,2,Elevated,96.42,Protection Engaged,0.4633365692213732,True,False,False,False,False,False,False,False,Competitor-response retention,8,"Personalized device, data, speed, or value response based on customer needs",55.0
6629-LADHQ,Female,42,No,No,No,No,0,United States,California,Santa Barbara,93109,34.406256,-119.726936,10986,Q3,No,0,2,Offer E,Yes,36.96,No,Yes,DSL,24,Yes,No,No,No,No,No,No,Yes,Month-to-Month,No,Credit Card,50.95,123.05,0.0,0,73.92,196.97,3,Joined,No,37,5968,Not Applicable,Not Applicable,0,1,1–6 months,30–44,$35–$69.99,Premium Value,4,1,No Referrals,Higher Contract Risk,3,High,98.48,Basic Relationship,0.3242976249041592,True,True,False,True,False,False,True,False,High-value outreach,1,Dedicated retention specialist and personalized value-protection review,75.0
1559-DTODC,Male,37,No,No,No,No,0,United States,California,Santa Barbara,93111,34.460197,-119.802602,16477,Q3,No,0,19,Offer D,No,0.0,No,Yes,DSL,6,No,No,No,No,No,No,No,Yes,Month-to-Month,Yes,Bank Withdrawal,25.15,468.35,0.0,0,0.0,468.35,4,Stayed,No,54,3784,Not Applicable,Not Applicable,0,1,13–24 months,30–44,Under $35,Core Value,2,0,No Referrals,Higher Contract Risk,2,Elevated,24.65,Basic Relationship,0.3507542178307148,True,False,False,False,False,False,True,False,Support bundle and contract,6,Time-limited premium-support bundle with a longer-contract value option,45.0
6704-UTUKK,Male,43,No,No,Yes,No,0,United States,California,Exeter,93221,36.301689,-119.018233,13333,Q3,Yes,3,29,No Offer,No,0.0,No,Yes,DSL,15,No,No,No,No,Yes,Yes,Yes,No,Month-to-Month,Yes,Bank Withdrawal,45.9,1332.4,0.0,20,0.0,1352.4,4,Stayed,No,37,5074,Not Applicable,Not Applicable,0,1,25–48 months,30–44,$35–$69.99,High Value,4,0,3–5 Referrals,Higher Contract Risk,2,Elevated,46.63,Advocate,0.5572404580286618,True,False,False,False,False,False,True,False,Support bundle and contract,6,Time-limited premium-support bundle with a longer-contract value option,45.0
7404-JLKQG,Female,21,Yes,No,No,No,0,United States,California,Glennville,93226,35.735694,-118.738483,296,Q3,No,0,3,No Offer,Yes,48.3,No,Yes,Cable,42,No,No,Yes,No,Yes,No,No,Yes,Month-to-Month,No,Bank Withdrawal,57.55,161.45,0.0,0,144.9,306.35,3,Joined,No,47,4099,Not Applicable,Not Applicable,0,1,1–6 months,19–29,$35–$69.99,Core Value,5,1,No Referrals,Higher Contract Risk,3,High,102.12,Multi-Service,0.4972814789344052,True,False,False,True,False,False,True,False,Early onboarding,3,Structured 30/60/90-day onboarding support and service education,25.0
7421-ZLUPA,Female,57,No,No,No,No,0,United States,California,Hanford,93230,36.29223,-119.622676,53204,Q3,No,0,8,No Offer,No,0.0,No,Yes,DSL,2,No,Yes,No,No,No,No,No,Yes,Month-to-Month,Yes,Credit Card,29.25,226.95,0.0,0,0.0,226.95,3,Stayed,No,29,2038,Not Applicable,Not Applicable,0,1,7–12 months,45–59,Under $35,Emerging Value,3,1,No Referrals,Higher Contract Risk,3,High,28.37,Basic Relationship,0.4071807910395193,True,False,False,False,False,False,True,False,Support bundle and contract,6,Time-limited premium-support bundle with a longer-contract value option,45.0
0432-CAJZV,Male,47,No,No,No,No,0,United States,California,Temecula,92592,33.507255,-117.029473,46171,Q3,No,0,3,No Offer,Yes,5.39,No,Yes,Fiber Optic,10,No,No,No,No,Yes,Yes,Yes,Yes,Month-to-Month,No,Credit Card,90.7,237.65,0.0,0,16.17,253.82,4,Joined,No,69,3953,Not Applicable,Not Applicable,0,1,1–6 months,45–59,$90+,Core Value,6,0,No Referrals,Higher Contract Risk,5,Very High,84.61,Multi-Service,0.6737517780416348,True,False,True,True,False,True,True,False,Early fiber assurance,2,"First-90-day fiber service-health check, rapid issue resolution, and plan review",40.0
7634-WSWDB,Female,22,Yes,No,No,Yes,1,United States,California,Terra Bella,93270,35.939068,-119.043666,5868,Q3,No,0,8,No Offer,No,0.0,No,Yes,DSL,51,Yes,No,No,No,No,Yes,Yes,Yes,Month-to-Month,Yes,Bank Withdrawal,38.5,330.8,0.0,0,0.0,330.8,3,Stayed,No,22,4194,Not Applicable,Not Applicable,0,1,7–12 months,19–29,$35–$69.99,Core Value,5,1,No Referrals,Higher Contract Risk,3,High,41.35,Multi-Service,0.3363258852896543,True,False,False,False,False,False,True,False,Support bundle and contract,6,Time-limited premium-support bundle with a longer-contract value option,45.0
6986-IXNDM,Male,47,No,No,No,No,0,United States,California,Three Rivers,93271,36.413433,-118.854708,2318,Q3,No,0,14,Offer D,Yes,27.8,No,Yes,Fiber Optic,17,No,No,No,No,Yes,Yes,Yes,Yes,Month-to-Month,Yes,Bank Withdrawal,92.9,1337.45,0.0,0,389.2,1726.65,3,Stayed,No,38,4296,Not Applicable,Not Applicable,0,1,13–24 months,45–59,$90+,Core Value,6,0,No Referrals,Higher Contract Risk,4,Very High,123.33,Multi-Service,0.6874269655902965,True,False,False,False,False,True,True,False,Fiber quality and contract,5,Fiber diagnostics followed by a value-led contract-upgrade incentive,50.0
9667-TKTVZ,Female,38,No,No,No,No,0,United States,California,Los Osos,93402,35.279984,-120.824288,14859,Q3,No,0,2,No Offer,Yes,25.81,Yes,Yes,Cable,7,No,No,No,Yes,No,No,No,Yes,Month-to-Month,Yes,Credit Card,54.35,117.05,0.0,0,51.62,168.67,5,Joined,No,71,4916,Not Applicable,Not Applicable,0,1,1–6 months,30–44,$35–$69.99,High Value,4,1,No Referrals,Higher Contract Risk,2,Elevated,84.34,Basic Relationship,0.421423765519724,True,False,False,True,False,False,False,False,Early onboarding,3,Structured 30/60/90-day onboarding support and service education,25.0
7754-IXRMC,Female,39,No,No,No,No,0,United States,California,Atascadero,93422,35.453912,-120.69461,29539,Q3,No,0,1,No Offer,Yes,12.46,No,Yes,DSL,14,No,No,No,No,No,No,No,Yes,Month-to-Month,No,Credit Card,45.35,45.35,0.0,0,12.46,57.81,4,Joined,No,23,3980,Not Applicable,Not Applicable,0,1,1–6 months,30–44,$35–$69.99,Core Value,3,0,No Referrals,Higher Contract Risk,3,High,57.81,Basic Relationship,0.3283071411113175,True,False,False,True,False,False,True,False,Early onboarding,3,Structured 30/60/90-day onboarding support and service education,25.0
1329-VHWNP,Female,42,No,No,No,No,0,United States,California,Grover Beach,93433,35.120833,-120.61843,13106,Q3,No,0,7,No Offer,No,0.0,No,Yes,DSL,4,No,No,No,No,No,No,No,Yes,Month-to-Month,No,Bank Withdrawal,25.05,189.95,0.0,0,0.0,189.95,4,Stayed,No,63,4404,Not Applicable,Not Applicable,0,1,7–12 months,30–44,Under $35,Core Value,2,0,No Referrals,Higher Contract Risk,3,High,27.14,Basic Relationship,0.4768481974390597,True,False,False,False,False,False,True,False,Support bundle and contract,6,Time-limited premium-support bundle with a longer-contract value option,45.0
1485-YDHMM,Male,49,No,No,Yes,Yes,1,United States,California,San Ardo,93450,35.996008,-120.85305,670,Q3,Yes,1,52,No Offer,Yes,11.3,Yes,Yes,Fiber Optic,10,No,Yes,No,Yes,No,Yes,Yes,Yes,Month-to-Month,Yes,Bank Withdrawal,93.25,4631.7,0.0,0,587.6,5219.3,3,Stayed,No,56,4740,Not Applicable,Not Applicable,0,1,49–72 months,45–59,$90+,High Value,7,2,1–2 Referrals,Higher Contract Risk,3,High,100.37,Advocate,0.4752991398431709,True,True,False,False,False,True,False,False,High-value outreach,1,Dedicated retention specialist and personalized value-protection review,75.0
8161-QYMTT,Male,55,No,No,No,No,0,United States,California,Santa Maria,93454,34.943523,-120.256729,30540,Q3,No,0,7,No Offer,Yes,7.37,Yes,Yes,Fiber Optic,6,No,No,No,No,Yes,Yes,Yes,Yes,Month-to-Month,Yes,Bank Withdrawal,94.1,701.3,0.0,0,51.59,752.89,5,Stayed,No,22,5259,Not Applicable,Not Applicable,0,1,7–12 months,45–59,$90+,High Value,6,0,No Referrals,Higher Contract Risk,5,Very High,107.56,Multi-Service,0.829935213100553,True,True,True,False,False,True,True,False,High-value outreach,1,Dedicated retention specialist and personalized value-protection review,75.0
5404-GGUKR,Male,39,No,No,No,No,0,United States,California,Santa Ynez,93460,34.630356,-120.032564,5710,Q3,No,0,5,Offer E,Yes,17.16,No,Yes,DSL,7,No,Yes,No,No,No,No,No,Yes,Month-to-Month,Yes,Bank Withdrawal,51.35,262.3,0.0,0,85.8,348.1,5,Stayed,No,28,2893,Not Applicable,Not Applicable,0,1,1–6 months,30–44,$35–$69.99,Emerging Value,4,1,No Referrals,Higher Contract Risk,3,High,69.62,Basic Relationship,0.5588154601357349,True,False,False,True,False,False,True,False,Early onboarding,3,Structured 30/60/90-day onboarding support and service education,25.0
0374-AACSZ,Female,63,No,No,No,No,0,United States,California,Lancaster,93534,34.727529,-118.153098,35109,Q3,No,0,1,Offer E,Yes,38.33,No,Yes,DSL,24,Yes,No,No,No,No,No,No,No,Month-to-Month,No,Bank Withdrawal,50.15,50.15,0.0,50,38.33,138.48,3,Joined,No,30,4421,Not Applicable,Not Applicable,0,1,1–6 months,60–69,$35–$69.99,Core Value,3,1,No Referrals,Higher Contract Risk,3,High,138.48,Basic Relationship,0.4113071967270634,True,False,False,True,False,False,True,False,Early onboarding,3,Structured 30/60/90-day onboarding support and service education,25.0
6537-QLGEX,Female,34,No,No,No,No,0,United States,California,Mammoth Lakes,93546,37.550074,-118.837167,8217,Q3,No,0,16,No Offer,No,0.0,No,Yes,DSL,30,Yes,No,No,No,Yes,No,No,Yes,Month-to-Month,Yes,Bank Withdrawal,38.9,664.4,0.0,0,0.0,664.4,3,Stayed,No,39,3300,Not Applicable,Not Applicable,0,1,13–24 months,30–44,$35–$69.99,Emerging Value,4,1,No Referrals,Higher Contract Risk,2,Elevated,41.52,Basic Relationship,0.4618199177499958,True,False,False,False,False,False,True,False,Support bundle and contract,6,Time-limited premium-support bundle with a longer-contract value option,45.0
5606-AMZBO,Female,23,Yes,No,Yes,No,0,United States,California,Rosamond,93560,34.903052,-118.411251,14931,Q3,Yes,4,10,No Offer,Yes,38.03,Yes,Yes,Fiber Optic,42,Yes,No,No,No,No,No,No,Yes,Month-to-Month,Yes,Credit Card,78.15,765.15,0.0,0,380.3,1145.45,3,Stayed,No,26,3403,Not Applicable,Not Applicable,0,1,7–12 months,19–29,$70–$89.99,Emerging Value,4,1,3–5 Referrals,Higher Contract Risk,4,Very High,114.54,Advocate,0.3635727863687374,True,False,True,False,False,True,True,False,Early fiber assurance,2,"First-90-day fiber service-health check, rapid issue resolution, and plan review",40.0
8263-OKETD,Female,44,No,No,No,No,0,United States,California,Caruthers,93609,36.5276,-119.865999,5446,Q3,No,0,20,No Offer,Yes,22.75,Yes,Yes,Cable,11,No,Yes,No,Yes,No,Yes,Yes,Yes,Month-to-Month,Yes,Credit Card,68.9,1370.35,0.0,0,455.0,1825.35,5,Stayed,No,29,3265,Not Applicable,Not Applicable,0,1,13–24 months,30–44,$35–$69.99,Emerging Value,7,2,No Referrals,Higher Contract Risk,1,Lower,91.27,Protection Engaged,0.3390045336965218,True,False,False,False,False,False,False,False,Competitor-response retention,8,"Personalized device, data, speed, or value response based on customer needs",55.0
2476-YGEFM,Female,24,Yes,No,No,No,0,United States,California,Clovis,93611,36.917652,-119.593757,46858,Q3,No,0,29,No Offer,Yes,7.01,Yes,Yes,Fiber Optic,42,No,No,No,No,No,No,No,Yes,Month-to-Month,Yes,Credit Card,76.0,2215.25,0.0,0,203.29,2418.54,3,Stayed,No,46,5324,Not Applicable,Not Applicable,0,1,25–48 months,19–29,$70–$89.99,High Value,3,0,No Referrals,Higher Contract Risk,3,High,83.4,Basic Relationship,0.4774392696357856,True,True,False,False,False,True,True,False,High-value outreach,1,Dedicated retention specialist and personalized value-protection review,75.0
8687-BAFGU,Male,34,No,No,No,No,0,United States,California,Clovis,93612,36.814539,-119.711868,33856,Q3,No,0,1,Offer E,Yes,23.7,No,Yes,Fiber Optic,25,No,No,No,Yes,No,No,No,Yes,Month-to-Month,No,Bank Withdrawal,74.0,74.0,0.0,0,23.7,97.7,4,Joined,No,34,4148,Not Applicable,Not Applicable,0,1,1–6 months,30–44,$70–$89.99,Core Value,4,1,No Referrals,Higher Contract Risk,3,High,97.7,Basic Relationship,0.5884008560732963,True,False,True,True,False,True,False,False,Early fiber assurance,2,"First-90-day fiber service-health check, rapid issue resolution, and plan review",40.0
0641-EVBOJ,Male,61,No,No,No,No,0,United States,California,Coarsegold,93614,37.212191,-119.749323,9395,Q3,No,0,3,No Offer,Yes,44.97,No,Yes,Fiber Optic,16,Yes,No,No,Yes,No,No,No,No,Month-to-Month,Yes,Credit Card,82.3,214.4,0.0,20,134.91,369.31,4,Joined,No,56,5755,Not Applicable,Not Applicable,0,1,1–6 months,60–69,$70–$89.99,Premium Value,4,2,No Referrals,Higher Contract Risk,3,High,123.1,Protection Engaged,0.4317903726493569,True,True,True,True,False,True,False,False,High-value outreach,1,Dedicated retention specialist and personalized value-protection review,75.0
0829-XXPLX,Female,48,No,No,No,No,0,United States,California,Cutler,93615,36.497895,-119.285484,5519,Q3,No,0,20,No Offer,Yes,30.52,No,Yes,Fiber Optic,21,Yes,No,Yes,No,Yes,No,No,Yes,Month-to-Month,Yes,Bank Withdrawal,89.4,1871.15,0.0,0,610.4,2481.55,4,Stayed,No,68,2098,Not Applicable,Not Applicable,0,1,13–24 months,45–59,$70–$89.99,Emerging Value,6,2,No Referrals,Higher Contract Risk,3,High,124.08,Protection Engaged,0.5852490451552962,True,False,False,False,False,True,True,False,Fiber quality and contract,5,Fiber diagnostics followed by a value-led contract-upgrade incentive,50.0
6624-JDRDS,Female,22,Yes,No,No,No,0,United States,California,Dos Palos,93620,37.045728,-120.630682,9388,Q3,No,0,6,Offer E,No,0.0,No,Yes,Cable,52,Yes,No,No,No,No,No,No,Yes,Month-to-Month,No,Bank Withdrawal,29.45,161.45,0.0,0,0.0,161.45,3,Stayed,No,42,4391,Not Applicable,Not Applicable,0,1,1–6 months,19–29,Under $35,Core Value,3,1,No Referrals,Higher Contract Risk,3,High,26.91,Basic Relationship,0.480696001917493,True,False,False,True,False,False,True,False,Early onboarding,3,Structured 30/60/90-day onboarding support and service education,25.0
9780-FKVVF,Male,60,No,No,No,No,0,United States,California,Firebaugh,93622,36.785618,-120.625382,9491,Q3,No,0,6,Offer E,Yes,20.11,No,Yes,DSL,5,Yes,No,No,No,No,Yes,Yes,Yes,Month-to-Month,Yes,Bank Withdrawal,59.15,336.7,0.0,0,120.66,457.36,3,Stayed,No,72,3613,Not Applicable,Not Applicable,0,1,1–6 months,60–69,$35–$69.99,Core Value,6,1,No Referrals,Higher Contract Risk,3,High,76.23,Multi-Service,0.5370227129844684,True,False,False,True,False,False,True,False,Early onboarding,3,Structured 30/60/90-day onboarding support and service education,25.0
4439-YRNVD,Female,33,No,No,No,No,0,United States,California,Selma,93662,36.545322,-119.642281,26213,Q3,No,0,10,No Offer,No,0.0,No,Yes,DSL,23,No,Yes,No,Yes,No,No,No,Yes,Month-to-Month,No,Bank Withdrawal,36.25,374.0,0.0,0,0.0,374.0,3,Stayed,No,24,4571,Not Applicable,Not Applicable,0,1,7–12 months,30–44,$35–$69.99,High Value,4,2,No Referrals,Higher Contract Risk,2,Elevated,37.4,Protection Engaged,0.3500864519226315,True,False,False,False,False,False,False,False,Competitor-response retention,8,"Personalized device, data, speed, or value response based on customer needs",55.0
2208-UGTGR,Male,62,No,No,No,No,0,United States,California,Sultana,93666,36.545353,-119.338535,306,Q3,No,0,56,Offer B,Yes,10.99,Yes,Yes,Fiber Optic,28,No,Yes,No,No,Yes,Yes,Yes,Yes,Month-to-Month,No,Bank Withdrawal,98.6,5581.05,0.0,0,615.44,6196.49,3,Stayed,No,58,5601,Not Applicable,Not Applicable,0,1,49–72 months,60–69,$90+,Premium Value,7,1,No Referrals,Higher Contract Risk,4,Very High,110.65,Multi-Service,0.3839001695463918,True,True,False,False,False,True,True,False,High-value outreach,1,Dedicated retention specialist and personalized value-protection review,75.0
7181-OQCUT,Male,60,No,No,No,No,0,United States,California,Fresno,93706,36.654614,-119.903674,35790,Q3,No,0,21,Offer D,Yes,15.89,Yes,Yes,Fiber Optic,3,Yes,No,Yes,No,Yes,Yes,Yes,Yes,Month-to-Month,No,Credit Card,103.85,2215.0,0.0,0,333.69,2548.69,3,Stayed,No,77,4520,Not Applicable,Not Applicable,0,1,13–24 months,60–69,$90+,Core Value,8,2,No Referrals,Higher Contract Risk,4,Very High,121.37,Protection Engaged,0.4197893023889239,True,False,False,False,False,True,True,False,Fiber quality and contract,5,Fiber diagnostics followed by a value-led contract-upgrade incentive,50.0
9741-YLNTD,Male,37,No,No,No,No,0,United States,California,Greenfield,93927,36.248708,-121.386617,14204,Q3,No,0,6,No Offer,Yes,43.37,Yes,Yes,Fiber Optic,12,No,No,No,Yes,No,Yes,Yes,Yes,Month-to-Month,Yes,Bank Withdrawal,87.95,522.35,0.0,0,260.22,782.57,3,Stayed,No,47,2684,Not Applicable,Not Applicable,0,1,1–6 months,30–44,$70–$89.99,Emerging Value,6,1,No Referrals,Higher Contract Risk,3,High,130.43,Multi-Service,0.6920258669871173,True,False,True,True,False,True,False,False,Early fiber assurance,2,"First-90-day fiber service-health check, rapid issue resolution, and plan review",40.0
7858-GTZSP,Female,33,No,No,No,No,0,United States,California,San Lucas,93954,36.125529,-120.864443,521,Q3,No,0,12,Offer D,Yes,18.75,Yes,Yes,Fiber Optic,25,No,No,No,No,No,Yes,Yes,No,Month-to-Month,Yes,Bank Withdrawal,86.55,1066.9,0.0,110,225.0,1401.9,5,Stayed,No,71,2061,Not Applicable,Not Applicable,0,1,7–12 months,30–44,$70–$89.99,Emerging Value,4,0,No Referrals,Higher Contract Risk,4,Very High,116.82,Basic Relationship,0.6905007287483236,True,False,True,False,False,True,True,False,Early fiber assurance,2,"First-90-day fiber service-health check, rapid issue resolution, and plan review",40.0
9027-YFHQJ,Male,26,Yes,No,No,No,0,United States,California,San Francisco,94112,37.720498,-122.443119,73117,Q3,No,0,7,Offer E,Yes,45.13,Yes,No,No Internet,0,No,No,No,No,No,No,No,No,Month-to-Month,Yes,Bank Withdrawal,25.05,152.95,0.0,0,315.91,468.86,5,Stayed,No,54,4868,Not Applicable,Not Applicable,0,1,7–12 months,19–29,Under $35,High Value,1,0,No Referrals,Higher Contract Risk,3,High,66.98,Basic Relationship,0.4101798377208703,True,True,False,False,False,False,True,False,High-value outreach,1,Dedicated retention specialist and personalized value-protection review,75.0
4029-HPFVY,Male,35,No,No,No,No,0,United States,California,San Francisco,94118,37.781304,-122.461522,38955,Q3,No,0,3,No Offer,Yes,9.74,No,Yes,Fiber Optic,27,No,No,No,No,No,No,No,Yes,Month-to-Month,Yes,Credit Card,70.3,220.4,0.0,0,29.22,249.62,4,Joined,No,67,4275,Not Applicable,Not Applicable,0,1,1–6 months,30–44,$70–$89.99,Core Value,3,0,No Referrals,Higher Contract Risk,4,Very High,83.21,Basic Relationship,0.5795219745685452,True,False,True,True,False,True,True,False,Early fiber assurance,2,"First-90-day fiber service-health check, rapid issue resolution, and plan review",40.0
1020-JPQOW,Female,63,No,No,Yes,No,0,United States,California,Angwin,94508,38.542448,-122.419923,3641,Q3,Yes,1,56,No Offer,Yes,2.8,Yes,Yes,Fiber Optic,20,No,Yes,Yes,Yes,No,No,No,No,Month-to-Month,No,Bank Withdrawal,90.55,5116.6,0.0,40,156.8,5313.4,4,Stayed,No,63,6161,Not Applicable,Not Applicable,0,1,49–72 months,60–69,$90+,Premium Value,5,3,1–2 Referrals,Higher Contract Risk,3,High,94.88,Advocate,0.4811006045165693,True,True,False,False,False,True,False,False,High-value outreach,1,Dedicated retention specialist and personalized value-protection review,75.0
9054-FOWNV,Male,53,No,No,Yes,Yes,3,United States,California,Brentwood,94513,37.908242,-121.682472,26577,Q3,Yes,1,22,Offer D,Yes,11.39,Yes,Yes,Fiber Optic,56,No,No,Yes,No,Yes,No,No,Yes,Month-to-Month,Yes,Bank Withdrawal,88.75,1885.15,0.0,0,250.58,2135.73,4,Stayed,No,48,5585,Not Applicable,Not Applicable,0,1,13–24 months,45–59,$70–$89.99,Premium Value,5,1,1–2 Referrals,Higher Contract Risk,3,High,97.08,Advocate,0.3740098781377778,True,True,False,False,False,True,True,False,High-value outreach,1,Dedicated retention specialist and personalized value-protection review,75.0
9732-EQMWY,Female,20,Yes,No,Yes,No,0,United States,California,Concord,94518,37.950248,-122.022455,27394,Q3,Yes,1,49,No Offer,Yes,12.39,No,Yes,Fiber Optic,46,No,Yes,Yes,No,Yes,Yes,Yes,No,Month-to-Month,No,Bank Withdrawal,99.4,5025.0,0.0,10,607.11,5642.11,4,Stayed,No,59,4725,Not Applicable,Not Applicable,0,1,49–72 months,19–29,$90+,High Value,7,2,1–2 Referrals,Higher Contract Risk,4,Very High,115.15,Advocate,0.6400173687817763,True,True,False,False,False,True,True,False,High-value outreach,1,Dedicated retention specialist and personalized value-protection review,75.0
4123-DVHPH,Male,49,No,No,Yes,No,0,United States,California,Orinda,94563,37.873916,-122.20522,17964,Q3,Yes,3,9,No Offer,Yes,22.41,Yes,Yes,Fiber Optic,21,Yes,No,No,No,No,Yes,Yes,Yes,Month-to-Month,Yes,Bank Withdrawal,88.05,801.3,0.0,0,201.69,1002.99,3,Stayed,No,30,2715,Not Applicable,Not Applicable,0,1,7–12 months,45–59,$70–$89.99,Emerging Value,6,1,3–5 Referrals,Higher Contract Risk,4,Very High,111.44,Advocate,0.6833807349075002,True,False,True,False,False,True,True,False,Early fiber assurance,2,"First-90-day fiber service-health check, rapid issue resolution, and plan review",40.0
7504-UWHNB,Male,42,No,No,No,No,0,United States,California,Vallejo,94591,38.105733,-122.186338,51665,Q3,No,0,25,Offer C,Yes,40.11,No,Yes,Fiber Optic,18,No,No,No,No,No,No,No,No,Month-to-Month,No,Bank Withdrawal,69.75,1729.35,0.0,100,1002.75,2832.1,4,Stayed,No,26,3080,Not Applicable,Not Applicable,0,1,25–48 months,30–44,$35–$69.99,Emerging Value,2,0,No Referrals,Higher Contract Risk,3,High,113.28,Basic Relationship,0.40791778526994,True,False,False,False,False,True,True,False,Fiber quality and contract,5,Fiber diagnostics followed by a value-led contract-upgrade incentive,50.0
2582-FFFZR,Female,34,No,No,No,No,0,United States,California,Vallejo,94592,38.093701,-122.276589,159,Q3,No,0,22,No Offer,No,0.0,No,Yes,DSL,8,No,No,Yes,No,Yes,Yes,Yes,Yes,Month-to-Month,Yes,Bank Withdrawal,50.6,1073.3,0.0,0,0.0,1073.3,4,Stayed,No,62,2854,Not Applicable,Not Applicable,0,1,13–24 months,30–44,$35–$69.99,Emerging Value,6,1,No Referrals,Higher Contract Risk,2,Elevated,48.79,Multi-Service,0.6394357159873381,True,False,False,False,False,False,True,False,Support bundle and contract,6,Time-limited premium-support bundle with a longer-contract value option,45.0
7394-LWLYN,Female,57,No,No,No,No,0,United States,California,Oakland,94610,37.808731,-122.238708,29964,Q3,No,0,2,No Offer,Yes,33.75,No,Yes,Fiber Optic,10,No,No,No,No,No,No,No,Yes,Month-to-Month,Yes,Bank Withdrawal,70.15,123.8,0.0,0,67.5,191.3,3,Joined,No,75,4840,Not Applicable,Not Applicable,0,1,1–6 months,45–59,$70–$89.99,High Value,3,0,No Referrals,Higher Contract Risk,4,Very High,95.65,Basic Relationship,0.6950446715043689,True,True,True,True,False,True,True,False,High-value outreach,1,Dedicated retention specialist and personalized value-protection review,75.0
0958-YHXGP,Female,25,Yes,No,No,No,0,United States,California,Oakland,94621,37.750553,-122.197175,30751,Q3,No,0,7,No Offer,Yes,30.99,No,Yes,Fiber Optic,42,No,No,No,No,No,No,No,Yes,Month-to-Month,Yes,Credit Card,69.9,497.3,0.0,0,216.93,714.23,4,Stayed,No,80,4562,Not Applicable,Not Applicable,0,1,7–12 months,19–29,$35–$69.99,High Value,3,0,No Referrals,Higher Contract Risk,4,Very High,102.03,Basic Relationship,0.5331846748151564,True,True,True,False,False,True,True,False,High-value outreach,1,Dedicated retention specialist and personalized value-protection review,75.0
1101-SSWAG,Female,60,No,No,Yes,No,0,United States,California,Berkeley,94702,37.866009,-122.286228,15638,Q3,Yes,1,15,No Offer,Yes,31.13,Yes,Yes,DSL,5,No,No,No,No,No,No,No,Yes,Month-to-Month,Yes,Bank Withdrawal,51.1,711.15,0.0,0,466.95,1178.1,5,Stayed,No,33,4858,Not Applicable,Not Applicable,0,1,13–24 months,60–69,$35–$69.99,High Value,3,0,1–2 Referrals,Higher Contract Risk,2,Elevated,78.54,Advocate,0.7501030804460448,True,False,False,False,False,False,True,False,Support bundle and contract,6,Time-limited premium-support bundle with a longer-contract value option,45.0
3969-GYXEL,Female,46,No,No,No,No,0,United States,California,Berkeley,94708,37.897743,-122.263124,10737,Q3,No,0,11,No Offer,Yes,36.52,No,Yes,Fiber Optic,20,Yes,No,No,No,No,No,No,Yes,Month-to-Month,No,Bank Withdrawal,76.4,838.7,0.0,0,401.72,1240.42,4,Stayed,No,41,4033,Not Applicable,Not Applicable,0,1,7–12 months,45–59,$70–$89.99,Core Value,4,1,No Referrals,Higher Contract Risk,4,Very High,112.77,Basic Relationship,0.4948018281324954,True,False,True,False,False,True,True,False,Early fiber assurance,2,"First-90-day fiber service-health check, rapid issue resolution, and plan review",40.0
0595-ITUDF,Male,21,Yes,No,Yes,Yes,1,United States,California,Fairfax,94930,37.971751,-122.611873,8486,Q3,No,0,64,No Offer,Yes,34.58,Yes,Yes,Fiber Optic,27,Yes,Yes,Yes,No,No,No,No,Yes,Month-to-Month,Yes,Bank Withdrawal,91.8,5960.5,0.0,0,2213.12,8173.62,3,Stayed,No,37,5371,Not Applicable,Not Applicable,0,1,49–72 months,19–29,$90+,High Value,6,3,No Referrals,Higher Contract Risk,4,Very High,127.71,Protection Engaged,0.521860751449612,True,True,False,False,False,True,True,False,High-value outreach,1,Dedicated retention specialist and personalized value-protection review,75.0
6253-WRFHY,Male,59,No,No,Yes,Yes,1,United States,California,Marshall,94940,38.129308,-122.834815,406,Q3,Yes,1,13,No Offer,Yes,13.32,No,Yes,DSL,21,No,No,No,No,Yes,Yes,Yes,Yes,One Year,Yes,Bank Withdrawal,64.75,877.35,0.0,0,173.16,1050.51,3,Stayed,No,73,4741,Not Applicable,Not Applicable,0,1,13–24 months,45–59,$35–$69.99,High Value,6,0,1–2 Referrals,Moderate Contract Risk,1,Lower,80.81,Advocate,0.3753115625649245,True,False,False,False,False,False,False,False,Competitor-response retention,8,"Personalized device, data, speed, or value response based on customer needs",55.0
9133-AYJZG,Female,40,No,No,No,No,0,United States,California,Mill Valley,94941,37.901371,-122.572024,28727,Q3,No,0,23,No Offer,Yes,14.45,Yes,Yes,Fiber Optic,19,No,Yes,No,No,Yes,Yes,Yes,Yes,Month-to-Month,Yes,Credit Card,98.7,2249.1,0.0,0,332.35,2581.45,5,Stayed,No,71,5781,Not Applicable,Not Applicable,0,1,13–24 months,30–44,$90+,Premium Value,7,1,No Referrals,Higher Contract Risk,4,Very High,112.24,Multi-Service,0.6308248284103509,True,True,False,False,False,True,True,False,High-value outreach,1,Dedicated retention specialist and personalized value-protection review,75.0
8212-CRQXP,Female,20,Yes,No,Yes,No,0,United States,California,Alviso,95002,37.449537,-121.994813,2147,Q3,Yes,1,22,No Offer,Yes,45.1,No,Yes,Fiber Optic,41,No,No,No,No,Yes,No,No,No,Month-to-Month,Yes,Credit Card,80.0,1706.45,0.0,50,992.2,2748.65,3,Stayed,No,80,2640,Not Applicable,Not Applicable,0,1,13–24 months,19–29,$70–$89.99,Emerging Value,3,0,1–2 Referrals,Higher Contract Risk,3,High,124.94,Advocate,0.7507882278357442,True,False,False,False,False,True,True,False,Fiber quality and contract,5,Fiber diagnostics followed by a value-led contract-upgrade incentive,50.0
1482-OXZSY,Male,45,No,No,No,No,0,United States,California,Freedom,95019,36.936228,-121.785559,4753,Q3,No,0,30,Offer C,Yes,17.26,Yes,Yes,Fiber Optic,19,Yes,No,No,No,Yes,Yes,Yes,Yes,Month-to-Month,Yes,Bank Withdrawal,100.4,2936.25,0.0,0,517.8,3454.05,3,Stayed,No,37,3778,Not Applicable,Not Applicable,0,1,25–48 months,45–59,$90+,Core Value,7,1,No Referrals,Higher Contract Risk,4,Very High,115.14,Multi-Service,0.6001814711251564,True,False,False,False,False,True,True,False,Fiber quality and contract,5,Fiber diagnostics followed by a value-led contract-upgrade incentive,50.0
5778-BVOFB,Female,33,No,No,No,No,0,United States,California,Escondido,92027,33.141265,-116.967221,48690,Q3,No,0,9,Offer E,Yes,39.19,No,Yes,Cable,20,No,No,No,Yes,Yes,No,No,Yes,Month-to-Month,Yes,Bank Withdrawal,59.5,530.05,0.0,0,352.71,882.76,5,Stayed,No,53,4011,Not Applicable,Not Applicable,0,1,7–12 months,30–44,$35–$69.99,Core Value,5,1,No Referrals,Higher Contract Risk,2,Elevated,98.08,Multi-Service,0.5598536204841568,True,False,False,False,False,False,False,False,Competitor-response retention,8,"Personalized device, data, speed, or value response based on customer needs",55.0
3086-RUCRN,Female,33,No,No,No,No,0,United States,California,Paicines,95043,36.525703,-120.952122,813,Q3,No,0,66,Offer A,Yes,43.14,Yes,Yes,Fiber Optic,20,Yes,Yes,Yes,Yes,No,Yes,Yes,Yes,Month-to-Month,Yes,Bank Withdrawal,103.1,6595.0,0.0,0,2847.24,9442.24,3,Stayed,No,46,6183,Not Applicable,Not Applicable,0,1,49–72 months,30–44,$90+,Premium Value,9,4,No Referrals,Higher Contract Risk,3,High,143.06,Protection Engaged,0.3798013951040996,True,True,False,False,False,True,False,False,High-value outreach,1,Dedicated retention specialist and personalized value-protection review,75.0
1307-ATKGB,Male,21,Yes,No,No,No,0,United States,California,Santa Clara,95054,37.393554,-121.965114,13031,Q3,No,0,24,No Offer,Yes,27.91,No,Yes,Fiber Optic,59,No,Yes,Yes,No,No,Yes,Yes,Yes,Month-to-Month,Yes,Bank Withdrawal,89.55,2187.15,0.0,0,669.84,2856.99,5,Stayed,No,41,2007,Not Applicable,Not Applicable,0,1,13–24 months,19–29,$70–$89.99,Emerging Value,7,2,No Referrals,Higher Contract Risk,3,High,119.04,Protection Engaged,0.5703465976767961,True,False,False,False,False,True,True,False,Fiber quality and contract,5,Fiber diagnostics followed by a value-led contract-upgrade incentive,50.0
0848-ZGQIJ,Female,56,No,No,Yes,No,0,United States,California,Saratoga,95070,37.257772,-122.051824,30589,Q3,Yes,3,16,Offer D,Yes,10.5,No,Yes,Fiber Optic,2,No,Yes,No,No,Yes,Yes,Yes,Yes,Month-to-Month,Yes,Bank Withdrawal,94.65,1461.15,0.0,0,168.0,1629.15,5,Stayed,No,36,3050,Not Applicable,Not Applicable,0,1,13–24 months,45–59,$90+,Emerging Value,7,1,3–5 Referrals,Higher Contract Risk,4,Very High,101.82,Advocate,0.6178863303312345,True,False,False,False,False,True,True,False,Fiber quality and contract,5,Fiber diagnostics followed by a value-led contract-upgrade incentive,50.0
6874-SGLHU,Male,44,No,No,No,No,0,United States,California,San Jose,95121,37.304681,-121.809955,37127,Q3,No,0,30,No Offer,Yes,12.17,No,Yes,Fiber Optic,16,No,Yes,No,No,Yes,Yes,Yes,Yes,One Year,Yes,Bank Withdrawal,97.0,3021.3,0.0,0,365.1,3386.4,5,Stayed,No,23,4126,Not Applicable,Not Applicable,0,1,25–48 months,30–44,$90+,Core Value,7,1,No Referrals,Moderate Contract Risk,3,High,112.88,Multi-Service,0.3650548462078249,True,False,False,False,False,False,False,False,Competitor-response retention,8,"Personalized device, data, speed, or value response based on customer needs",55.0
8630-FJLIB,Female,35,No,No,No,No,0,United States,California,San Jose,95130,37.277592,-121.986477,13481,Q3,No,0,18,Offer D,Yes,34.12,No,Yes,Fiber Optic,20,No,No,No,No,No,No,No,Yes,Month-to-Month,Yes,Bank Withdrawal,69.8,1221.65,0.0,0,614.16,1835.81,4,Stayed,No,68,2421,Not Applicable,Not Applicable,0,1,13–24 months,30–44,$35–$69.99,Emerging Value,3,0,No Referrals,Higher Contract Risk,3,High,101.99,Basic Relationship,0.4511454731121219,True,False,False,False,False,True,True,False,Fiber quality and contract,5,Fiber diagnostics followed by a value-led contract-upgrade incentive,50.0
4749-OJKQU,Female,36,No,No,No,No,0,United States,California,San Jose,95132,37.424655,-121.74841,40568,Q3,No,0,4,No Offer,Yes,23.5,Yes,Yes,Fiber Optic,22,No,No,No,No,No,No,No,Yes,Month-to-Month,Yes,Bank Withdrawal,75.65,302.35,0.0,0,94.0,396.35,5,Stayed,No,31,5396,Not Applicable,Not Applicable,0,1,1–6 months,30–44,$70–$89.99,Premium Value,3,0,No Referrals,Higher Contract Risk,4,Very High,99.09,Basic Relationship,0.7456097886609643,True,True,True,True,False,True,True,False,High-value outreach,1,Dedicated retention specialist and personalized value-protection review,75.0
0577-WHMEV,Female,19,Yes,No,Yes,No,0,United States,California,San Jose,95133,37.371862,-121.860349,26032,Q3,Yes,2,16,Offer D,Yes,27.83,Yes,Yes,Fiber Optic,52,Yes,Yes,Yes,No,No,No,Yes,Yes,Month-to-Month,No,Bank Withdrawal,90.7,1374.9,0.0,0,445.28,1820.18,3,Stayed,No,73,4839,Not Applicable,Not Applicable,0,1,13–24 months,19–29,$90+,High Value,7,3,1–2 Referrals,Higher Contract Risk,4,Very High,113.76,Advocate,0.4933217708192433,True,True,False,False,False,True,True,False,High-value outreach,1,Dedicated retention specialist and personalized value-protection review,75.0
2672-OJQZP,Female,35,No,No,No,No,0,United States,California,Stockton,95203,37.954089,-121.329761,16357,Q3,No,0,1,No Offer,Yes,40.87,No,Yes,Cable,21,No,No,No,No,No,No,No,Yes,Month-to-Month,No,Credit Card,44.75,44.75,0.0,0,40.87,85.62,5,Joined,No,30,4118,Not Applicable,Not Applicable,0,1,1–6 months,30–44,$35–$69.99,Core Value,3,0,No Referrals,Higher Contract Risk,3,High,85.62,Basic Relationship,0.356390212991179,True,False,False,True,False,False,True,False,Early onboarding,3,Structured 30/60/90-day onboarding support and service education,25.0
7821-DPRQE,Male,25,Yes,No,Yes,No,0,United States,California,Stockton,95207,38.002125,-121.324979,49965,Q3,Yes,2,68,Offer A,Yes,24.01,Yes,Yes,Fiber Optic,48,Yes,Yes,No,Yes,Yes,Yes,Yes,Yes,Month-to-Month,Yes,Bank Withdrawal,107.7,7320.9,0.0,0,1632.68,8953.58,3,Stayed,No,53,5015,Not Applicable,Not Applicable,0,1,49–72 months,19–29,$90+,High Value,9,3,1–2 Referrals,Higher Contract Risk,3,High,131.67,Advocate,0.5351622362807859,True,True,False,False,False,True,False,False,High-value outreach,1,Dedicated retention specialist and personalized value-protection review,75.0
0082-OQIQY,Male,50,No,No,No,No,0,United States,California,Farmington,95230,37.956963,-120.863055,596,Q3,No,0,29,No Offer,Yes,2.05,No,Yes,Fiber Optic,17,No,No,No,Yes,Yes,Yes,Yes,No,Month-to-Month,Yes,Bank Withdrawal,94.2,2607.6,0.0,20,59.45,2687.05,5,Stayed,No,60,4561,Not Applicable,Not Applicable,0,1,25–48 months,45–59,$90+,High Value,6,1,No Referrals,Higher Contract Risk,3,High,92.66,Multi-Service,0.5447868907628628,True,True,False,False,False,True,False,False,High-value outreach,1,Dedicated retention specialist and personalized value-protection review,75.0
8242-JSVBO,Male,22,Yes,No,No,No,0,United States,California,Mountain Ranch,95246,38.264262,-120.515133,1692,Q3,No,0,7,No Offer,Yes,26.76,No,Yes,DSL,46,No,No,No,No,No,No,No,Yes,Month-to-Month,Yes,Bank Withdrawal,44.65,322.5,0.0,0,187.32,509.82,4,Stayed,No,65,4300,Not Applicable,Not Applicable,0,1,7–12 months,19–29,$35–$69.99,Core Value,3,0,No Referrals,Higher Contract Risk,3,High,72.83,Basic Relationship,0.430263567136231,True,False,False,False,False,False,True,False,Support bundle and contract,6,Time-limited premium-support bundle with a longer-contract value option,45.0
0988-JRWWP,Female,50,No,No,No,No,0,United States,California,Wilseyville,95257,38.392686,-120.415951,435,Q3,No,0,3,No Offer,Yes,41.38,No,Yes,DSL,5,No,No,No,No,Yes,No,No,Yes,Month-to-Month,Yes,Bank Withdrawal,54.2,140.4,0.0,0,124.14,264.54,4,Joined,No,68,3167,Not Applicable,Not Applicable,0,1,1–6 months,45–59,$35–$69.99,Emerging Value,4,0,No Referrals,Higher Contract Risk,3,High,88.18,Basic Relationship,0.5705712574754582,True,False,False,True,False,False,True,False,Early onboarding,3,Structured 30/60/90-day onboarding support and service education,25.0
8644-XYTSV,Male,37,No,No,Yes,No,0,United States,California,Ballico,95303,37.4695,-120.672724,809,Q3,Yes,1,42,Offer B,No,0.0,No,Yes,DSL,7,Yes,No,No,No,Yes,No,No,Yes,Month-to-Month,Yes,Bank Withdrawal,40.15,1626.05,0.0,0,0.0,1626.05,4,Stayed,No,68,4348,Not Applicable,Not Applicable,0,1,25–48 months,30–44,$35–$69.99,Core Value,4,1,1–2 Referrals,Higher Contract Risk,2,Elevated,38.72,Advocate,0.5461326561236207,True,False,False,False,False,False,True,False,Support bundle and contract,6,Time-limited premium-support bundle with a longer-contract value option,45.0
7465-ZZRVX,Male,63,No,No,No,No,0,United States,California,Ceres,95307,37.553469,-120.952825,32881,Q3,No,0,1,No Offer,Yes,14.42,No,Yes,Fiber Optic,27,No,No,No,No,No,No,No,No,Month-to-Month,Yes,Bank Withdrawal,70.35,70.35,0.0,10,14.42,94.77,5,Joined,No,32,2722,Not Applicable,Not Applicable,0,1,1–6 months,60–69,$70–$89.99,Emerging Value,2,0,No Referrals,Higher Contract Risk,4,Very High,94.77,Basic Relationship,0.6659465819653076,True,False,True,True,False,True,True,False,Early fiber assurance,2,"First-90-day fiber service-health check, rapid issue resolution, and plan review",40.0
0225-ZORZP,Male,46,No,No,No,No,0,United States,California,Groveland,95321,37.902968,-119.667544,3680,Q3,No,0,3,Offer E,Yes,13.72,No,Yes,Fiber Optic,26,No,Yes,No,No,No,Yes,Yes,Yes,Month-to-Month,No,Bank Withdrawal,84.3,235.05,0.0,0,41.16,276.21,5,Joined,No,43,5828,Not Applicable,Not Applicable,0,1,1–6 months,45–59,$70–$89.99,Premium Value,6,1,No Referrals,Higher Contract Risk,4,Very High,92.07,Multi-Service,0.7046690378387391,True,True,True,True,False,True,True,False,High-value outreach,1,Dedicated retention specialist and personalized value-protection review,75.0
7797-EJMDP,Female,34,No,No,No,No,0,United States,California,Manteca,95336,37.830267,-121.201018,36738,Q3,No,0,8,Offer E,Yes,33.54,No,Yes,DSL,14,Yes,No,No,Yes,No,Yes,Yes,Yes,Month-to-Month,No,Bank Withdrawal,66.05,574.5,0.0,0,268.32,842.82,3,Stayed,No,59,4157,Not Applicable,Not Applicable,0,1,7–12 months,30–44,$35–$69.99,Core Value,7,2,No Referrals,Higher Contract Risk,2,Elevated,105.35,Protection Engaged,0.3800321603486077,True,False,False,False,False,False,False,False,Competitor-response retention,8,"Personalized device, data, speed, or value response based on customer needs",55.0
3956-MGXOG,Female,62,No,No,No,No,0,United States,California,Modesto,95350,37.671806,-121.007575,52872,Q3,No,0,28,No Offer,Yes,33.84,No,Yes,Fiber Optic,5,No,No,No,No,No,Yes,Yes,Yes,Month-to-Month,Yes,Bank Withdrawal,80.6,2244.95,0.0,0,947.52,3192.47,5,Stayed,No,70,2951,Not Applicable,Not Applicable,0,1,25–48 months,60–69,$70–$89.99,Emerging Value,5,0,No Referrals,Higher Contract Risk,3,High,114.02,Multi-Service,0.6104444394059324,True,False,False,False,False,True,True,False,Fiber quality and contract,5,Fiber diagnostics followed by a value-led contract-upgrade incentive,50.0
9274-UARKJ,Female,60,No,No,No,No,0,United States,California,Modesto,95351,37.621458,-121.012295,47536,Q3,No,0,15,No Offer,Yes,10.43,No,Yes,Fiber Optic,29,No,Yes,No,No,Yes,No,No,Yes,Month-to-Month,Yes,Bank Withdrawal,83.2,1130.0,0.0,0,156.45,1286.45,3,Stayed,No,36,4096,Not Applicable,Not Applicable,0,1,13–24 months,60–69,$70–$89.99,Core Value,5,1,No Referrals,Higher Contract Risk,3,High,85.76,Multi-Service,0.6237630287760766,True,False,False,False,False,True,True,False,Fiber quality and contract,5,Fiber diagnostics followed by a value-led contract-upgrade incentive,50.0
4860-IJUDE,Male,34,No,No,No,No,0,United States,California,Ripon,95366,37.750778,-121.13238,12646,Q3,No,0,13,No Offer,Yes,30.06,No,Yes,Fiber Optic,5,Yes,No,No,No,No,No,No,Yes,Month-to-Month,Yes,Credit Card,73.75,956.65,0.0,0,390.78,1347.43,3,Stayed,No,78,2070,Not Applicable,Not Applicable,0,1,13–24 months,30–44,$70–$89.99,Emerging Value,4,1,No Referrals,Higher Contract Risk,3,High,103.65,Basic Relationship,0.4228767320329603,True,False,False,False,False,True,True,False,Fiber quality and contract,5,Fiber diagnostics followed by a value-led contract-upgrade incentive,50.0
1100-DDVRV,Male,27,Yes,No,Yes,No,0,United States,California,Twain Harte,95383,38.107441,-120.230625,4848,Q3,Yes,1,17,No Offer,No,0.0,No,Yes,DSL,52,No,Yes,No,No,Yes,Yes,Yes,Yes,Month-to-Month,Yes,Credit Card,49.8,836.35,0.0,0,0.0,836.35,5,Stayed,No,24,5575,Not Applicable,Not Applicable,0,1,13–24 months,19–29,$35–$69.99,Premium Value,6,1,1–2 Referrals,Higher Contract Risk,2,Elevated,49.2,Advocate,0.7205486981282594,True,False,False,False,False,False,True,False,Support bundle and contract,6,Time-limited premium-support bundle with a longer-contract value option,45.0
6145-NNPNO,Female,45,No,No,No,No,0,United States,California,Santa Rosa,95404,38.526941,-122.709096,35057,Q3,No,0,1,Offer E,Yes,9.82,No,Yes,Cable,13,No,No,No,No,No,No,No,Yes,Month-to-Month,No,Bank Withdrawal,44.15,44.15,0.0,0,9.82,53.97,4,Joined,No,64,3103,Not Applicable,Not Applicable,0,1,1–6 months,45–59,$35–$69.99,Emerging Value,3,0,No Referrals,Higher Contract Risk,3,High,53.97,Basic Relationship,0.5352635082665961,True,False,False,True,False,False,True,False,Early onboarding,3,Structured 30/60/90-day onboarding support and service education,25.0
4329-YPDDQ,Male,40,No,No,No,No,0,United States,California,Cazadero,95421,38.578807,-123.19338,1575,Q3,No,0,20,No Offer,Yes,16.05,No,Yes,Fiber Optic,18,Yes,Yes,Yes,Yes,Yes,Yes,Yes,Yes,Month-to-Month,Yes,Bank Withdrawal,108.2,2203.7,0.0,0,321.0,2524.7,3,Stayed,No,67,2102,Not Applicable,Not Applicable,0,1,13–24 months,30–44,$90+,Emerging Value,10,4,No Referrals,Higher Contract Risk,3,High,126.23,Protection Engaged,0.5268921622648061,True,False,False,False,False,True,False,False,Fiber quality and contract,5,Fiber diagnostics followed by a value-led contract-upgrade incentive,50.0
2697-NQBPF,Male,51,No,No,No,No,0,United States,California,Fulton,95439,38.493888,-122.777141,476,Q3,No,0,34,No Offer,Yes,28.0,Yes,Yes,Fiber Optic,18,No,Yes,No,Yes,Yes,Yes,Yes,Yes,Month-to-Month,Yes,Bank Withdrawal,105.35,3540.65,0.0,0,952.0,4492.65,3,Stayed,No,74,5503,Not Applicable,Not Applicable,0,1,25–48 months,45–59,$90+,Premium Value,8,2,No Referrals,Higher Contract Risk,3,High,132.14,Protection Engaged,0.6034530400320415,True,True,False,False,False,True,False,False,High-value outreach,1,Dedicated retention specialist and personalized value-protection review,75.0
0599-XNYDO,Female,51,No,No,Yes,No,0,United States,California,Graton,95444,38.434362,-122.86891,390,Q3,No,0,20,No Offer,Yes,43.49,No,Yes,Fiber Optic,28,No,No,No,No,No,No,No,Yes,Month-to-Month,Yes,Bank Withdrawal,69.8,1540.35,0.0,0,869.8,2410.15,5,Stayed,No,33,5456,Not Applicable,Not Applicable,0,1,13–24 months,45–59,$35–$69.99,Premium Value,3,0,No Referrals,Higher Contract Risk,3,High,120.51,Basic Relationship,0.8585959912660273,True,True,False,False,False,True,True,False,High-value outreach,1,Dedicated retention specialist and personalized value-protection review,75.0
7766-CLTIC,Female,58,No,No,No,No,0,United States,California,Kenwood,95452,38.419525,-122.521585,1653,Q3,No,0,10,No Offer,Yes,8.35,No,Yes,Cable,29,No,No,No,Yes,No,Yes,Yes,Yes,Month-to-Month,Yes,Credit Card,60.95,629.55,0.0,0,83.5,713.05,3,Stayed,No,28,4323,Not Applicable,Not Applicable,0,1,7–12 months,45–59,$35–$69.99,Core Value,6,1,No Referrals,Higher Contract Risk,2,Elevated,71.3,Multi-Service,0.3740952698196091,True,False,False,False,False,False,False,False,Competitor-response retention,8,"Personalized device, data, speed, or value response based on customer needs",55.0
5650-YLIBA,Male,60,No,No,No,No,0,United States,California,Lakeport,95453,39.080469,-122.955176,11180,Q3,No,0,31,No Offer,Yes,42.05,Yes,Yes,Fiber Optic,12,No,Yes,No,No,No,No,No,Yes,Month-to-Month,Yes,Bank Withdrawal,81.15,2640.55,0.0,0,1303.55,3944.1,3,Stayed,No,25,3031,Not Applicable,Not Applicable,0,1,25–48 months,60–69,$70–$89.99,Emerging Value,4,1,No Referrals,Higher Contract Risk,3,High,127.23,Basic Relationship,0.5714529124745641,True,False,False,False,False,True,True,False,Fiber quality and contract,5,Fiber diagnostics followed by a value-led contract-upgrade incentive,50.0
5201-USSQZ,Female,56,No,No,Yes,No,0,United States,California,Monte Rio,95462,38.471049,-123.015549,1537,Q3,Yes,1,26,No Offer,Yes,42.26,No,Yes,Fiber Optic,2,No,No,No,Yes,No,Yes,Yes,Yes,Month-to-Month,No,Credit Card,85.9,2196.45,0.0,0,1098.76,3295.21,4,Stayed,No,67,4038,Not Applicable,Not Applicable,0,1,25–48 months,45–59,$70–$89.99,Core Value,6,1,1–2 Referrals,Higher Contract Risk,2,Elevated,126.74,Advocate,0.6167047591642183,True,False,False,False,False,True,False,False,Fiber quality and contract,5,Fiber diagnostics followed by a value-led contract-upgrade incentive,50.0
2105-PHWON,Female,41,No,No,Yes,No,0,United States,California,Navarro,95463,39.182916,-123.552571,148,Q3,Yes,1,33,No Offer,Yes,10.34,Yes,Yes,Fiber Optic,22,No,No,Yes,Yes,No,Yes,Yes,No,Month-to-Month,Yes,Credit Card,95.0,3008.15,0.0,60,341.22,3409.37,3,Stayed,No,76,4639,Not Applicable,Not Applicable,0,1,25–48 months,30–44,$90+,High Value,6,2,1–2 Referrals,Higher Contract Risk,3,High,103.31,Advocate,0.7049970155503795,True,True,False,False,False,True,False,False,High-value outreach,1,Dedicated retention specialist and personalized value-protection review,75.0
2432-TFSMK,Male,43,No,No,No,No,0,United States,California,Sebastopol,95472,38.398815,-122.861923,31266,Q3,No,0,18,No Offer,Yes,34.78,Yes,Yes,Fiber Optic,2,No,No,Yes,No,Yes,No,No,Yes,One Year,Yes,Credit Card,89.6,1633.0,0.0,0,626.04,2259.04,3,Stayed,No,36,2269,Not Applicable,Not Applicable,0,1,13–24 months,30–44,$70–$89.99,Emerging Value,5,1,No Referrals,Moderate Contract Risk,2,Elevated,125.5,Multi-Service,0.3618631299762432,True,False,False,False,False,False,False,False,Competitor-response retention,8,"Personalized device, data, speed, or value response based on customer needs",55.0
3932-IJWDZ,Male,51,No,No,No,No,0,United States,California,Willits,95490,39.492046,-123.375818,13472,Q3,No,0,45,Offer B,Yes,24.75,Yes,Yes,Fiber Optic,13,No,No,Yes,Yes,Yes,Yes,Yes,Yes,Month-to-Month,Yes,Bank Withdrawal,103.65,4747.85,0.0,0,1113.75,5861.6,5,Stayed,No,21,2183,Not Applicable,Not Applicable,0,1,25–48 months,45–59,$90+,Emerging Value,8,2,No Referrals,Higher Contract Risk,3,High,130.26,Protection Engaged,0.5112308362213763,True,False,False,False,False,True,False,False,Fiber quality and contract,5,Fiber diagnostics followed by a value-led contract-upgrade incentive,50.0
3594-KADLU,Male,33,No,No,Yes,No,0,United States,California,Witter Springs,95493,39.222323,-122.985488,240,Q3,Yes,3,3,Offer E,No,0.0,No,Yes,Cable,25,Yes,No,No,Yes,No,No,No,Yes,Month-to-Month,No,Credit Card,35.1,101.1,0.0,0,0.0,101.1,3,Joined,No,35,3610,Not Applicable,Not Applicable,0,1,1–6 months,30–44,$35–$69.99,Core Value,4,2,3–5 Referrals,Higher Contract Risk,2,Elevated,33.7,Advocate,0.3512109122648181,True,False,False,True,False,False,False,False,Early onboarding,3,Structured 30/60/90-day onboarding support and service education,25.0
0311-QYWSS,Female,63,No,No,No,No,0,United States,California,Garberville,95542,40.057784,-123.679461,2423,Q3,No,0,6,No Offer,Yes,39.16,No,Yes,DSL,8,Yes,No,No,No,No,No,No,Yes,Month-to-Month,Yes,Bank Withdrawal,49.45,314.6,0.0,0,234.96,549.56,3,Stayed,No,60,3672,Not Applicable,Not Applicable,0,1,1–6 months,60–69,$35–$69.99,Core Value,4,1,No Referrals,Higher Contract Risk,3,High,91.59,Basic Relationship,0.3868846954353114,True,False,False,True,False,False,True,False,Early onboarding,3,Structured 30/60/90-day onboarding support and service education,25.0
8705-DWKTI,Male,58,No,No,No,No,0,United States,California,Gasquet,95543,41.867908,-123.794144,532,Q3,No,0,52,No Offer,Yes,5.92,No,Yes,Fiber Optic,23,No,No,Yes,No,No,Yes,Yes,No,Month-to-Month,Yes,Credit Card,83.8,4331.4,0.0,70,307.84,4709.24,3,Stayed,No,40,6339,Not Applicable,Not Applicable,0,1,49–72 months,45–59,$70–$89.99,Premium Value,5,1,No Referrals,Higher Contract Risk,3,High,90.56,Multi-Service,0.3255003414408806,True,True,False,False,False,True,True,False,High-value outreach,1,Dedicated retention specialist and personalized value-protection review,75.0
1230-QAJDW,Male,32,No,No,No,No,0,United States,California,Somes Bar,95568,41.444606,-123.471895,202,Q3,No,0,3,No Offer,Yes,42.68,Yes,Yes,Cable,27,No,No,No,Yes,Yes,No,No,Yes,Month-to-Month,Yes,Credit Card,65.25,209.9,0.0,0,128.04,337.94,5,Joined,No,43,2562,Not Applicable,Not Applicable,0,1,1–6 months,30–44,$35–$69.99,Emerging Value,5,1,No Referrals,Higher Contract Risk,2,Elevated,112.65,Multi-Service,0.5000576135864817,True,False,False,True,False,False,False,False,Early onboarding,3,Structured 30/60/90-day onboarding support and service education,25.0
5032-MIYKT,Female,19,Yes,No,No,No,0,United States,California,Weott,95571,40.310119,-123.909449,270,Q3,No,0,1,No Offer,Yes,38.81,No,Yes,Fiber Optic,52,No,No,No,No,No,No,Yes,Yes,Month-to-Month,Yes,Credit Card,70.7,70.7,0.0,0,38.81,109.51,3,Joined,No,28,4056,Not Applicable,Not Applicable,0,1,1–6 months,19–29,$70–$89.99,Core Value,4,0,No Referrals,Higher Contract Risk,4,Very High,109.51,Basic Relationship,0.5741263281313642,True,False,True,True,False,True,True,False,Early fiber assurance,2,"First-90-day fiber service-health check, rapid issue resolution, and plan review",40.0
9717-QEBGU,Male,51,No,No,No,No,0,United States,California,Leggett,95585,39.873371,-123.741474,321,Q3,No,0,2,Offer E,Yes,1.57,No,Yes,Fiber Optic,26,No,No,No,No,No,No,No,Yes,Month-to-Month,Yes,Bank Withdrawal,70.3,144.0,0.0,0,3.14,147.14,4,Joined,No,37,2980,Not Applicable,Not Applicable,0,1,1–6 months,45–59,$70–$89.99,Emerging Value,3,0,No Referrals,Higher Contract Risk,4,Very High,73.57,Basic Relationship,0.7503041026601347,True,False,True,True,False,True,True,False,Early fiber assurance,2,"First-90-day fiber service-health check, rapid issue resolution, and plan review",40.0
5537-UXXVS,Female,49,No,No,Yes,No,0,United States,California,Citrus Heights,95621,38.69549,-121.307864,41636,Q3,No,0,20,Offer D,Yes,48.03,No,No,No Internet,0,No,No,No,No,No,No,No,No,Month-to-Month,No,Bank Withdrawal,19.25,375.25,0.0,0,960.6,1335.85,3,Stayed,No,68,4137,Not Applicable,Not Applicable,0,1,13–24 months,45–59,Under $35,Core Value,1,0,No Referrals,Higher Contract Risk,2,Elevated,66.79,Basic Relationship,0.3329387903725362,True,False,False,False,False,False,True,False,Support bundle and contract,6,Time-limited premium-support bundle with a longer-contract value option,45.0
9360-OMDZZ,Male,60,No,No,No,No,0,United States,California,Herald,95638,38.313447,-121.123886,1745,Q3,No,0,24,Offer C,Yes,30.42,Yes,Yes,Fiber Optic,14,No,No,No,No,Yes,Yes,Yes,No,Month-to-Month,Yes,Bank Withdrawal,94.1,2322.85,0.0,110,730.08,3162.93,3,Stayed,No,69,3192,Not Applicable,Not Applicable,0,1,13–24 months,60–69,$90+,Emerging Value,5,0,No Referrals,Higher Contract Risk,4,Very High,131.79,Multi-Service,0.7181115642251337,True,False,False,False,False,True,True,False,Fiber quality and contract,5,Fiber diagnostics followed by a value-led contract-upgrade incentive,50.0
5365-LLFYV,Female,43,No,No,No,No,0,United States,California,Penryn,95663,38.859093,-121.182872,2048,Q3,No,0,2,Offer E,Yes,5.47,No,Yes,DSL,29,No,No,No,No,No,No,No,Yes,Month-to-Month,Yes,Credit Card,45.85,105.6,0.0,0,10.94,116.54,3,Joined,No,65,2245,Not Applicable,Not Applicable,0,1,1–6 months,30–44,$35–$69.99,Emerging Value,3,0,No Referrals,Higher Contract Risk,3,High,58.27,Basic Relationship,0.4723459498044973,True,False,False,True,False,False,True,False,Early onboarding,3,Structured 30/60/90-day onboarding support and service education,25.0
1928-BXYIV,Male,47,No,No,No,No,0,United States,California,Placerville,95667,38.733714,-120.795213,34146,Q3,No,0,1,Offer E,Yes,17.07,Yes,Yes,DSL,3,Yes,Yes,No,No,No,No,No,Yes,Month-to-Month,No,Bank Withdrawal,61.15,61.15,0.0,0,17.07,78.22,4,Joined,No,28,4592,Not Applicable,Not Applicable,0,1,1–6 months,45–59,$35–$69.99,High Value,5,2,No Referrals,Higher Contract Risk,3,High,78.22,Protection Engaged,0.5028542041442593,True,True,False,True,False,False,True,False,High-value outreach,1,Dedicated retention specialist and personalized value-protection review,75.0
5760-FXFVO,Male,55,No,No,No,No,0,United States,California,Pleasant Grove,95668,38.833554,-121.498102,901,Q3,No,0,6,Offer E,Yes,29.52,No,Yes,Fiber Optic,28,Yes,Yes,No,No,No,No,No,Yes,Month-to-Month,Yes,Bank Withdrawal,78.95,494.95,0.0,0,177.12,672.07,3,Stayed,No,35,4093,Not Applicable,Not Applicable,0,1,1–6 months,45–59,$70–$89.99,Core Value,5,2,No Referrals,Higher Contract Risk,4,Very High,112.01,Protection Engaged,0.613874140410775,True,False,True,True,False,True,True,False,Early fiber assurance,2,"First-90-day fiber service-health check, rapid issue resolution, and plan review",40.0
3088-LHEFH,Female,28,Yes,No,No,No,0,United States,California,Pollock Pines,95726,38.733908,-120.453416,8577,Q3,No,0,11,Offer D,Yes,10.06,Yes,Yes,Fiber Optic,48,Yes,No,No,No,No,No,No,Yes,Month-to-Month,Yes,Bank Withdrawal,79.0,929.3,0.0,0,110.66,1039.96,3,Stayed,No,33,3885,Not Applicable,Not Applicable,0,1,7–12 months,19–29,$70–$89.99,Core Value,4,1,No Referrals,Higher Contract Risk,4,Very High,94.54,Basic Relationship,0.4604282627123094,True,False,True,False,False,True,True,False,Early fiber assurance,2,"First-90-day fiber service-health check, rapid issue resolution, and plan review",40.0
8849-AYPTR,Male,55,No,No,Yes,No,0,United States,California,Sacramento,95819,38.567594,-121.437507,15975,Q3,Yes,1,33,Offer C,Yes,26.8,No,Yes,Fiber Optic,17,No,No,No,No,Yes,Yes,Yes,No,Month-to-Month,No,Bank Withdrawal,91.25,2964.05,0.0,130,884.4,3978.45,5,Stayed,No,57,3296,Not Applicable,Not Applicable,0,1,25–48 months,45–59,$90+,Emerging Value,5,0,1–2 Referrals,Higher Contract Risk,4,Very High,120.56,Advocate,0.7829267022296182,True,False,False,False,False,True,True,False,Fiber quality and contract,5,Fiber diagnostics followed by a value-led contract-upgrade incentive,50.0
0018-NYROU,Female,58,No,No,Yes,No,0,United States,California,Antelope,95843,38.715498,-121.363411,36432,Q3,No,0,5,No Offer,Yes,18.65,No,Yes,Fiber Optic,10,No,No,No,No,No,No,No,Yes,Month-to-Month,Yes,Bank Withdrawal,68.95,351.5,0.0,0,93.25,444.75,3,Stayed,No,57,5536,Not Applicable,Not Applicable,0,1,1–6 months,45–59,$35–$69.99,Premium Value,3,0,No Referrals,Higher Contract Risk,4,Very High,88.95,Basic Relationship,0.9020567512265264,True,True,True,True,False,True,True,False,High-value outreach,1,Dedicated retention specialist and personalized value-protection review,75.0
5895-QSXOD,Male,42,No,No,No,No,0,United States,California,Alleghany,95910,39.467828,-120.841386,118,Q3,No,0,9,No Offer,Yes,48.25,No,Yes,Fiber Optic,24,No,No,No,No,No,No,No,Yes,Month-to-Month,No,Credit Card,70.05,657.5,0.0,0,434.25,1091.75,3,Stayed,No,63,3522,Not Applicable,Not Applicable,0,1,7–12 months,30–44,$70–$89.99,Core Value,3,0,No Referrals,Higher Contract Risk,4,Very High,121.31,Basic Relationship,0.4552114528891177,True,False,True,False,False,True,True,False,Early fiber assurance,2,"First-90-day fiber service-health check, rapid issue resolution, and plan review",40.0
6175-IRFIT,Male,32,No,No,No,No,0,United States,California,Bangor,95914,39.396585,-121.38029,626,Q3,No,0,5,No Offer,Yes,32.91,No,Yes,Fiber Optic,24,No,No,No,No,No,Yes,Yes,No,Month-to-Month,No,Credit Card,78.75,426.35,0.0,10,164.55,600.9,5,Stayed,No,66,2610,Not Applicable,Not Applicable,0,1,1–6 months,30–44,$70–$89.99,Emerging Value,4,0,No Referrals,Higher Contract Risk,4,Very High,120.18,Basic Relationship,0.5055814980439999,True,False,True,True,False,True,True,False,Early fiber assurance,2,"First-90-day fiber service-health check, rapid issue resolution, and plan review",40.0
5542-DHSXL,Female,36,No,No,Yes,No,0,United States,California,Butte City,95920,39.449794,-121.936372,303,Q3,Yes,2,4,No Offer,Yes,6.77,No,Yes,Cable,3,Yes,Yes,No,No,No,No,No,Yes,Month-to-Month,No,Credit Card,54.7,235.05,0.0,0,27.08,262.13,4,Stayed,No,37,3475,Not Applicable,Not Applicable,0,1,1–6 months,30–44,$35–$69.99,Core Value,5,2,1–2 Referrals,Higher Contract Risk,3,High,65.53,Advocate,0.3765458991984073,True,False,False,True,False,False,True,False,Early onboarding,3,Structured 30/60/90-day onboarding support and service education,25.0
3717-LNXKW,Male,36,No,No,Yes,No,0,United States,California,Glenn,95943,39.597975,-122.032248,1454,Q3,Yes,3,38,No Offer,Yes,12.71,Yes,Yes,Fiber Optic,9,Yes,No,No,No,Yes,No,No,Yes,Month-to-Month,No,Bank Withdrawal,91.7,3479.05,0.0,0,482.98,3962.03,3,Stayed,No,36,3676,Not Applicable,Not Applicable,0,1,25–48 months,30–44,$90+,Core Value,5,1,3–5 Referrals,Higher Contract Risk,4,Very High,104.26,Advocate,0.4941831089133912,True,False,False,False,False,True,True,False,Fiber quality and contract,5,Fiber diagnostics followed by a value-led contract-upgrade incentive,50.0
0921-OHLVP,Male,35,No,No,No,No,0,United States,California,Paradise,95969,39.69676,-121.644379,28318,Q3,No,0,22,Offer D,Yes,11.46,Yes,Yes,Fiber Optic,16,No,No,No,No,No,Yes,Yes,Yes,Month-to-Month,No,Bank Withdrawal,83.05,1799.3,0.0,0,252.12,2051.42,4,Stayed,No,59,5357,Not Applicable,Not Applicable,0,1,13–24 months,30–44,$70–$89.99,High Value,5,0,No Referrals,Higher Contract Risk,3,High,93.25,Multi-Service,0.4671795507506476,True,True,False,False,False,True,True,False,High-value outreach,1,Dedicated retention specialist and personalized value-protection review,75.0
1600-DILPE,Female,47,No,No,No,No,0,United States,California,Richvale,95974,39.495768,-121.747472,74,Q3,No,0,12,No Offer,Yes,36.11,No,Yes,DSL,13,No,No,No,No,No,No,No,Yes,Month-to-Month,Yes,Bank Withdrawal,45.0,524.35,0.0,0,433.32,957.67,3,Stayed,No,35,4998,Not Applicable,Not Applicable,0,1,7–12 months,45–59,$35–$69.99,High Value,3,0,No Referrals,Higher Contract Risk,3,High,79.81,Basic Relationship,0.4291224261799529,True,True,False,False,False,False,True,False,High-value outreach,1,Dedicated retention specialist and personalized value-protection review,75.0
2360-RDGRO,Male,48,No,No,Yes,No,0,United States,California,Sutter,95982,39.172777,-121.805845,3193,Q3,Yes,4,65,No Offer,Yes,41.2,Yes,Yes,Fiber Optic,10,Yes,No,Yes,No,Yes,Yes,Yes,Yes,Month-to-Month,Yes,Bank Withdrawal,104.25,6812.95,0.0,0,2678.0,9490.95,3,Stayed,No,70,5089,Not Applicable,Not Applicable,0,1,49–72 months,45–59,$90+,High Value,8,2,3–5 Referrals,Higher Contract Risk,4,Very High,146.01,Advocate,0.321360673522454,True,True,False,False,False,True,True,False,High-value outreach,1,Dedicated retention specialist and personalized value-protection review,75.0
9058-MJLZC,Female,37,No,No,No,No,0,United States,California,Yuba City,95991,39.02741,-121.614982,34967,Q3,No,0,24,No Offer,Yes,35.56,No,Yes,Fiber Optic,3,Yes,No,No,No,Yes,Yes,Yes,Yes,Month-to-Month,Yes,Bank Withdrawal,94.6,2283.15,0.0,0,853.44,3136.59,3,Stayed,No,42,3667,Not Applicable,Not Applicable,0,1,13–24 months,30–44,$90+,Core Value,7,1,No Referrals,Higher Contract Risk,4,Very High,130.69,Multi-Service,0.6284672493533869,True,False,False,False,False,True,True,False,Fiber quality and contract,5,Fiber diagnostics followed by a value-led contract-upgrade incentive,50.0
8993-IZEUX,Male,54,No,No,No,No,0,United States,California,Adin,96006,41.171578,-120.913161,615,Q3,No,0,7,No Offer,Yes,21.12,No,Yes,Fiber Optic,7,No,No,No,No,No,No,No,Yes,Month-to-Month,No,Bank Withdrawal,69.15,488.65,0.0,0,147.84,636.49,3,Stayed,No,20,4320,Not Applicable,Not Applicable,0,1,7–12 months,45–59,$35–$69.99,Core Value,3,0,No Referrals,Higher Contract Risk,4,Very High,90.93,Basic Relationship,0.5737303310602604,True,False,True,False,False,True,True,False,Early fiber assurance,2,"First-90-day fiber service-health check, rapid issue resolution, and plan review",40.0
1355-KUSBG,Female,56,No,No,Yes,Yes,2,United States,California,Fall River Mills,96028,41.017282,-121.468945,1902,Q3,Yes,1,7,Offer E,Yes,9.1,Yes,Yes,DSL,28,No,No,No,No,No,No,No,Yes,Month-to-Month,No,Bank Withdrawal,48.8,349.8,0.0,0,63.7,413.5,4,Stayed,No,51,4785,Not Applicable,Not Applicable,0,1,7–12 months,45–59,$35–$69.99,High Value,3,0,1–2 Referrals,Higher Contract Risk,3,High,59.07,Advocate,0.4677579817927165,True,True,False,False,False,False,True,False,High-value outreach,1,Dedicated retention specialist and personalized value-protection review,75.0
3688-FTHLT,Female,56,No,No,No,No,0,United States,California,Flournoy,96029,39.84784,-122.544556,84,Q3,No,0,16,No Offer,Yes,42.73,Yes,Yes,DSL,23,No,No,No,No,No,Yes,Yes,No,Month-to-Month,Yes,Bank Withdrawal,63.05,1067.05,0.0,10,683.68,1760.73,3,Stayed,No,73,3214,Not Applicable,Not Applicable,0,1,13–24 months,45–59,$35–$69.99,Emerging Value,4,0,No Referrals,Higher Contract Risk,2,Elevated,110.05,Basic Relationship,0.5686578659032169,True,False,False,False,False,False,True,False,Support bundle and contract,6,Time-limited premium-support bundle with a longer-contract value option,45.0
1384-RCUXW,Male,58,No,No,No,No,0,United States,California,French Gulch,96033,40.740138,-122.587476,373,Q3,No,0,16,No Offer,Yes,34.18,Yes,Yes,Fiber Optic,8,No,Yes,No,No,No,No,No,Yes,Month-to-Month,Yes,Credit Card,80.55,1248.9,0.0,0,546.88,1795.78,4,Stayed,No,24,5183,Not Applicable,Not Applicable,0,1,13–24 months,45–59,$70–$89.99,High Value,4,1,No Referrals,Higher Contract Risk,3,High,112.24,Basic Relationship,0.5616117245223683,True,True,False,False,False,True,True,False,High-value outreach,1,Dedicated retention specialist and personalized value-protection review,75.0
7869-ZYDST,Male,33,No,No,Yes,No,0,United States,California,Hyampom,96046,40.648024,-123.465088,268,Q3,No,0,31,No Offer,Yes,28.72,Yes,Yes,Cable,21,No,No,No,No,Yes,No,No,Yes,Month-to-Month,Yes,Credit Card,59.05,1882.8,0.0,0,890.32,2773.12,5,Stayed,No,59,5841,Not Applicable,Not Applicable,0,1,25–48 months,30–44,$35–$69.99,Premium Value,4,0,No Referrals,Higher Contract Risk,2,Elevated,89.46,Basic Relationship,0.7462736108828137,True,False,False,False,False,False,True,False,Support bundle and contract,6,Time-limited premium-support bundle with a longer-contract value option,45.0
0114-PEGZZ,Female,39,No,No,No,No,0,United States,California,Round Mountain,96084,40.923558,-122.059933,459,Q3,No,0,33,No Offer,Yes,49.69,Yes,Yes,Fiber Optic,12,No,Yes,Yes,No,Yes,Yes,Yes,Yes,Month-to-Month,No,Bank Withdrawal,107.55,3645.5,0.0,0,1639.77,5285.27,3,Stayed,No,33,4800,Not Applicable,Not Applicable,0,1,25–48 months,30–44,$90+,High Value,8,2,No Referrals,Higher Contract Risk,4,Very High,160.16,Protection Engaged,0.6751083650497396,True,True,False,False,False,True,True,False,High-value outreach,1,Dedicated retention specialist and personalized value-protection review,75.0
3420-YJLQT,Female,45,No,No,No,No,0,United States,California,Alturas,96101,41.468877,-120.54229,5096,Q3,No,0,2,Offer E,Yes,25.56,Yes,Yes,Fiber Optic,6,No,Yes,No,No,No,No,No,Yes,Month-to-Month,No,Bank Withdrawal,79.55,151.75,0.0,0,51.12,202.87,4,Joined,No,24,5965,Not Applicable,Not Applicable,0,1,1–6 months,45–59,$70–$89.99,Premium Value,4,1,No Referrals,Higher Contract Risk,4,Very High,101.44,Basic Relationship,0.7299521763401544,True,True,True,True,False,True,True,False,High-value outreach,1,Dedicated retention specialist and personalized value-protection review,75.0
8180-AKMJV,Female,27,Yes,No,No,No,0,United States,California,Litchfield,96117,40.507272,-120.338228,385,Q3,No,0,1,Offer E,Yes,23.04,No,Yes,Cable,82,No,No,No,No,No,No,No,Yes,Month-to-Month,Yes,Credit Card,44.55,44.55,0.0,0,23.04,67.59,5,Joined,No,45,5825,Not Applicable,Not Applicable,0,1,1–6 months,19–29,$35–$69.99,Premium Value,3,0,No Referrals,Higher Contract Risk,3,High,67.59,Basic Relationship,0.460096797513201,True,True,False,True,False,False,True,False,High-value outreach,1,Dedicated retention specialist and personalized value-protection review,75.0
4298-OYIFC,Male,59,No,No,Yes,No,0,United States,California,Loyalton,96118,39.637471,-120.226338,1822,Q3,Yes,1,15,No Offer,Yes,18.6,Yes,Yes,Fiber Optic,13,No,No,Yes,Yes,Yes,Yes,Yes,No,Month-to-Month,Yes,Bank Withdrawal,103.45,1539.8,0.0,140,279.0,1958.8,5,Stayed,No,53,5640,Not Applicable,Not Applicable,0,1,13–24 months,45–59,$90+,Premium Value,7,2,1–2 Referrals,Higher Contract Risk,3,High,130.59,Advocate,0.9052643202195142,True,True,False,False,False,True,False,False,High-value outreach,1,Dedicated retention specialist and personalized value-protection review,75.0
3446-QDSZF,Female,57,No,No,No,No,0,United States,California,Homewood,96141,39.117018,-120.212535,858,Q3,No,0,4,Offer E,Yes,38.96,No,Yes,DSL,10,No,No,No,No,Yes,No,No,Yes,Month-to-Month,No,Credit Card,55.5,227.35,0.0,0,155.84,383.19,4,Stayed,No,66,2328,Not Applicable,Not Applicable,0,1,1–6 months,45–59,$35–$69.99,Emerging Value,4,0,No Referrals,Higher Contract Risk,3,High,95.8,Basic Relationship,0.4735858221418651,True,False,False,True,False,False,True,False,Early onboarding,3,Structured 30/60/90-day onboarding support and service education,25.0
7379-FNIUJ,Male,49,No,No,No,No,0,United States,California,Olympic Valley,96146,39.191797,-120.212401,942,Q3,No,0,2,Offer E,Yes,22.56,No,Yes,Fiber Optic,15,Yes,Yes,No,No,Yes,Yes,Yes,No,Month-to-Month,No,Bank Withdrawal,100.2,198.5,0.0,10,45.12,253.62,3,Joined,No,23,4855,Not Applicable,Not Applicable,0,1,1–6 months,45–59,$90+,High Value,7,2,No Referrals,Higher Contract Risk,5,Very High,126.81,Protection Engaged,0.7122658331025754,True,True,True,True,False,True,True,False,High-value outreach,1,Dedicated retention specialist and personalized value-protection review,75.0
2694-CIUMO,Female,47,No,No,No,No,0,United States,California,Los Angeles,90033,34.050198,-118.210946,49431,Q3,No,0,12,Offer D,Yes,21.93,Yes,Yes,Fiber Optic,16,No,No,No,Yes,No,No,No,Yes,Month-to-Month,Yes,Credit Card,79.55,958.25,0.0,0,263.16,1221.41,3,Stayed,No,62,3445,Not Applicable,Not Applicable,0,1,7–12 months,45–59,$70–$89.99,Emerging Value,4,1,No Referrals,Higher Contract Risk,3,High,101.78,Basic Relationship,0.3760871575811554,True,False,True,False,False,True,False,False,Early fiber assurance,2,"First-90-day fiber service-health check, rapid issue resolution, and plan review",40.0
4647-XXZAM,Female,41,No,No,Yes,Yes,1,United States,California,Los Angeles,90037,34.002642,-118.287596,56709,Q3,Yes,1,6,No Offer,Yes,29.41,No,Yes,DSL,29,No,No,No,No,No,No,No,Yes,Month-to-Month,No,Credit Card,45.5,285.2,0.0,0,176.46,461.66,4,Stayed,No,51,5450,Not Applicable,Not Applicable,0,1,1–6 months,30–44,$35–$69.99,Premium Value,3,0,1–2 Referrals,Higher Contract Risk,3,High,76.94,Advocate,0.3907670200196228,True,True,False,True,False,False,True,False,High-value outreach,1,Dedicated retention specialist and personalized value-protection review,75.0
8118-TJAFG,Male,33,No,No,Yes,Yes,1,United States,California,Gardena,90247,33.890853,-118.297967,47758,Q3,Yes,1,9,No Offer,Yes,36.94,No,Yes,Fiber Optic,16,No,Yes,No,Yes,Yes,Yes,Yes,Yes,Month-to-Month,Yes,Bank Withdrawal,101.5,906.85,0.0,0,332.46,1239.31,3,Stayed,No,60,2757,Not Applicable,Not Applicable,0,1,7–12 months,30–44,$90+,Emerging Value,8,2,1–2 Referrals,Higher Contract Risk,4,Very High,137.7,Advocate,0.7921705231122792,True,False,True,False,False,True,False,False,Early fiber assurance,2,"First-90-day fiber service-health check, rapid issue resolution, and plan review",40.0
5429-LWCMV,Female,52,No,No,No,No,0,United States,California,Gardena,90248,33.876482,-118.284077,9960,Q3,No,0,12,Offer D,Yes,34.73,Yes,Yes,Fiber Optic,6,No,Yes,No,No,No,Yes,Yes,No,Month-to-Month,Yes,Bank Withdrawal,89.15,1057.55,0.0,70,416.76,1544.31,5,Stayed,No,80,4041,Not Applicable,Not Applicable,0,1,7–12 months,45–59,$70–$89.99,Core Value,5,1,No Referrals,Higher Contract Risk,4,Very High,128.69,Multi-Service,0.6225487419951033,True,False,True,False,False,True,True,False,Early fiber assurance,2,"First-90-day fiber service-health check, rapid issue resolution, and plan review",40.0
3955-JBZZM,Male,45,No,No,No,No,0,United States,California,Hermosa Beach,90254,33.86532,-118.396336,18693,Q3,No,0,20,Offer D,Yes,45.39,No,Yes,Fiber Optic,24,No,No,No,No,Yes,No,No,Yes,Month-to-Month,No,Bank Withdrawal,78.8,1641.3,0.0,0,907.8,2549.1,3,Stayed,No,80,2317,Not Applicable,Not Applicable,0,1,13–24 months,45–59,$70–$89.99,Emerging Value,4,0,No Referrals,Higher Contract Risk,3,High,127.46,Basic Relationship,0.4222736973864706,True,False,False,False,False,True,True,False,Fiber quality and contract,5,Fiber diagnostics followed by a value-led contract-upgrade incentive,50.0
9927-DSWDF,Male,53,No,No,Yes,No,0,United States,California,Palos Verdes Peninsula,90274,33.788208,-118.404955,24979,Q3,Yes,1,22,Offer D,Yes,49.66,No,Yes,Fiber Optic,3,Yes,Yes,No,Yes,Yes,Yes,Yes,Yes,Month-to-Month,Yes,Bank Withdrawal,104.6,2180.55,0.0,0,1092.52,3273.07,3,Stayed,No,68,2429,Not Applicable,Not Applicable,0,1,13–24 months,45–59,$90+,Emerging Value,9,3,1–2 Referrals,Higher Contract Risk,3,High,148.78,Advocate,0.6578624973567506,True,False,False,False,False,True,False,False,Fiber quality and contract,5,Fiber diagnostics followed by a value-led contract-upgrade incentive,50.0
7252-NTGSS,Female,43,No,No,No,No,0,United States,California,Redondo Beach,90277,33.830453,-118.384565,34191,Q3,No,0,1,No Offer,Yes,42.34,No,Yes,DSL,10,No,No,No,No,No,No,No,Yes,Month-to-Month,No,Credit Card,45.15,45.15,0.0,0,42.34,87.49,3,Joined,No,48,4131,Not Applicable,Not Applicable,0,1,1–6 months,30–44,$35–$69.99,Core Value,3,0,No Referrals,Higher Contract Risk,3,High,87.49,Basic Relationship,0.3284381970101604,True,False,False,True,False,False,True,False,Early onboarding,3,Structured 30/60/90-day onboarding support and service education,25.0
4828-FAZPK,Female,30,No,No,Yes,Yes,2,United States,California,Inglewood,90301,33.956445,-118.358634,37527,Q3,Yes,1,16,Offer D,Yes,49.85,Yes,Yes,Fiber Optic,69,No,Yes,No,No,No,No,No,Yes,Month-to-Month,Yes,Credit Card,79.95,1267.95,0.0,0,797.6,2065.55,4,Stayed,No,65,3855,Not Applicable,Not Applicable,0,1,13–24 months,30–44,$70–$89.99,Core Value,4,1,1–2 Referrals,Higher Contract Risk,3,High,129.1,Advocate,0.3390692068691597,True,False,False,False,False,True,True,False,Fiber quality and contract,5,Fiber diagnostics followed by a value-led contract-upgrade incentive,50.0
7354-OIJLX,Male,52,No,No,No,No,0,United States,California,Inglewood,90305,33.958134,-118.330905,13779,Q3,No,0,9,Offer E,Yes,7.32,Yes,Yes,Fiber Optic,11,No,No,No,No,No,No,No,Yes,Month-to-Month,Yes,Bank Withdrawal,75.85,724.65,0.0,0,65.88,790.53,5,Stayed,No,70,5212,Not Applicable,Not Applicable,0,1,7–12 months,45–59,$70–$89.99,High Value,3,0,No Referrals,Higher Contract Risk,4,Very High,87.84,Basic Relationship,0.7869468963724189,True,True,True,False,False,True,True,False,High-value outreach,1,Dedicated retention specialist and personalized value-protection review,75.0
1746-TGTWV,Male,32,No,No,Yes,No,0,United States,California,Whittier,90604,33.929704,-118.01208,37887,Q3,Yes,1,1,Offer E,Yes,38.89,No,Yes,Fiber Optic,9,No,No,Yes,No,No,No,No,Yes,Month-to-Month,No,Credit Card,75.35,75.35,0.0,0,38.89,114.24,5,Joined,No,70,3514,Not Applicable,Not Applicable,0,1,1–6 months,30–44,$70–$89.99,Core Value,4,1,1–2 Referrals,Higher Contract Risk,4,Very High,114.24,Advocate,0.8274029555940533,True,False,True,True,False,True,True,False,Early fiber assurance,2,"First-90-day fiber service-health check, rapid issue resolution, and plan review",40.0
2507-QZPQS,Male,24,Yes,No,No,No,0,United States,California,La Mirada,90638,33.902045,-118.008961,47568,Q3,No,0,15,No Offer,Yes,9.97,Yes,Yes,Fiber Optic,47,No,Yes,No,Yes,No,Yes,Yes,Yes,Month-to-Month,No,Bank Withdrawal,95.7,1451.1,0.0,0,149.55,1600.65,5,Stayed,No,23,4999,Not Applicable,Not Applicable,0,1,13–24 months,19–29,$90+,High Value,7,2,No Referrals,Higher Contract Risk,3,High,106.71,Protection Engaged,0.5495576707675701,True,True,False,False,False,True,False,False,High-value outreach,1,Dedicated retention specialist and personalized value-protection review,75.0
6591-QGOYB,Male,29,Yes,No,No,No,0,United States,California,Surfside,90743,33.728273,-118.085304,174,Q3,No,0,17,No Offer,Yes,38.78,Yes,Yes,Fiber Optic,59,Yes,Yes,Yes,Yes,Yes,No,No,Yes,Month-to-Month,Yes,Bank Withdrawal,106.65,1672.1,0.0,0,659.26,2331.36,3,Stayed,No,25,2754,Not Applicable,Not Applicable,0,1,13–24 months,19–29,$90+,Emerging Value,8,4,No Referrals,Higher Contract Risk,3,High,137.14,Protection Engaged,0.5763528211847406,True,False,False,False,False,True,False,False,Fiber quality and contract,5,Fiber diagnostics followed by a value-led contract-upgrade incentive,50.0
8541-QVFKM,Female,22,Yes,No,No,No,0,United States,California,Long Beach,90807,33.830099,-118.182239,31556,Q3,No,0,8,No Offer,Yes,17.3,Yes,Yes,Fiber Optic,41,No,No,No,No,No,No,No,Yes,Month-to-Month,Yes,Bank Withdrawal,73.5,632.2,0.0,0,138.4,770.6,3,Stayed,No,61,5777,Not Applicable,Not Applicable,0,1,7–12 months,19–29,$70–$89.99,Premium Value,3,0,No Referrals,Higher Contract Risk,4,Very High,96.32,Basic Relationship,0.6795412954141336,True,True,True,False,False,True,True,False,High-value outreach,1,Dedicated retention specialist and personalized value-protection review,75.0
6034-YMTOB,Female,62,No,No,No,No,0,United States,California,Arcadia,91007,34.128284,-118.047732,30933,Q3,No,0,5,No Offer,Yes,29.75,No,Yes,Fiber Optic,6,No,No,No,Yes,No,No,No,Yes,Month-to-Month,Yes,Credit Card,75.65,399.45,0.0,0,148.75,548.2,5,Stayed,No,40,2296,Not Applicable,Not Applicable,0,1,1–6 months,60–69,$70–$89.99,Emerging Value,4,1,No Referrals,Higher Contract Risk,3,High,109.64,Basic Relationship,0.5008221825484104,True,False,True,True,False,True,False,False,Early fiber assurance,2,"First-90-day fiber service-health check, rapid issue resolution, and plan review",40.0
0620-DLSLK,Female,47,No,No,No,No,0,United States,California,Pasadena,91103,34.167465,-118.165327,27891,Q3,No,0,13,No Offer,Yes,34.18,No,Yes,Fiber Optic,19,No,No,No,No,Yes,No,No,Yes,Month-to-Month,Yes,Credit Card,81.9,1028.9,0.0,0,444.34,1473.24,3,Stayed,No,71,2054,Not Applicable,Not Applicable,0,1,13–24 months,45–59,$70–$89.99,Emerging Value,4,0,No Referrals,Higher Contract Risk,3,High,113.33,Basic Relationship,0.6294317659248909,True,False,False,False,False,True,True,False,Fiber quality and contract,5,Fiber diagnostics followed by a value-led contract-upgrade incentive,50.0
7577-SWIFR,Male,49,No,No,No,No,0,United States,California,Glendale,91206,34.162515,-118.203869,31297,Q3,No,0,1,No Offer,Yes,16.64,No,Yes,Fiber Optic,2,No,No,No,No,Yes,Yes,Yes,Yes,Month-to-Month,Yes,Bank Withdrawal,89.25,89.25,0.0,0,16.64,105.89,5,Joined,No,28,5579,Not Applicable,Not Applicable,0,1,1–6 months,45–59,$70–$89.99,Premium Value,6,0,No Referrals,Higher Contract Risk,4,Very High,105.89,Multi-Service,0.8120326768585043,True,True,True,True,False,True,True,False,High-value outreach,1,Dedicated retention specialist and personalized value-protection review,75.0
3797-FKOGQ,Male,31,No,No,No,Yes,2,United States,California,Canoga Park,91303,34.19829,-118.602203,23519,Q3,No,0,11,No Offer,Yes,5.84,Yes,Yes,Fiber Optic,10,No,No,No,No,No,Yes,Yes,No,Month-to-Month,No,Bank Withdrawal,86.2,893.2,0.0,30,64.24,987.44,5,Stayed,No,41,3157,Not Applicable,Not Applicable,0,1,7–12 months,30–44,$70–$89.99,Emerging Value,4,0,No Referrals,Higher Contract Risk,4,Very High,89.77,Basic Relationship,0.4139303341458353,True,False,True,False,False,True,True,False,Early fiber assurance,2,"First-90-day fiber service-health check, rapid issue resolution, and plan review",40.0
5928-QLDHB,Male,48,No,No,No,No,0,United States,California,San Fernando,91340,34.286131,-118.435969,33389,Q3,No,0,9,No Offer,Yes,34.75,Yes,Yes,Fiber Optic,3,No,No,No,No,No,No,No,Yes,Month-to-Month,Yes,Bank Withdrawal,76.25,684.85,0.0,0,312.75,997.6,5,Stayed,No,62,2062,Not Applicable,Not Applicable,0,1,7–12 months,45–59,$70–$89.99,Emerging Value,3,0,No Referrals,Higher Contract Risk,4,Very High,110.84,Basic Relationship,0.7391572977849764,True,False,True,False,False,True,True,False,Early fiber assurance,2,"First-90-day fiber service-health check, rapid issue resolution, and plan review",40.0
9840-EFJQB,Female,43,No,No,No,No,0,United States,California,Sylmar,91342,34.321621,-118.399841,81986,Q3,No,0,1,No Offer,Yes,24.41,No,Yes,Fiber Optic,4,No,Yes,No,No,No,No,No,Yes,Month-to-Month,No,Bank Withdrawal,74.35,74.35,0.0,0,24.41,98.76,4,Joined,No,80,4237,Not Applicable,Not Applicable,0,1,1–6 months,30–44,$70–$89.99,Core Value,4,1,No Referrals,Higher Contract Risk,4,Very High,98.76,Basic Relationship,0.5943022086858172,True,False,True,True,False,True,True,False,Early fiber assurance,2,"First-90-day fiber service-health check, rapid issue resolution, and plan review",40.0
6135-OZQVA,Female,46,No,No,No,No,0,United States,California,Santa Clarita,91350,34.502432,-118.41459,40077,Q3,No,0,7,Offer E,Yes,40.42,Yes,Yes,Cable,17,Yes,No,No,No,No,No,No,Yes,Month-to-Month,Yes,Bank Withdrawal,53.65,404.35,0.0,0,282.94,687.29,4,Stayed,No,51,4389,Not Applicable,Not Applicable,0,1,7–12 months,45–59,$35–$69.99,Core Value,4,1,No Referrals,Higher Contract Risk,3,High,98.18,Basic Relationship,0.5617053138124574,True,False,False,False,False,False,True,False,Support bundle and contract,6,Time-limited premium-support bundle with a longer-contract value option,45.0
3566-VVORZ,Female,39,No,No,Yes,No,0,United States,California,Westlake Village,91361,34.130992,-118.894673,18735,Q3,No,0,12,No Offer,Yes,30.79,No,Yes,DSL,4,No,No,No,No,No,No,No,Yes,Month-to-Month,No,Bank Withdrawal,45.9,505.95,0.0,0,369.48,875.43,3,Stayed,No,60,5790,Not Applicable,Not Applicable,0,1,7–12 months,30–44,$35–$69.99,Premium Value,3,0,No Referrals,Higher Contract Risk,3,High,72.95,Basic Relationship,0.7393328933182137,True,True,False,False,False,False,True,False,High-value outreach,1,Dedicated retention specialist and personalized value-protection review,75.0
2480-SQIOB,Male,40,No,No,Yes,Yes,2,United States,California,Woodland Hills,91364,34.153733,-118.593408,25988,Q3,Yes,1,4,Offer E,Yes,25.9,No,Yes,DSL,19,No,No,No,No,No,No,No,Yes,Month-to-Month,No,Bank Withdrawal,44.8,169.65,0.0,0,103.6,273.25,5,Stayed,No,63,2114,Not Applicable,Not Applicable,0,1,1–6 months,30–44,$35–$69.99,Emerging Value,3,0,1–2 Referrals,Higher Contract Risk,3,High,68.31,Advocate,0.4357280239715083,True,False,False,True,False,False,True,False,Early onboarding,3,Structured 30/60/90-day onboarding support and service education,25.0
4350-ZTLPI,Female,36,No,No,Yes,No,0,United States,California,Van Nuys,91401,34.178483,-118.431791,40376,Q3,Yes,1,53,Offer B,Yes,18.0,Yes,Yes,Fiber Optic,20,No,Yes,Yes,Yes,Yes,Yes,Yes,Yes,One Year,Yes,Bank Withdrawal,108.95,5718.2,0.0,0,954.0,6672.2,4,Stayed,No,36,4163,Not Applicable,Not Applicable,0,1,49–72 months,30–44,$90+,Core Value,9,3,1–2 Referrals,Moderate Contract Risk,2,Elevated,125.89,Advocate,0.3816436757743365,True,False,False,False,False,False,False,False,Competitor-response retention,8,"Personalized device, data, speed, or value response based on customer needs",55.0
6907-FLBER,Male,62,No,No,No,No,0,United States,California,Burbank,91505,34.174215,-118.345928,29245,Q3,No,0,1,Offer E,Yes,34.02,Yes,Yes,DSL,24,No,Yes,No,No,No,No,No,No,Month-to-Month,No,Bank Withdrawal,54.3,54.3,0.0,10,34.02,98.32,5,Joined,No,78,3259,Not Applicable,Not Applicable,0,1,1–6 months,60–69,$35–$69.99,Emerging Value,3,1,No Referrals,Higher Contract Risk,3,High,98.32,Basic Relationship,0.5039808267247119,True,False,False,True,False,False,True,False,Early onboarding,3,Structured 30/60/90-day onboarding support and service education,25.0
6050-IJRHS,Female,47,No,No,Yes,Yes,1,United States,California,Chino Hills,91709,33.942895,-117.725644,66754,Q3,Yes,2,70,Offer A,Yes,5.93,Yes,Yes,Fiber Optic,19,No,Yes,Yes,No,Yes,Yes,Yes,Yes,One Year,Yes,Bank Withdrawal,106.5,7397.0,0.0,0,415.1,7812.1,5,Stayed,No,41,6319,Not Applicable,Not Applicable,0,1,49–72 months,45–59,$90+,Premium Value,8,2,1–2 Referrals,Moderate Contract Risk,3,High,111.6,Advocate,0.3431598574041012,True,True,False,False,False,False,False,False,High-value outreach,1,Dedicated retention specialist and personalized value-protection review,75.0
0734-OXWBT,Male,44,No,No,No,Yes,1,United States,California,Covina,91722,34.097345,-117.906736,33817,Q3,No,0,3,Offer E,Yes,25.04,No,Yes,Cable,17,No,No,No,Yes,Yes,Yes,Yes,Yes,Month-to-Month,No,Credit Card,70.7,225.65,0.0,0,75.12,300.77,3,Joined,No,56,2584,Not Applicable,Not Applicable,0,1,1–6 months,30–44,$70–$89.99,Emerging Value,7,1,No Referrals,Higher Contract Risk,2,Elevated,100.26,Multi-Service,0.3637008145059319,True,False,False,True,False,False,False,False,Early onboarding,3,Structured 30/60/90-day onboarding support and service education,25.0
0365-TRTPY,Female,52,No,No,No,No,0,United States,California,Covina,91724,34.08111,-117.853935,25068,Q3,No,0,37,No Offer,Yes,11.73,Yes,Yes,Fiber Optic,30,Yes,Yes,Yes,No,No,No,No,No,Month-to-Month,No,Bank Withdrawal,91.2,3382.3,0.0,0,434.01,3816.31,3,Stayed,No,44,5135,Not Applicable,Not Applicable,0,1,25–48 months,45–59,$90+,High Value,5,3,No Referrals,Higher Contract Risk,4,Very High,103.14,Protection Engaged,0.3441450386097886,True,True,False,False,False,True,True,False,High-value outreach,1,Dedicated retention specialist and personalized value-protection review,75.0
6854-EXGSF,Female,37,No,No,No,No,0,United States,California,Mt Baldy,91759,34.231318,-117.662032,47,Q3,No,0,8,Offer E,Yes,8.73,Yes,Yes,DSL,28,Yes,Yes,Yes,No,No,No,No,Yes,Month-to-Month,Yes,Bank Withdrawal,65.5,573.15,0.0,0,69.84,642.99,3,Stayed,No,38,3033,Not Applicable,Not Applicable,0,1,7–12 months,30–44,$35–$69.99,Emerging Value,6,3,No Referrals,Higher Contract Risk,3,High,80.37,Protection Engaged,0.5244109634710518,True,False,False,False,False,False,True,False,Support bundle and contract,6,Time-limited premium-support bundle with a longer-contract value option,45.0
4060-LDNLU,Male,22,Yes,No,No,No,0,United States,California,Diamond Bar,91765,33.992416,-117.807874,46532,Q3,No,0,7,No Offer,Yes,45.93,Yes,Yes,Fiber Optic,48,No,No,No,No,Yes,Yes,Yes,Yes,Month-to-Month,No,Bank Withdrawal,96.2,639.7,0.0,0,321.51,961.21,5,Stayed,No,38,4329,Not Applicable,Not Applicable,0,1,7–12 months,19–29,$90+,Core Value,6,0,No Referrals,Higher Contract Risk,5,Very High,137.32,Multi-Service,0.779886342357953,True,False,True,False,False,True,True,False,Early fiber assurance,2,"First-90-day fiber service-health check, rapid issue resolution, and plan review",40.0
3589-PPVKW,Male,19,Yes,No,No,No,0,United States,California,Pomona,91766,34.042286,-117.756106,69974,Q3,No,0,9,Offer E,Yes,38.65,No,Yes,DSL,26,No,No,No,No,No,No,No,Yes,Month-to-Month,Yes,Credit Card,44.4,348.15,0.0,0,347.85,696.0,4,Stayed,No,31,5457,Not Applicable,Not Applicable,0,1,7–12 months,19–29,$35–$69.99,Premium Value,3,0,No Referrals,Higher Contract Risk,3,High,77.33,Basic Relationship,0.4026226157819684,True,True,False,False,False,False,True,False,High-value outreach,1,Dedicated retention specialist and personalized value-protection review,75.0
4299-SIMNS,Male,43,No,No,No,No,0,United States,California,Temple City,91780,34.101608,-118.055848,32718,Q3,No,0,9,Offer E,Yes,34.34,Yes,Yes,Fiber Optic,6,Yes,No,No,No,No,No,No,No,Month-to-Month,Yes,Bank Withdrawal,81.15,784.45,0.0,50,309.06,1143.51,4,Stayed,No,68,4544,Not Applicable,Not Applicable,0,1,7–12 months,30–44,$70–$89.99,High Value,3,1,No Referrals,Higher Contract Risk,4,Very High,127.06,Basic Relationship,0.7310248105737355,True,True,True,False,False,True,True,False,High-value outreach,1,Dedicated retention specialist and personalized value-protection review,75.0
6233-HXJMX,Female,42,No,No,No,No,0,United States,California,Alpine,91901,32.827184,-116.703729,16486,Q3,No,0,45,Offer B,Yes,13.82,Yes,Yes,Fiber Optic,8,No,No,Yes,No,No,Yes,Yes,Yes,Month-to-Month,Yes,Credit Card,89.3,4192.15,0.0,0,621.9,4814.05,3,Stayed,No,32,5470,Not Applicable,Not Applicable,0,1,25–48 months,30–44,$70–$89.99,Premium Value,6,1,No Referrals,Higher Contract Risk,3,High,106.98,Multi-Service,0.4222647574696882,True,True,False,False,False,True,True,False,High-value outreach,1,Dedicated retention specialist and personalized value-protection review,75.0
3338-CVVEH,Male,38,No,No,No,No,0,United States,California,Chula Vista,91913,32.64164,-116.985026,12884,Q3,No,0,12,Offer D,Yes,13.88,Yes,Yes,Fiber Optic,8,No,No,No,No,Yes,Yes,Yes,Yes,Month-to-Month,No,Bank Withdrawal,94.55,1173.55,0.0,0,166.56,1340.11,5,Stayed,No,25,5674,Not Applicable,Not Applicable,0,1,7–12 months,30–44,$90+,Premium Value,6,0,No Referrals,Higher Contract Risk,5,Very High,111.68,Multi-Service,0.6514440952862904,True,True,True,False,False,True,True,False,High-value outreach,1,Dedicated retention specialist and personalized value-protection review,75.0
8486-AYEQH,Female,30,No,No,No,No,0,United States,California,Guatay,91931,32.857946,-116.561917,796,Q3,No,0,31,No Offer,Yes,38.78,Yes,Yes,Fiber Optic,59,No,No,No,No,No,No,No,Yes,Month-to-Month,Yes,Bank Withdrawal,76.05,2227.8,0.0,0,1202.18,3429.98,5,Stayed,No,63,2421,Not Applicable,Not Applicable,0,1,25–48 months,30–44,$70–$89.99,Emerging Value,3,0,No Referrals,Higher Contract Risk,3,High,110.64,Basic Relationship,0.5573922572965107,True,False,False,False,False,True,True,False,Fiber quality and contract,5,Fiber diagnostics followed by a value-led contract-upgrade incentive,50.0
2495-KZNFB,Female,26,Yes,No,No,No,0,United States,California,La Mesa,91942,32.782501,-117.01611,24005,Q3,No,0,33,No Offer,Yes,16.76,Yes,Yes,Fiber Optic,85,Yes,No,No,No,No,Yes,Yes,Yes,Month-to-Month,Yes,Bank Withdrawal,90.65,2989.6,0.0,0,553.08,3542.68,4,Stayed,No,44,4460,Not Applicable,Not Applicable,0,1,25–48 months,19–29,$90+,Core Value,6,1,No Referrals,Higher Contract Risk,4,Very High,107.35,Multi-Service,0.5099248203336753,True,False,False,False,False,True,True,False,Fiber quality and contract,5,Fiber diagnostics followed by a value-led contract-upgrade incentive,50.0
9700-ISPUP,Female,59,No,No,Yes,Yes,1,United States,California,Valley Center,92082,33.25283,-116.986079,14575,Q3,Yes,1,10,Offer D,Yes,25.89,No,Yes,DSL,22,No,Yes,No,Yes,No,Yes,Yes,Yes,Month-to-Month,Yes,Bank Withdrawal,65.5,616.9,0.0,0,258.9,875.8,5,Stayed,No,44,3137,Not Applicable,Not Applicable,0,1,7–12 months,45–59,$35–$69.99,Emerging Value,7,2,1–2 Referrals,Higher Contract Risk,2,Elevated,87.58,Advocate,0.3877781796564213,True,False,False,False,False,False,False,False,Competitor-response retention,8,"Personalized device, data, speed, or value response based on customer needs",55.0
1941-HOSAM,Male,20,Yes,No,Yes,Yes,3,United States,California,San Diego,92101,32.72523,-117.171346,27505,Q3,Yes,1,1,No Offer,Yes,24.33,No,Yes,Fiber Optic,59,No,No,No,No,Yes,Yes,Yes,Yes,Month-to-Month,Yes,Bank Withdrawal,90.1,90.1,0.0,0,24.33,114.43,3,Joined,No,47,4142,Not Applicable,Not Applicable,0,1,1–6 months,19–29,$90+,Core Value,6,0,1–2 Referrals,Higher Contract Risk,5,Very High,114.43,Advocate,0.6402267740973213,True,False,True,True,False,True,True,True,Early fiber assurance,2,"First-90-day fiber service-health check, rapid issue resolution, and plan review",40.0
1935-IMVBB,Male,43,No,No,Yes,No,0,United States,California,San Diego,92107,32.741852,-117.243453,27959,Q3,Yes,1,56,No Offer,Yes,3.79,No,Yes,Fiber Optic,14,No,No,No,No,Yes,Yes,Yes,Yes,Month-to-Month,No,Credit Card,89.7,4952.95,41.66,0,212.24,5123.53,4,Stayed,No,49,5955,Not Applicable,Not Applicable,0,1,49–72 months,30–44,$70–$89.99,Premium Value,6,0,1–2 Referrals,Higher Contract Risk,3,High,91.49,Advocate,0.491395282973003,True,True,False,False,False,True,True,True,High-value outreach,1,Dedicated retention specialist and personalized value-protection review,75.0
6559-PDZLR,Male,26,Yes,No,No,No,0,United States,California,Desert Center,92239,33.889605,-115.257009,964,Q3,No,0,26,No Offer,Yes,37.0,No,Yes,Fiber Optic,76,No,No,Yes,Yes,Yes,Yes,Yes,Yes,Month-to-Month,Yes,Bank Withdrawal,98.65,2537.0,0.0,0,962.0,3499.0,3,Stayed,No,62,4191,Not Applicable,Not Applicable,0,1,25–48 months,19–29,$90+,Core Value,8,2,No Referrals,Higher Contract Risk,3,High,134.58,Protection Engaged,0.5514720806388759,True,False,False,False,False,True,False,False,Fiber quality and contract,5,Fiber diagnostics followed by a value-led contract-upgrade incentive,50.0
4273-MBHYA,Female,38,No,No,No,Yes,1,United States,California,Desert Hot Springs,92241,33.832799,-116.250973,5529,Q3,No,0,1,No Offer,Yes,5.36,No,Yes,Fiber Optic,19,No,No,No,No,Yes,Yes,Yes,Yes,Month-to-Month,Yes,Bank Withdrawal,89.35,89.35,0.0,0,5.36,94.71,3,Joined,No,38,2432,Not Applicable,Not Applicable,0,1,1–6 months,30–44,$70–$89.99,Emerging Value,6,0,No Referrals,Higher Contract Risk,4,Very High,94.71,Multi-Service,0.6921402226219208,True,False,True,True,False,True,True,False,Early fiber assurance,2,"First-90-day fiber service-health check, rapid issue resolution, and plan review",40.0
4724-WXVWF,Male,28,Yes,No,No,No,0,United States,California,Earp,92242,34.137742,-114.36514,1564,Q3,No,0,48,No Offer,Yes,4.15,Yes,Yes,Fiber Optic,46,Yes,No,No,Yes,No,Yes,Yes,Yes,Month-to-Month,Yes,Bank Withdrawal,95.4,4445.3,0.0,0,199.2,4644.5,3,Stayed,No,33,4334,Not Applicable,Not Applicable,0,1,25–48 months,19–29,$90+,Core Value,7,2,No Referrals,Higher Contract Risk,3,High,96.76,Protection Engaged,0.3492909849271167,True,False,False,False,False,True,False,False,Fiber quality and contract,5,Fiber diagnostics followed by a value-led contract-upgrade incentive,50.0
8313-KTIHG,Male,54,No,No,No,No,0,United States,California,Thousand Palms,92276,33.849263,-116.382778,6242,Q3,No,0,4,No Offer,Yes,37.7,No,Yes,DSL,2,No,No,No,Yes,Yes,No,No,No,Month-to-Month,Yes,Bank Withdrawal,61.3,249.4,0.0,10,150.8,410.2,3,Stayed,No,58,5281,Not Applicable,Not Applicable,0,1,1–6 months,45–59,$35–$69.99,High Value,4,1,No Referrals,Higher Contract Risk,2,Elevated,102.55,Basic Relationship,0.4842061819754039,True,False,False,True,False,False,False,False,Early onboarding,3,Structured 30/60/90-day onboarding support and service education,25.0
3137-LUPIX,Female,58,No,No,No,No,0,United States,California,Yucca Valley,92284,34.159534,-116.425984,20486,Q3,No,0,4,No Offer,Yes,1.1,Yes,Yes,Cable,19,No,No,No,Yes,Yes,No,No,Yes,Month-to-Month,Yes,Credit Card,64.4,253.0,0.0,0,4.4,257.4,4,Stayed,No,61,3334,Not Applicable,Not Applicable,0,1,1–6 months,45–59,$35–$69.99,Emerging Value,5,1,No Referrals,Higher Contract Risk,2,Elevated,64.35,Multi-Service,0.4846042682854798,True,False,False,True,False,False,False,False,Early onboarding,3,Structured 30/60/90-day onboarding support and service education,25.0
6143-JQKEA,Male,34,No,No,No,No,0,United States,California,Adelanto,92301,34.667815,-117.536183,18980,Q3,No,0,10,No Offer,Yes,15.45,No,Yes,Cable,22,No,No,No,No,No,No,No,Yes,Month-to-Month,Yes,Credit Card,45.8,436.2,0.0,0,154.5,590.7,3,Stayed,No,80,5586,Not Applicable,Not Applicable,0,1,7–12 months,30–44,$35–$69.99,Premium Value,3,0,No Referrals,Higher Contract Risk,3,High,59.07,Basic Relationship,0.3906140646354766,True,True,False,False,False,False,True,False,High-value outreach,1,Dedicated retention specialist and personalized value-protection review,75.0
8676-OOQEJ,Male,52,No,No,No,No,0,United States,California,Amboy,92304,34.559882,-115.637164,42,Q3,No,0,4,No Offer,No,0.0,No,Yes,Cable,22,No,No,No,Yes,No,No,No,Yes,Month-to-Month,No,Bank Withdrawal,30.5,118.4,0.0,0,0.0,118.4,4,Stayed,No,29,3030,Not Applicable,Not Applicable,0,1,1–6 months,45–59,Under $35,Emerging Value,3,1,No Referrals,Higher Contract Risk,2,Elevated,29.6,Basic Relationship,0.4486491716156999,True,False,False,True,False,False,False,False,Early onboarding,3,Structured 30/60/90-day onboarding support and service education,25.0
9701-CDXHR,Female,63,No,No,Yes,No,0,United States,California,Fallbrook,92028,33.362575,-117.299644,42239,Q3,Yes,1,51,Offer B,Yes,45.76,No,Yes,Fiber Optic,13,No,No,No,No,No,No,No,No,Month-to-Month,No,Credit Card,69.15,3649.6,0.0,110,2333.76,6093.36,4,Stayed,No,55,5187,Not Applicable,Not Applicable,0,1,49–72 months,60–69,$35–$69.99,High Value,2,0,1–2 Referrals,Higher Contract Risk,3,High,119.48,Advocate,0.4108911749594752,True,True,False,False,False,True,True,False,High-value outreach,1,Dedicated retention specialist and personalized value-protection review,75.0
4067-HLYQI,Female,43,No,No,No,No,0,United States,California,Colton,92324,34.030915,-117.273201,52202,Q3,No,0,33,No Offer,Yes,49.45,No,Yes,Fiber Optic,19,No,No,No,No,No,No,No,No,Month-to-Month,Yes,Bank Withdrawal,70.4,2406.1,0.0,60,1631.85,4097.95,4,Stayed,No,29,4860,Not Applicable,Not Applicable,0,1,25–48 months,30–44,$70–$89.99,High Value,2,0,No Referrals,Higher Contract Risk,3,High,124.18,Basic Relationship,0.4872177466630486,True,True,False,False,False,True,True,False,High-value outreach,1,Dedicated retention specialist and personalized value-protection review,75.0
6833-JMZYP,Female,54,No,No,No,No,0,United States,California,Hesperia,92345,34.361387,-117.337509,68515,Q3,No,0,15,No Offer,Yes,15.28,No,Yes,Fiber Optic,16,No,No,Yes,No,Yes,Yes,Yes,Yes,Month-to-Month,Yes,Credit Card,94.0,1505.45,0.0,0,229.2,1734.65,3,Stayed,No,77,4521,Not Applicable,Not Applicable,0,1,13–24 months,45–59,$90+,Core Value,7,1,No Referrals,Higher Contract Risk,4,Very High,115.64,Multi-Service,0.6600609040011489,True,False,False,False,False,True,True,False,Fiber quality and contract,5,Fiber diagnostics followed by a value-led contract-upgrade incentive,50.0
1310-QRITU,Female,40,No,No,No,No,0,United States,California,Hinkley,92347,34.983808,-117.239306,1933,Q3,No,0,18,No Offer,Yes,38.32,Yes,Yes,DSL,20,No,No,No,No,No,No,No,Yes,Month-to-Month,Yes,Bank Withdrawal,50.3,913.3,0.0,0,689.76,1603.06,3,Stayed,No,65,5877,Not Applicable,Not Applicable,0,1,13–24 months,30–44,$35–$69.99,Premium Value,3,0,No Referrals,Higher Contract Risk,2,Elevated,89.06,Basic Relationship,0.4646029137987674,True,False,False,False,False,False,True,False,Support bundle and contract,6,Time-limited premium-support bundle with a longer-contract value option,45.0
4998-IKFSE,Female,27,Yes,No,No,No,0,United States,California,Phelan,92371,34.441123,-117.537886,12463,Q3,No,0,30,Offer C,Yes,34.49,Yes,Yes,Fiber Optic,59,No,No,Yes,No,Yes,Yes,Yes,No,Month-to-Month,No,Bank Withdrawal,100.45,3096.9,0.0,80,1034.7,4211.6,5,Stayed,No,32,3936,Not Applicable,Not Applicable,0,1,25–48 months,19–29,$90+,Core Value,6,1,No Referrals,Higher Contract Risk,4,Very High,140.39,Multi-Service,0.5977916305635517,True,False,False,False,False,True,True,False,Fiber quality and contract,5,Fiber diagnostics followed by a value-led contract-upgrade incentive,50.0
1833-TCXKK,Male,50,No,No,Yes,No,0,United States,California,San Bernardino,92408,34.084909,-117.258107,12149,Q3,No,0,45,Offer B,Yes,29.81,Yes,Yes,Fiber Optic,27,No,Yes,Yes,No,Yes,Yes,Yes,Yes,Month-to-Month,Yes,Bank Withdrawal,107.75,4882.8,0.0,0,1341.45,6224.25,5,Stayed,No,27,3301,Not Applicable,Not Applicable,0,1,25–48 months,45–59,$90+,Emerging Value,8,2,No Referrals,Higher Contract Risk,4,Very High,138.32,Protection Engaged,0.8906670280263547,True,False,False,False,False,True,True,False,Fiber quality and contract,5,Fiber diagnostics followed by a value-led contract-upgrade incentive,50.0
8660-BUETV,Female,37,No,No,No,No,0,United States,California,Riverside,92501,33.994676,-117.372498,18999,Q3,No,0,3,No Offer,Yes,34.89,No,Yes,Cable,13,No,No,No,No,No,No,No,No,Month-to-Month,No,Credit Card,44.75,148.05,0.0,10,104.67,262.72,5,Joined,No,20,3422,Not Applicable,Not Applicable,0,1,1–6 months,30–44,$35–$69.99,Emerging Value,2,0,No Referrals,Higher Contract Risk,3,High,87.57,Basic Relationship,0.3233039132610369,True,False,False,True,False,False,True,False,Early onboarding,3,Structured 30/60/90-day onboarding support and service education,25.0
3002-WQZWT,Female,25,Yes,No,No,No,0,United States,California,Murrieta,92563,33.581045,-117.14719,18311,Q3,No,0,29,Offer C,Yes,16.38,Yes,Yes,Fiber Optic,82,No,No,No,No,No,No,No,Yes,Month-to-Month,Yes,Bank Withdrawal,74.2,1993.25,0.0,0,475.02,2468.27,5,Stayed,No,55,3982,Not Applicable,Not Applicable,0,1,25–48 months,19–29,$70–$89.99,Core Value,3,0,No Referrals,Higher Contract Risk,3,High,85.11,Basic Relationship,0.4535094331997261,True,False,False,False,False,True,True,False,Fiber quality and contract,5,Fiber diagnostics followed by a value-led contract-upgrade incentive,50.0
4912-PIGUY,Female,44,No,No,No,No,0,United States,California,Perris,92571,33.828289,-117.201666,26357,Q3,No,0,1,Offer E,Yes,7.34,Yes,Yes,Fiber Optic,11,No,No,No,No,Yes,No,No,No,Month-to-Month,Yes,Bank Withdrawal,84.6,84.6,0.0,0,7.34,91.94,3,Joined,No,46,2196,Not Applicable,Not Applicable,0,1,1–6 months,30–44,$70–$89.99,Emerging Value,3,0,No Referrals,Higher Contract Risk,4,Very High,91.94,Basic Relationship,0.8387269784511883,True,False,True,True,False,True,True,False,Early fiber assurance,2,"First-90-day fiber service-health check, rapid issue resolution, and plan review",40.0
8990-ZXLSU,Female,63,No,No,No,No,0,United States,California,Sun City,92586,33.707483,-117.200006,18161,Q3,No,0,9,Offer E,Yes,29.87,No,Yes,Fiber Optic,5,No,No,No,No,No,No,No,Yes,Month-to-Month,No,Bank Withdrawal,69.05,651.5,0.0,0,268.83,920.33,3,Stayed,No,50,5121,Not Applicable,Not Applicable,0,1,7–12 months,60–69,$35–$69.99,High Value,3,0,No Referrals,Higher Contract Risk,4,Very High,102.26,Basic Relationship,0.6369168920855558,True,True,True,False,False,True,True,False,High-value outreach,1,Dedicated retention specialist and personalized value-protection review,75.0
2275-RBYQS,Female,38,No,No,No,No,0,United States,California,Sun City,92587,33.69887,-117.25071,13151,Q3,No,0,1,Offer E,Yes,49.33,No,Yes,DSL,21,No,No,No,No,No,No,No,Yes,Month-to-Month,Yes,Credit Card,45.4,45.4,0.0,0,49.33,94.73,3,Joined,No,50,4916,Not Applicable,Not Applicable,0,1,1–6 months,30–44,$35–$69.99,High Value,3,0,No Referrals,Higher Contract Risk,3,High,94.73,Basic Relationship,0.4785495835440166,True,True,False,True,False,False,True,False,High-value outreach,1,Dedicated retention specialist and personalized value-protection review,75.0
7794-JASDG,Male,37,No,No,No,No,0,United States,California,Winchester,92596,33.657433,-117.04254,4093,Q3,No,0,1,Offer E,Yes,45.77,No,Yes,DSL,20,Yes,No,No,No,No,No,No,Yes,Month-to-Month,Yes,Credit Card,50.75,50.75,0.0,0,45.77,96.52,3,Joined,No,80,2250,Not Applicable,Not Applicable,0,1,1–6 months,30–44,$35–$69.99,Emerging Value,4,1,No Referrals,Higher Contract Risk,3,High,96.52,Basic Relationship,0.4064488088018721,True,False,False,True,False,False,True,False,Early onboarding,3,Structured 30/60/90-day onboarding support and service education,25.0
2676-OXPPQ,Male,22,Yes,No,No,No,0,United States,California,Irvine,92612,33.643095,-117.810896,41062,Q3,No,0,6,No Offer,Yes,3.16,No,Yes,DSL,41,Yes,Yes,No,No,No,No,No,Yes,Month-to-Month,Yes,Bank Withdrawal,55.7,335.65,0.0,0,18.96,354.61,3,Stayed,No,45,2482,Not Applicable,Not Applicable,0,1,1–6 months,19–29,$35–$69.99,Emerging Value,5,2,No Referrals,Higher Contract Risk,3,High,59.1,Protection Engaged,0.3564666326668196,True,False,False,True,False,False,True,False,Early onboarding,3,Structured 30/60/90-day onboarding support and service education,25.0
6693-FRIRW,Male,61,No,No,No,No,0,United States,California,Newport Beach,92661,33.601309,-117.902304,4242,Q3,No,0,18,No Offer,Yes,7.56,No,Yes,Fiber Optic,20,No,Yes,Yes,No,Yes,Yes,Yes,Yes,Month-to-Month,No,Credit Card,101.3,1794.65,0.0,0,136.08,1930.73,3,Stayed,No,80,5948,Not Applicable,Not Applicable,0,1,13–24 months,60–69,$90+,Premium Value,8,2,No Referrals,Higher Contract Risk,4,Very High,107.26,Protection Engaged,0.5725644688751135,True,True,False,False,False,True,True,False,High-value outreach,1,Dedicated retention specialist and personalized value-protection review,75.0
0623-GDISB,Female,63,No,No,No,No,0,United States,California,San Clemente,92673,33.4725,-117.584273,15297,Q3,No,0,1,No Offer,Yes,16.42,No,Yes,Cable,21,Yes,No,No,No,No,No,No,Yes,Month-to-Month,Yes,Bank Withdrawal,48.45,48.45,0.0,0,16.42,64.87,3,Joined,No,27,5838,Not Applicable,Not Applicable,0,1,1–6 months,60–69,$35–$69.99,Premium Value,4,1,No Referrals,Higher Contract Risk,3,High,64.87,Basic Relationship,0.4387039714627499,True,True,False,True,False,False,True,False,High-value outreach,1,Dedicated retention specialist and personalized value-protection review,75.0
9644-KVCNC,Female,49,No,No,No,No,0,United States,California,Fountain Valley,92708,33.712036,-117.950113,54548,Q3,No,0,66,Offer A,Yes,19.68,Yes,Yes,Fiber Optic,28,No,No,Yes,No,Yes,No,No,Yes,One Year,Yes,Bank Withdrawal,92.15,6056.9,0.0,0,1298.88,7355.78,4,Stayed,No,77,4928,Not Applicable,Not Applicable,0,1,49–72 months,45–59,$90+,High Value,5,1,No Referrals,Moderate Contract Risk,3,High,111.45,Multi-Service,0.341942282094667,True,True,False,False,False,False,False,False,High-value outreach,1,Dedicated retention specialist and personalized value-protection review,75.0
6918-UMQCG,Female,25,Yes,No,No,No,0,United States,California,Orange,92869,33.792791,-117.789749,37916,Q3,No,0,5,Offer E,Yes,48.86,No,Yes,Fiber Optic,59,No,No,No,No,Yes,No,No,Yes,Month-to-Month,No,Bank Withdrawal,80.2,384.25,0.0,0,244.3,628.55,3,Stayed,No,46,3391,Not Applicable,Not Applicable,0,1,1–6 months,19–29,$70–$89.99,Emerging Value,4,0,No Referrals,Higher Contract Risk,4,Very High,125.71,Basic Relationship,0.7155689937162167,True,False,True,True,False,True,True,False,Early fiber assurance,2,"First-90-day fiber service-health check, rapid issue resolution, and plan review",40.0
6339-DKLMK,Female,27,Yes,No,No,No,0,United States,California,Corona,92879,33.893823,-117.531446,44875,Q3,No,0,13,Offer D,No,0.0,No,Yes,DSL,27,No,Yes,No,No,No,No,No,Yes,Month-to-Month,Yes,Bank Withdrawal,31.65,389.95,0.0,0,0.0,389.95,3,Stayed,No,49,4959,Not Applicable,Not Applicable,0,1,13–24 months,19–29,Under $35,High Value,3,1,No Referrals,Higher Contract Risk,2,Elevated,30.0,Basic Relationship,0.372691124432349,True,False,False,False,False,False,True,False,Support bundle and contract,6,Time-limited premium-support bundle with a longer-contract value option,45.0
1346-PJWTK,Male,63,No,No,Yes,No,0,United States,California,Corona,92880,33.918043,-117.617809,16998,Q3,Yes,1,61,No Offer,Yes,17.73,No,Yes,Fiber Optic,2,No,Yes,Yes,Yes,No,Yes,Yes,Yes,Month-to-Month,No,Credit Card,94.15,5731.85,0.0,0,1081.53,6813.38,3,Stayed,No,70,4806,Not Applicable,Not Applicable,0,1,49–72 months,60–69,$90+,High Value,8,3,1–2 Referrals,Higher Contract Risk,3,High,111.69,Advocate,0.3443680251347676,True,True,False,False,False,True,False,False,High-value outreach,1,Dedicated retention specialist and personalized value-protection review,75.0
5982-FPVQN,Female,40,No,No,Yes,Yes,1,United States,California,Camarillo,93012,34.205504,-118.993111,24945,Q3,Yes,2,37,No Offer,Yes,41.03,Yes,Yes,Fiber Optic,15,No,Yes,Yes,No,No,Yes,Yes,Yes,Month-to-Month,Yes,Bank Withdrawal,95.15,3532.85,0.0,0,1518.11,5050.96,3,Stayed,No,22,3407,Not Applicable,Not Applicable,0,1,25–48 months,30–44,$90+,Emerging Value,7,2,1–2 Referrals,Higher Contract Risk,4,Very High,136.51,Advocate,0.589369741393871,True,False,False,False,False,True,True,False,Fiber quality and contract,5,Fiber diagnostics followed by a value-led contract-upgrade incentive,50.0
0027-KWYKW,Female,30,No,No,Yes,Yes,2,United States,California,Alpaugh,93201,35.869626,-119.498771,1054,Q3,Yes,1,23,Offer D,Yes,34.91,Yes,Yes,Fiber Optic,30,No,No,No,No,Yes,No,No,Yes,Month-to-Month,Yes,Bank Withdrawal,83.75,1849.95,0.0,0,802.93,2652.88,4,Stayed,No,78,3585,Not Applicable,Not Applicable,0,1,13–24 months,30–44,$70–$89.99,Core Value,4,0,1–2 Referrals,Higher Contract Risk,3,High,115.34,Advocate,0.5165483103867919,True,False,False,False,False,True,True,False,Fiber quality and contract,5,Fiber diagnostics followed by a value-led contract-upgrade incentive,50.0
9432-VOFYX,Male,26,Yes,No,No,No,0,United States,California,Delano,93215,35.772244,-119.209689,37280,Q3,No,0,17,Offer D,Yes,35.88,No,Yes,Fiber Optic,52,No,No,No,No,No,No,No,Yes,Month-to-Month,Yes,Bank Withdrawal,70.8,1207.0,0.0,0,609.96,1816.96,5,Stayed,No,56,5420,Not Applicable,Not Applicable,0,1,13–24 months,19–29,$70–$89.99,Premium Value,3,0,No Referrals,Higher Contract Risk,3,High,106.88,Basic Relationship,0.4489035637468374,True,True,False,False,False,True,True,False,High-value outreach,1,Dedicated retention specialist and personalized value-protection review,75.0
6542-LWGXJ,Male,46,No,No,Yes,No,0,United States,California,Pixley,93256,35.957019,-119.330928,4198,Q3,Yes,1,3,Offer E,No,0.0,No,Yes,DSL,12,No,No,No,No,No,No,No,Yes,Month-to-Month,No,Credit Card,25.0,78.25,0.0,0,0.0,78.25,4,Joined,No,70,2730,Not Applicable,Not Applicable,0,1,1–6 months,45–59,Under $35,Emerging Value,2,0,1–2 Referrals,Higher Contract Risk,3,High,26.08,Advocate,0.717733929268798,True,False,False,True,False,False,True,False,Early onboarding,3,Structured 30/60/90-day onboarding support and service education,25.0
2087-QAREY,Female,60,No,No,Yes,No,0,United States,California,Sequoia National Park,93262,36.527243,-118.594938,56,Q3,Yes,1,22,Offer D,Yes,39.83,No,Yes,Cable,16,No,Yes,Yes,No,No,No,No,Yes,Month-to-Month,Yes,Credit Card,54.7,1178.75,0.0,0,876.26,2055.01,3,Stayed,No,53,5722,Not Applicable,Not Applicable,0,1,13–24 months,60–69,$35–$69.99,Premium Value,5,2,1–2 Referrals,Higher Contract Risk,2,Elevated,93.41,Advocate,0.4198483309618936,True,False,False,False,False,False,True,False,Support bundle and contract,6,Time-limited premium-support bundle with a longer-contract value option,45.0
9752-ZNQUT,Female,51,No,No,No,No,0,United States,California,Visalia,93291,36.391777,-119.372842,36718,Q3,No,0,1,Offer E,Yes,7.99,No,Yes,Cable,11,No,Yes,No,No,No,No,No,Yes,Month-to-Month,Yes,Bank Withdrawal,48.6,48.6,0.0,0,7.99,56.59,5,Joined,No,24,3704,Not Applicable,Not Applicable,0,1,1–6 months,45–59,$35–$69.99,Core Value,4,1,No Referrals,Higher Contract Risk,3,High,56.59,Basic Relationship,0.5821460339815937,True,False,False,True,False,False,True,False,Early onboarding,3,Structured 30/60/90-day onboarding support and service education,25.0
7312-XSBAT,Male,47,No,No,No,No,0,United States,California,Bakersfield,93305,35.391733,-118.984109,35643,Q3,No,0,1,Offer E,Yes,41.79,No,Yes,DSL,14,Yes,No,No,No,No,No,No,Yes,Month-to-Month,No,Bank Withdrawal,49.75,49.75,0.0,0,41.79,91.54,4,Joined,No,79,2908,Not Applicable,Not Applicable,0,1,1–6 months,45–59,$35–$69.99,Emerging Value,4,1,No Referrals,Higher Contract Risk,3,High,91.54,Basic Relationship,0.4187386642489196,True,False,False,True,False,False,True,False,Early onboarding,3,Structured 30/60/90-day onboarding support and service education,25.0
3096-GKWEB,Male,42,No,No,Yes,No,0,United States,California,Bakersfield,93306,35.449881,-118.841442,53481,Q3,Yes,1,18,No Offer,Yes,34.17,Yes,Yes,Fiber Optic,16,No,No,No,No,Yes,Yes,Yes,Yes,Month-to-Month,Yes,Bank Withdrawal,94.75,1691.9,0.0,0,615.06,2306.96,4,Stayed,No,40,4477,Not Applicable,Not Applicable,0,1,13–24 months,30–44,$90+,Core Value,6,0,1–2 Referrals,Higher Contract Risk,4,Very High,128.16,Advocate,0.912540672610067,True,False,False,False,False,True,True,False,Fiber quality and contract,5,Fiber diagnostics followed by a value-led contract-upgrade incentive,50.0
4396-KLSEH,Male,26,Yes,No,No,No,0,United States,California,Bakersfield,93311,35.16207,-119.194488,20440,Q3,No,0,4,Offer E,Yes,6.88,No,No,No Internet,0,No,No,No,No,No,No,No,No,Month-to-Month,Yes,Bank Withdrawal,19.85,63.0,0.0,0,27.52,90.52,5,Stayed,No,71,5918,Not Applicable,Not Applicable,0,1,1–6 months,19–29,Under $35,Premium Value,1,0,No Referrals,Higher Contract Risk,3,High,22.63,Basic Relationship,0.352532394475265,True,True,False,True,False,False,True,False,High-value outreach,1,Dedicated retention specialist and personalized value-protection review,75.0
2824-MYYBN,Female,43,No,No,Yes,Yes,2,United States,California,Bakersfield,93313,35.140938,-119.051348,25126,Q3,No,0,37,No Offer,Yes,1.6,Yes,Yes,Fiber Optic,11,No,No,No,No,Yes,Yes,Yes,Yes,Month-to-Month,Yes,Bank Withdrawal,95.25,3314.15,0.0,0,59.2,3373.35,4,Stayed,No,29,2969,Not Applicable,Not Applicable,0,1,25–48 months,30–44,$90+,Emerging Value,6,0,No Referrals,Higher Contract Risk,4,Very High,91.17,Multi-Service,0.7634971719967869,True,False,False,False,False,True,True,False,Fiber quality and contract,5,Fiber diagnostics followed by a value-led contract-upgrade incentive,50.0
6345-HOVES,Male,59,No,No,No,No,0,United States,California,Los Osos,93402,35.279984,-120.824288,14859,Q3,No,0,34,No Offer,No,0.0,No,Yes,Cable,28,No,No,No,No,No,No,No,Yes,Month-to-Month,Yes,Bank Withdrawal,25.05,852.7,0.0,0,0.0,852.7,4,Stayed,No,29,3800,Not Applicable,Not Applicable,0,1,25–48 months,45–59,Under $35,Core Value,2,0,No Referrals,Higher Contract Risk,2,Elevated,25.08,Basic Relationship,0.3998294233636576,True,False,False,False,False,False,True,False,Support bundle and contract,6,Time-limited premium-support bundle with a longer-contract value option,45.0
4983-CCWMC,Male,43,No,No,No,No,0,United States,California,Creston,93432,35.480896,-120.469476,1203,Q3,No,0,3,No Offer,Yes,28.97,No,Yes,Fiber Optic,16,No,No,No,No,No,No,No,No,Month-to-Month,Yes,Credit Card,69.6,207.4,0.0,20,86.91,314.31,4,Joined,No,39,5487,Not Applicable,Not Applicable,0,1,1–6 months,30–44,$35–$69.99,Premium Value,2,0,No Referrals,Higher Contract Risk,4,Very High,104.77,Basic Relationship,0.553431663456871,True,True,True,True,False,True,True,False,High-value outreach,1,Dedicated retention specialist and personalized value-protection review,75.0
5399-ZIMKF,Male,58,No,No,No,No,0,United States,California,San Simeon,93452,35.746484,-121.223355,471,Q3,No,0,5,No Offer,Yes,32.81,No,Yes,Fiber Optic,16,No,Yes,No,No,No,No,No,Yes,Month-to-Month,Yes,Bank Withdrawal,74.65,383.65,0.0,0,164.05,547.7,3,Stayed,No,34,3319,Not Applicable,Not Applicable,0,1,1–6 months,45–59,$70–$89.99,Emerging Value,4,1,No Referrals,Higher Contract Risk,4,Very High,109.54,Basic Relationship,0.6410227027874333,True,False,True,True,False,True,True,False,Early fiber assurance,2,"First-90-day fiber service-health check, rapid issue resolution, and plan review",40.0
6719-OXYBR,Male,41,No,No,No,No,0,United States,California,California City,93505,35.151491,-117.927597,8316,Q3,No,0,15,No Offer,Yes,27.3,No,Yes,Fiber Optic,18,No,No,Yes,No,Yes,No,No,Yes,Month-to-Month,No,Bank Withdrawal,85.3,1219.85,0.0,0,409.5,1629.35,3,Stayed,No,51,5559,Not Applicable,Not Applicable,0,1,13–24 months,30–44,$70–$89.99,Premium Value,5,1,No Referrals,Higher Contract Risk,3,High,108.62,Multi-Service,0.633662333735463,True,True,False,False,False,True,True,False,High-value outreach,1,Dedicated retention specialist and personalized value-protection review,75.0
4537-DKTAL,Female,26,Yes,No,No,No,0,United States,California,Darwin,93522,36.319181,-117.593053,64,Q3,No,0,2,Offer E,Yes,41.9,No,Yes,DSL,71,No,No,No,No,No,No,No,No,Month-to-Month,No,Bank Withdrawal,45.55,84.4,0.0,10,83.8,178.2,5,Joined,No,70,4372,Not Applicable,Not Applicable,0,1,1–6 months,19–29,$35–$69.99,Core Value,2,0,No Referrals,Higher Contract Risk,3,High,89.1,Basic Relationship,0.4285865836971689,True,False,False,True,False,False,True,False,Early onboarding,3,Structured 30/60/90-day onboarding support and service education,25.0
8903-XEBGX,Male,22,Yes,No,No,Yes,1,United States,California,Lancaster,93534,34.727529,-118.153098,35109,Q3,No,0,2,Offer E,Yes,43.93,No,Yes,DSL,59,No,No,No,No,No,Yes,Yes,Yes,Month-to-Month,Yes,Bank Withdrawal,55.3,108.65,0.0,0,87.86,196.51,3,Joined,No,67,4594,Not Applicable,Not Applicable,0,1,1–6 months,19–29,$35–$69.99,High Value,5,0,No Referrals,Higher Contract Risk,3,High,98.26,Multi-Service,0.4695348639752743,True,True,False,True,False,False,True,False,High-value outreach,1,Dedicated retention specialist and personalized value-protection review,75.0
4686-UXDML,Female,24,Yes,No,No,No,0,United States,California,Cutler,93615,36.497895,-119.285484,5519,Q3,No,0,21,No Offer,Yes,24.86,Yes,Yes,Fiber Optic,48,No,Yes,No,No,Yes,Yes,Yes,Yes,Month-to-Month,Yes,Credit Card,99.85,1992.55,0.0,0,522.06,2514.61,3,Stayed,No,74,2113,Not Applicable,Not Applicable,0,1,13–24 months,19–29,$90+,Emerging Value,7,1,No Referrals,Higher Contract Risk,4,Very High,119.74,Multi-Service,0.6399619568539198,True,False,False,False,False,True,True,False,Fiber quality and contract,5,Fiber diagnostics followed by a value-led contract-upgrade incentive,50.0
9633-XQABV,Female,33,No,No,No,No,0,United States,California,Los Banos,93635,36.995162,-120.955099,29124,Q3,No,0,3,Offer E,Yes,25.4,No,Yes,Fiber Optic,10,No,No,No,No,No,No,No,Yes,Month-to-Month,Yes,Bank Withdrawal,70.25,229.7,0.0,0,76.2,305.9,4,Joined,No,46,2156,Not Applicable,Not Applicable,0,1,1–6 months,30–44,$70–$89.99,Emerging Value,3,0,No Referrals,Higher Contract Risk,4,Very High,101.97,Basic Relationship,0.7545580307987598,True,False,True,True,False,True,True,False,Early fiber assurance,2,"First-90-day fiber service-health check, rapid issue resolution, and plan review",40.0
9761-XUJWD,Male,22,Yes,No,No,No,0,United States,California,Fresno,93650,36.841655,-119.797113,3258,Q3,No,0,5,No Offer,Yes,8.6,No,Yes,DSL,59,No,Yes,No,Yes,No,Yes,Yes,Yes,Month-to-Month,Yes,Bank Withdrawal,65.6,339.9,0.0,0,43.0,382.9,4,Stayed,No,65,5636,Not Applicable,Not Applicable,0,1,1–6 months,19–29,$35–$69.99,Premium Value,7,2,No Referrals,Higher Contract Risk,2,Elevated,76.58,Protection Engaged,0.4095040770881445,True,False,False,True,False,False,False,False,Early onboarding,3,Structured 30/60/90-day onboarding support and service education,25.0
1818-ESQMW,Female,31,No,No,No,No,0,United States,California,San Joaquin,93660,36.600193,-120.153393,4318,Q3,No,0,27,Offer C,Yes,39.62,No,Yes,Fiber Optic,2,No,No,Yes,Yes,No,Yes,Yes,Yes,Month-to-Month,Yes,Bank Withdrawal,89.2,2383.6,0.0,0,1069.74,3453.34,3,Stayed,No,54,4384,Not Applicable,Not Applicable,0,1,25–48 months,30–44,$70–$89.99,Core Value,7,2,No Referrals,Higher Contract Risk,2,Elevated,127.9,Protection Engaged,0.4619782608225926,True,False,False,False,False,True,False,False,Fiber quality and contract,5,Fiber diagnostics followed by a value-led contract-upgrade incentive,50.0
7401-RUBNK,Female,25,Yes,No,Yes,No,0,United States,California,South Dos Palos,93665,36.959731,-120.653519,343,Q3,Yes,1,18,Offer D,Yes,43.29,No,Yes,Fiber Optic,41,Yes,No,No,No,No,No,No,Yes,Month-to-Month,No,Bank Withdrawal,74.8,1438.05,0.0,0,779.22,2217.27,3,Stayed,No,39,4809,Not Applicable,Not Applicable,0,1,13–24 months,19–29,$70–$89.99,High Value,4,1,1–2 Referrals,Higher Contract Risk,3,High,123.18,Advocate,0.534692788608293,True,True,False,False,False,True,True,False,High-value outreach,1,Dedicated retention specialist and personalized value-protection review,75.0
4815-GBTCD,Female,55,No,No,Yes,No,0,United States,California,Wishon,93669,37.287758,-119.548156,327,Q3,Yes,1,4,No Offer,No,0.0,No,Yes,DSL,29,No,No,No,No,No,No,No,Yes,Month-to-Month,Yes,Bank Withdrawal,25.15,99.95,0.0,0,0.0,99.95,4,Stayed,No,31,3891,Not Applicable,Not Applicable,0,1,1–6 months,45–59,Under $35,Core Value,2,0,1–2 Referrals,Higher Contract Risk,3,High,24.99,Advocate,0.7849998991347307,True,False,False,True,False,False,True,False,Early onboarding,3,Structured 30/60/90-day onboarding support and service education,25.0
0980-PVMRC,Female,27,Yes,No,Yes,Yes,3,United States,California,Squaw Valley,93675,36.719141,-119.202677,3146,Q3,No,0,40,No Offer,No,0.0,No,Yes,DSL,52,No,Yes,No,No,Yes,Yes,Yes,Yes,Month-to-Month,Yes,Bank Withdrawal,50.85,2036.55,0.0,0,0.0,2036.55,3,Stayed,No,35,2819,Not Applicable,Not Applicable,0,1,25–48 months,19–29,$35–$69.99,Emerging Value,6,1,No Referrals,Higher Contract Risk,2,Elevated,50.91,Multi-Service,0.3800882425414599,True,False,False,False,False,False,True,False,Support bundle and contract,6,Time-limited premium-support bundle with a longer-contract value option,45.0
7233-DRTRF,Male,47,No,No,Yes,No,0,United States,California,Fresno,93701,36.749403,-119.787574,13858,Q3,Yes,1,63,No Offer,Yes,17.75,Yes,Yes,Fiber Optic,15,No,Yes,Yes,No,Yes,Yes,Yes,Yes,Month-to-Month,Yes,Bank Withdrawal,102.4,6444.05,0.0,0,1118.25,7562.3,4,Stayed,No,43,5096,Not Applicable,Not Applicable,0,1,49–72 months,45–59,$90+,High Value,8,2,1–2 Referrals,Higher Contract Risk,4,Very High,120.04,Advocate,0.7129483250878289,True,True,False,False,False,True,True,False,High-value outreach,1,Dedicated retention specialist and personalized value-protection review,75.0
7048-GXDAY,Male,55,No,No,No,No,0,United States,California,Fresno,93705,36.78724,-119.827813,35451,Q3,No,0,39,Offer C,Yes,17.17,Yes,Yes,Fiber Optic,30,Yes,Yes,No,No,Yes,Yes,Yes,Yes,Month-to-Month,Yes,Bank Withdrawal,106.4,4040.65,0.0,0,669.63,4710.28,4,Stayed,No,66,4111,Not Applicable,Not Applicable,0,1,25–48 months,45–59,$90+,Core Value,8,2,No Referrals,Higher Contract Risk,4,Very High,120.78,Protection Engaged,0.5207384439720252,True,False,False,False,False,True,True,False,Fiber quality and contract,5,Fiber diagnostics followed by a value-led contract-upgrade incentive,50.0
1169-WCVAK,Male,42,No,No,Yes,No,0,United States,California,Fresno,93710,36.822715,-119.761826,29337,Q3,Yes,1,19,Offer D,Yes,34.05,Yes,Yes,Fiber Optic,20,Yes,Yes,No,Yes,No,No,No,Yes,Month-to-Month,Yes,Credit Card,88.8,1672.35,0.0,0,646.95,2319.3,3,Stayed,No,63,4600,Not Applicable,Not Applicable,0,1,13–24 months,30–44,$70–$89.99,High Value,6,3,1–2 Referrals,Higher Contract Risk,2,Elevated,122.07,Advocate,0.4652537494692979,True,False,False,False,False,True,False,False,Fiber quality and contract,5,Fiber diagnostics followed by a value-led contract-upgrade incentive,50.0
7129-CAKJW,Female,62,No,No,No,No,0,United States,California,Fresno,93721,36.732694,-119.783786,6848,Q3,No,0,17,Offer D,Yes,44.96,Yes,Yes,Fiber Optic,29,No,No,Yes,No,No,No,No,Yes,Month-to-Month,No,Bank Withdrawal,80.05,1345.65,0.0,0,764.32,2109.97,5,Stayed,No,27,3443,Not Applicable,Not Applicable,0,1,13–24 months,60–69,$70–$89.99,Emerging Value,4,1,No Referrals,Higher Contract Risk,3,High,124.12,Basic Relationship,0.4714811216237621,True,False,False,False,False,True,True,False,Fiber quality and contract,5,Fiber diagnostics followed by a value-led contract-upgrade incentive,50.0
8132-YPVBX,Female,28,Yes,No,No,No,0,United States,California,Salinas,93907,36.77462,-121.664714,22292,Q3,No,0,6,No Offer,Yes,40.64,No,Yes,Fiber Optic,51,No,Yes,No,No,No,Yes,Yes,Yes,Month-to-Month,Yes,Credit Card,85.95,514.6,0.0,0,243.84,758.44,5,Stayed,No,80,3291,Not Applicable,Not Applicable,0,1,1–6 months,19–29,$70–$89.99,Emerging Value,6,1,No Referrals,Higher Contract Risk,4,Very High,126.41,Multi-Service,0.5982116595307969,True,False,True,True,False,True,True,False,Early fiber assurance,2,"First-90-day fiber service-health check, rapid issue resolution, and plan review",40.0
0374-IOEGQ,Female,62,No,No,No,No,0,United States,California,Gonzales,93926,36.52588,-121.396719,9023,Q3,No,0,3,No Offer,Yes,15.59,No,Yes,Cable,27,No,No,No,No,No,No,No,Yes,Month-to-Month,No,Bank Withdrawal,44.6,122.7,0.0,0,46.77,169.47,4,Joined,No,74,3122,Not Applicable,Not Applicable,0,1,1–6 months,60–69,$35–$69.99,Emerging Value,3,0,No Referrals,Higher Contract Risk,3,High,56.49,Basic Relationship,0.4378790241000319,True,False,False,True,False,False,True,False,Early onboarding,3,Structured 30/60/90-day onboarding support and service education,25.0
5055-MGMGF,Female,35,No,No,Yes,No,0,United States,California,Half Moon Bay,94019,37.45567,-122.407992,17929,Q3,Yes,3,65,Offer B,Yes,40.71,Yes,Yes,Fiber Optic,23,Yes,No,Yes,No,Yes,Yes,Yes,No,Month-to-Month,Yes,Bank Withdrawal,105.05,6914.95,0.0,60,2646.15,9621.1,3,Stayed,No,53,5313,Not Applicable,Not Applicable,0,1,49–72 months,30–44,$90+,High Value,7,2,3–5 Referrals,Higher Contract Risk,4,Very High,148.02,Advocate,0.4058816186611262,True,True,False,False,False,True,True,False,High-value outreach,1,Dedicated retention specialist and personalized value-protection review,75.0
2969-QWUBZ,Female,53,No,No,No,No,0,United States,California,Los Altos,94022,37.349546,-122.134356,18486,Q3,No,0,2,No Offer,No,0.0,No,Yes,Cable,21,No,Yes,No,No,Yes,Yes,Yes,Yes,Month-to-Month,No,Bank Withdrawal,51.4,96.8,0.0,0,0.0,96.8,5,Joined,No,58,2580,Not Applicable,Not Applicable,0,1,1–6 months,45–59,$35–$69.99,Emerging Value,6,1,No Referrals,Higher Contract Risk,3,High,48.4,Multi-Service,0.6930083174648756,True,False,False,True,False,False,True,False,Early onboarding,3,Structured 30/60/90-day onboarding support and service education,25.0
2971-SGAFL,Female,34,No,No,No,No,0,United States,California,Millbrae,94030,37.601248,-122.403099,20350,Q3,No,0,13,Offer D,Yes,38.4,Yes,Yes,DSL,23,Yes,No,Yes,No,Yes,Yes,Yes,No,Month-to-Month,Yes,Bank Withdrawal,78.75,995.35,0.0,50,499.2,1544.55,4,Stayed,No,79,5631,Not Applicable,Not Applicable,0,1,13–24 months,30–44,$70–$89.99,Premium Value,7,2,No Referrals,Higher Contract Risk,2,Elevated,118.81,Protection Engaged,0.4368699141896431,True,False,False,False,False,False,True,False,Support bundle and contract,6,Time-limited premium-support bundle with a longer-contract value option,45.0
3370-HXOPH,Female,50,No,No,No,No,0,United States,California,Mountain View,94041,37.388349,-122.075299,13483,Q3,No,0,3,No Offer,Yes,14.35,Yes,Yes,Fiber Optic,17,No,No,No,No,No,No,No,Yes,Month-to-Month,No,Bank Withdrawal,76.1,257.6,0.0,0,43.05,300.65,4,Joined,No,25,2650,Not Applicable,Not Applicable,0,1,1–6 months,45–59,$70–$89.99,Emerging Value,3,0,No Referrals,Higher Contract Risk,4,Very High,100.22,Basic Relationship,0.6948102679540472,True,False,True,True,False,True,True,False,Early fiber assurance,2,"First-90-day fiber service-health check, rapid issue resolution, and plan review",40.0
9584-EXCDZ,Female,53,No,No,No,No,0,United States,California,San Francisco,94103,37.773147,-122.411287,23036,Q3,No,0,17,Offer D,Yes,41.78,No,Yes,Fiber Optic,16,No,No,No,No,No,No,No,Yes,Month-to-Month,No,Bank Withdrawal,70.5,1165.6,0.0,0,710.26,1875.86,3,Stayed,No,53,3650,Not Applicable,Not Applicable,0,1,13–24 months,45–59,$70–$89.99,Core Value,3,0,No Referrals,Higher Contract Risk,3,High,110.34,Basic Relationship,0.3931758791047829,True,False,False,False,False,True,True,False,Fiber quality and contract,5,Fiber diagnostics followed by a value-led contract-upgrade incentive,50.0
9214-EKVXR,Female,51,No,No,No,No,0,United States,California,San Francisco,94110,37.750021,-122.415201,74641,Q3,No,0,1,No Offer,Yes,26.15,No,Yes,DSL,26,No,No,No,No,No,No,No,Yes,Month-to-Month,Yes,Credit Card,44.0,44.0,0.0,0,26.15,70.15,4,Joined,No,75,4138,Not Applicable,Not Applicable,0,1,1–6 months,45–59,$35–$69.99,Core Value,3,0,No Referrals,Higher Contract Risk,3,High,70.15,Basic Relationship,0.3726293015343532,True,False,False,True,False,False,True,False,Early onboarding,3,Structured 30/60/90-day onboarding support and service education,25.0
2122-YWVYA,Female,44,No,No,No,No,0,United States,California,San Francisco,94116,37.74441,-122.486764,42959,Q3,No,0,18,Offer D,Yes,15.01,No,Yes,Fiber Optic,22,Yes,No,No,No,No,No,No,Yes,Month-to-Month,Yes,Bank Withdrawal,75.4,1380.4,0.0,0,270.18,1650.58,4,Stayed,No,53,4792,Not Applicable,Not Applicable,0,1,13–24 months,30–44,$70–$89.99,High Value,4,1,No Referrals,Higher Contract Risk,3,High,91.7,Basic Relationship,0.3817586047300683,True,True,False,False,False,True,True,False,High-value outreach,1,Dedicated retention specialist and personalized value-protection review,75.0
2709-UQGNP,Male,38,No,No,No,No,0,United States,California,San Mateo,94401,37.590421,-122.306467,32488,Q3,No,0,10,No Offer,Yes,49.04,No,Yes,Cable,23,Yes,No,No,No,No,No,No,Yes,Month-to-Month,Yes,Credit Card,51.65,524.5,0.0,0,490.4,1014.9,4,Stayed,No,45,4292,Not Applicable,Not Applicable,0,1,7–12 months,30–44,$35–$69.99,Core Value,4,1,No Referrals,Higher Contract Risk,3,High,101.49,Basic Relationship,0.3300356074664554,True,False,False,False,False,False,True,False,Support bundle and contract,6,Time-limited premium-support bundle with a longer-contract value option,45.0
1628-BIZYP,Male,60,No,No,No,No,0,United States,California,Brentwood,94513,37.908242,-121.682472,26577,Q3,No,0,1,No Offer,Yes,15.2,No,Yes,Fiber Optic,2,No,Yes,No,No,No,Yes,Yes,Yes,Month-to-Month,Yes,Bank Withdrawal,85.0,85.0,0.0,0,15.2,100.2,4,Joined,No,46,5754,Not Applicable,Not Applicable,0,1,1–6 months,60–69,$70–$89.99,Premium Value,6,1,No Referrals,Higher Contract Risk,4,Very High,100.2,Multi-Service,0.7428797375347179,True,True,True,True,False,True,True,False,High-value outreach,1,Dedicated retention specialist and personalized value-protection review,75.0
0082-LDZUE,Male,54,No,No,No,No,0,United States,California,Calistoga,94515,38.629618,-122.593216,7384,Q3,No,0,1,Offer E,Yes,42.95,No,Yes,DSL,9,No,No,No,No,No,No,No,Yes,Month-to-Month,Yes,Credit Card,44.3,44.3,0.0,0,42.95,87.25,5,Joined,No,57,4427,Not Applicable,Not Applicable,0,1,1–6 months,45–59,$35–$69.99,Core Value,3,0,No Referrals,Higher Contract Risk,3,High,87.25,Basic Relationship,0.4693968013937633,True,False,False,True,False,False,True,False,Early onboarding,3,Structured 30/60/90-day onboarding support and service education,25.0
0856-NAOES,Male,29,Yes,No,No,No,0,United States,California,Concord,94519,37.990118,-122.012188,18650,Q3,No,0,6,Offer E,Yes,45.67,No,Yes,DSL,71,No,No,Yes,No,Yes,No,No,Yes,Month-to-Month,No,Credit Card,60.9,414.1,0.0,0,274.02,688.12,5,Stayed,No,80,2191,Not Applicable,Not Applicable,0,1,1–6 months,19–29,$35–$69.99,Emerging Value,5,1,No Referrals,Higher Contract Risk,3,High,114.69,Multi-Service,0.4367064878556188,True,False,False,True,False,False,True,False,Early onboarding,3,Structured 30/60/90-day onboarding support and service education,25.0
1976-AZZPJ,Male,47,No,No,Yes,No,0,United States,California,Concord,94520,38.013825,-122.039144,36186,Q3,Yes,3,7,Offer E,No,0.0,No,Yes,DSL,17,Yes,Yes,No,No,No,No,No,Yes,Month-to-Month,No,Credit Card,34.2,256.6,0.0,0,0.0,256.6,4,Stayed,No,32,5100,Not Applicable,Not Applicable,0,1,7–12 months,45–59,Under $35,High Value,4,2,3–5 Referrals,Higher Contract Risk,3,High,36.66,Advocate,0.332149506018121,True,True,False,False,False,False,True,False,High-value outreach,1,Dedicated retention specialist and personalized value-protection review,75.0
8035-PWSEV,Female,60,No,No,No,No,0,United States,California,Hayward,94542,37.656695,-122.048361,11147,Q3,No,0,6,Offer E,Yes,35.88,No,Yes,Fiber Optic,10,No,No,Yes,Yes,No,Yes,Yes,Yes,Month-to-Month,Yes,Bank Withdrawal,89.25,487.05,0.0,0,215.28,702.33,3,Stayed,No,76,4430,Not Applicable,Not Applicable,0,1,1–6 months,60–69,$70–$89.99,Core Value,7,2,No Referrals,Higher Contract Risk,3,High,117.06,Protection Engaged,0.730135730454427,True,False,True,True,False,True,False,False,Early fiber assurance,2,"First-90-day fiber service-health check, rapid issue resolution, and plan review",40.0
1356-MKYSK,Male,44,No,No,No,No,0,United States,California,Castro Valley,94546,37.708327,-122.083473,41698,Q3,No,0,6,Offer E,Yes,46.59,No,Yes,DSL,7,Yes,No,Yes,Yes,Yes,Yes,Yes,No,Month-to-Month,No,Credit Card,78.65,483.3,0.0,10,279.54,772.84,3,Stayed,No,68,2724,Not Applicable,Not Applicable,0,1,1–6 months,30–44,$70–$89.99,Emerging Value,8,3,No Referrals,Higher Contract Risk,2,Elevated,128.81,Protection Engaged,0.3332646296060587,True,False,False,True,False,False,False,False,Early onboarding,3,Structured 30/60/90-day onboarding support and service education,25.0
5816-QVHRX,Female,26,Yes,No,No,No,0,United States,California,San Leandro,94579,37.687264,-122.15728,19815,Q3,No,0,37,No Offer,Yes,45.06,Yes,Yes,Fiber Optic,82,No,No,No,Yes,Yes,Yes,Yes,Yes,Month-to-Month,No,Credit Card,100.3,3541.4,0.0,0,1667.22,5208.62,5,Stayed,No,44,4040,Not Applicable,Not Applicable,0,1,25–48 months,19–29,$90+,Core Value,7,1,No Referrals,Higher Contract Risk,3,High,140.77,Multi-Service,0.3707607118641862,True,False,False,False,False,True,False,False,Fiber quality and contract,5,Fiber diagnostics followed by a value-led contract-upgrade incentive,50.0
6888-SBYAI,Male,56,No,No,No,No,0,United States,California,San Ramon,94583,37.766556,-121.976784,44078,Q3,No,0,1,Offer E,Yes,38.05,No,Yes,Cable,14,Yes,No,No,No,No,No,No,Yes,Month-to-Month,Yes,Credit Card,50.7,50.7,0.0,0,38.05,88.75,3,Joined,No,30,3007,Not Applicable,Not Applicable,0,1,1–6 months,45–59,$35–$69.99,Emerging Value,4,1,No Referrals,Higher Contract Risk,3,High,88.75,Basic Relationship,0.4566169026328567,True,False,False,True,False,False,True,False,Early onboarding,3,Structured 30/60/90-day onboarding support and service education,25.0
2049-BAFNW,Female,60,No,No,No,No,0,United States,California,Vallejo,94592,38.093701,-122.276589,159,Q3,No,0,1,Offer E,No,0.0,No,Yes,DSL,7,No,No,Yes,Yes,No,No,No,Yes,Month-to-Month,No,Credit Card,35.9,35.9,0.0,0,0.0,35.9,5,Joined,No,55,3929,Not Applicable,Not Applicable,0,1,1–6 months,60–69,$35–$69.99,Core Value,4,2,No Referrals,Higher Contract Risk,2,Elevated,35.9,Protection Engaged,0.4353372173688888,True,False,False,True,False,False,False,False,Early onboarding,3,Structured 30/60/90-day onboarding support and service education,25.0
4673-KKSLS,Female,56,No,No,No,No,0,United States,California,Oakland,94605,37.758019,-122.138678,42854,Q3,No,0,31,No Offer,Yes,40.92,No,Yes,Fiber Optic,20,Yes,No,Yes,Yes,No,No,No,No,Month-to-Month,No,Bank Withdrawal,87.6,2724.25,0.0,70,1268.52,4062.77,4,Stayed,No,48,5094,Not Applicable,Not Applicable,0,1,25–48 months,45–59,$70–$89.99,High Value,5,3,No Referrals,Higher Contract Risk,2,Elevated,131.06,Protection Engaged,0.3215170359106339,True,False,False,False,False,True,False,False,Fiber quality and contract,5,Fiber diagnostics followed by a value-led contract-upgrade incentive,50.0
0212-ISBBF,Female,51,No,No,No,No,0,United States,California,Berkeley,94705,37.858898,-122.240512,12448,Q3,No,0,22,No Offer,No,0.0,No,Yes,Cable,22,No,Yes,No,No,Yes,Yes,Yes,Yes,Month-to-Month,Yes,Bank Withdrawal,50.35,1098.85,0.0,0,0.0,1098.85,3,Stayed,No,73,2875,Not Applicable,Not Applicable,0,1,13–24 months,45–59,$35–$69.99,Emerging Value,6,1,No Referrals,Higher Contract Risk,2,Elevated,49.95,Multi-Service,0.6248590830144932,True,False,False,False,False,False,True,False,Support bundle and contract,6,Time-limited premium-support bundle with a longer-contract value option,45.0
1472-TNCWL,Male,55,No,No,No,Yes,1,United States,California,El Sobrante,94803,37.963995,-122.288296,25399,Q3,No,0,36,No Offer,Yes,21.3,No,Yes,Fiber Optic,18,No,Yes,No,No,Yes,Yes,Yes,Yes,Month-to-Month,Yes,Bank Withdrawal,94.7,3512.5,0.0,0,766.8,4279.3,3,Stayed,No,76,4671,Not Applicable,Not Applicable,0,1,25–48 months,45–59,$90+,High Value,7,1,No Referrals,Higher Contract Risk,4,Very High,118.87,Multi-Service,0.4402628066850039,True,True,False,False,False,True,True,False,High-value outreach,1,Dedicated retention specialist and personalized value-protection review,75.0
2080-GKCWQ,Male,54,No,No,No,No,0,United States,California,San Pablo,94806,37.980269,-122.342635,55720,Q3,No,0,2,No Offer,Yes,3.76,No,Yes,Fiber Optic,16,No,Yes,No,No,No,No,No,Yes,Month-to-Month,No,Bank Withdrawal,74.95,151.75,0.0,0,7.52,159.27,4,Joined,No,76,3969,Not Applicable,Not Applicable,0,1,1–6 months,45–59,$70–$89.99,Core Value,4,1,No Referrals,Higher Contract Risk,4,Very High,79.64,Basic Relationship,0.5878160752698186,True,False,True,True,False,True,True,False,Early fiber assurance,2,"First-90-day fiber service-health check, rapid issue resolution, and plan review",40.0
3462-BJQQA,Female,23,Yes,No,No,No,0,United States,California,Belvedere Tiburon,94920,37.885629,-122.46858,13065,Q3,No,0,6,No Offer,Yes,34.42,Yes,Yes,Fiber Optic,42,No,Yes,No,No,Yes,No,No,No,Month-to-Month,Yes,Bank Withdrawal,89.75,552.65,0.0,60,206.52,819.17,5,Stayed,No,63,2370,Not Applicable,Not Applicable,0,1,1–6 months,19–29,$70–$89.99,Emerging Value,4,1,No Referrals,Higher Contract Risk,4,Very High,136.53,Basic Relationship,0.7561926021700951,True,False,True,True,False,True,True,False,Early fiber assurance,2,"First-90-day fiber service-health check, rapid issue resolution, and plan review",40.0
4367-NHWMM,Female,37,No,No,No,No,0,United States,California,Corte Madera,94925,37.924014,-122.511694,9038,Q3,No,0,1,No Offer,No,0.0,No,Yes,Cable,13,No,No,No,No,No,No,No,Yes,Month-to-Month,Yes,Credit Card,24.9,24.9,0.0,0,0.0,24.9,4,Joined,No,61,5318,Not Applicable,Not Applicable,0,1,1–6 months,30–44,Under $35,High Value,2,0,No Referrals,Higher Contract Risk,3,High,24.9,Basic Relationship,0.5304511350877092,True,True,False,True,False,False,True,False,High-value outreach,1,Dedicated retention specialist and personalized value-protection review,75.0
2325-NBPZG,Female,20,Yes,No,No,No,0,United States,California,Novato,94949,38.067204,-122.524004,13361,Q3,No,0,3,No Offer,Yes,10.1,No,Yes,Fiber Optic,73,Yes,No,No,No,No,No,No,Yes,Month-to-Month,Yes,Bank Withdrawal,74.55,233.65,0.0,0,30.3,263.95,3,Joined,No,58,5125,Not Applicable,Not Applicable,0,1,1–6 months,19–29,$70–$89.99,High Value,4,1,No Referrals,Higher Contract Risk,4,Very High,87.98,Basic Relationship,0.5557467397892263,True,True,True,True,False,True,True,False,High-value outreach,1,Dedicated retention specialist and personalized value-protection review,75.0
9714-EDSUC,Male,25,Yes,No,No,No,0,United States,California,Alviso,95002,37.449537,-121.994813,2147,Q3,No,0,4,No Offer,Yes,11.5,No,Yes,Fiber Optic,41,Yes,Yes,No,Yes,No,Yes,Yes,Yes,Month-to-Month,Yes,Credit Card,94.9,360.55,0.0,0,46.0,406.55,4,Stayed,No,22,3094,Not Applicable,Not Applicable,0,1,1–6 months,19–29,$90+,Emerging Value,8,3,No Referrals,Higher Contract Risk,4,Very High,101.64,Protection Engaged,0.434317586107135,True,False,True,True,False,True,False,False,Early fiber assurance,2,"First-90-day fiber service-health check, rapid issue resolution, and plan review",40.0
1689-YQBYY,Female,43,No,No,No,Yes,1,United States,California,Los Gatos,95030,37.222842,-121.988727,13290,Q3,No,0,12,Offer D,Yes,26.13,Yes,Yes,Fiber Optic,23,No,No,No,No,No,No,No,Yes,Month-to-Month,Yes,Bank Withdrawal,76.6,893.0,0.0,0,313.56,1206.56,3,Stayed,No,61,3280,Not Applicable,Not Applicable,0,1,7–12 months,30–44,$70–$89.99,Emerging Value,3,0,No Referrals,Higher Contract Risk,4,Very High,100.55,Basic Relationship,0.4488769045018383,True,False,True,False,False,True,True,False,Early fiber assurance,2,"First-90-day fiber service-health check, rapid issue resolution, and plan review",40.0
2959-FENLU,Female,64,No,No,No,No,0,United States,California,Los Gatos,95033,37.160194,-121.945611,10172,Q3,No,0,9,No Offer,Yes,48.38,No,Yes,Fiber Optic,8,No,No,Yes,No,No,Yes,Yes,No,Month-to-Month,Yes,Credit Card,85.3,781.4,0.0,10,435.42,1226.82,5,Stayed,No,28,5850,Not Applicable,Not Applicable,0,1,7–12 months,60–69,$70–$89.99,Premium Value,5,1,No Referrals,Higher Contract Risk,4,Very High,136.31,Multi-Service,0.6181630781747336,True,True,True,False,False,True,True,False,High-value outreach,1,Dedicated retention specialist and personalized value-protection review,75.0
0708-LGSMF,Male,56,No,No,Yes,No,0,United States,California,Milpitas,95035,37.441931,-121.878502,62848,Q3,Yes,1,13,Offer D,Yes,14.32,Yes,Yes,DSL,4,Yes,No,No,No,No,Yes,Yes,Yes,Month-to-Month,Yes,Bank Withdrawal,65.85,902.25,0.0,0,186.16,1088.41,3,Stayed,No,44,2731,Not Applicable,Not Applicable,0,1,13–24 months,45–59,$35–$69.99,Emerging Value,6,1,1–2 Referrals,Higher Contract Risk,2,Elevated,83.72,Advocate,0.6460949292866561,True,False,False,False,False,False,True,False,Support bundle and contract,6,Time-limited premium-support bundle with a longer-contract value option,45.0
0487-RPVUM,Male,49,No,No,Yes,No,0,United States,California,Mount Hermon,95041,37.051166,-122.056194,77,Q3,Yes,1,61,No Offer,Yes,15.15,Yes,Yes,Fiber Optic,28,Yes,No,Yes,Yes,Yes,No,No,Yes,Month-to-Month,No,Bank Withdrawal,99.4,5943.65,0.0,0,924.15,6867.8,4,Stayed,No,44,5404,Not Applicable,Not Applicable,0,1,49–72 months,45–59,$90+,Premium Value,7,3,1–2 Referrals,Higher Contract Risk,3,High,112.59,Advocate,0.4655278386688554,True,True,False,False,False,True,False,False,High-value outreach,1,Dedicated retention specialist and personalized value-protection review,75.0
6599-SFQVE,Female,27,Yes,No,No,No,0,United States,California,Santa Clara,95051,37.348129,-121.98469,52986,Q3,No,0,6,No Offer,Yes,37.57,No,Yes,Cable,58,No,No,No,No,No,Yes,Yes,Yes,Month-to-Month,Yes,Bank Withdrawal,55.0,340.4,0.0,0,225.42,565.82,5,Stayed,No,21,2629,Not Applicable,Not Applicable,0,1,1–6 months,19–29,$35–$69.99,Emerging Value,5,0,No Referrals,Higher Contract Risk,3,High,94.3,Multi-Service,0.5548668779311648,True,False,False,True,False,False,True,False,Early onboarding,3,Structured 30/60/90-day onboarding support and service education,25.0
0356-ERHVT,Male,54,No,No,Yes,No,0,United States,California,Santa Cruz,95062,36.974575,-121.991149,36631,Q3,Yes,1,11,Offer D,Yes,12.95,No,Yes,Cable,6,No,No,No,No,No,No,No,Yes,Month-to-Month,Yes,Bank Withdrawal,45.9,521.9,0.0,0,142.45,664.35,5,Stayed,No,41,3880,Not Applicable,Not Applicable,0,1,7–12 months,45–59,$35–$69.99,Core Value,3,0,1–2 Referrals,Higher Contract Risk,3,High,60.4,Advocate,0.6342406243826393,True,False,False,False,False,False,True,False,Support bundle and contract,6,Time-limited premium-support bundle with a longer-contract value option,45.0
8757-TFHHJ,Male,55,No,No,No,No,0,United States,California,San Jose,95128,37.316146,-121.936285,32804,Q3,No,0,1,No Offer,Yes,38.21,No,Yes,Cable,13,Yes,No,No,No,No,No,No,Yes,Month-to-Month,Yes,Credit Card,49.8,49.8,0.0,0,38.21,88.01,3,Joined,No,24,2978,Not Applicable,Not Applicable,0,1,1–6 months,45–59,$35–$69.99,Emerging Value,4,1,No Referrals,Higher Contract Risk,3,High,88.01,Basic Relationship,0.3650472900166777,True,False,False,True,False,False,True,False,Early onboarding,3,Structured 30/60/90-day onboarding support and service education,25.0
5119-KEPFY,Male,50,No,No,Yes,No,0,United States,California,San Jose,95131,37.387027,-121.897775,26389,Q3,Yes,3,36,No Offer,Yes,5.99,Yes,Yes,Fiber Optic,6,No,No,No,No,Yes,Yes,Yes,Yes,Month-to-Month,Yes,Bank Withdrawal,95.0,3440.25,0.0,0,215.64,3655.89,5,Stayed,No,64,3057,Not Applicable,Not Applicable,0,1,25–48 months,45–59,$90+,Emerging Value,6,0,3–5 Referrals,Higher Contract Risk,4,Very High,101.55,Advocate,0.7051954908534369,True,False,False,False,False,True,True,False,Fiber quality and contract,5,Fiber diagnostics followed by a value-led contract-upgrade incentive,50.0
8654-DHAOW,Female,47,No,No,No,No,0,United States,California,Burson,95225,38.183918,-120.898817,27,Q3,No,0,2,Offer E,Yes,21.3,Yes,Yes,DSL,7,No,Yes,No,No,No,No,No,No,Month-to-Month,No,Credit Card,54.15,101.65,0.0,10,42.6,154.25,5,Joined,No,27,3527,Not Applicable,Not Applicable,0,1,1–6 months,45–59,$35–$69.99,Core Value,3,1,No Referrals,Higher Contract Risk,3,High,77.12,Basic Relationship,0.4026332338118892,True,False,False,True,False,False,True,False,Early onboarding,3,Structured 30/60/90-day onboarding support and service education,25.0
9812-GHVRI,Female,50,No,No,No,No,0,United States,California,Clements,95227,38.227285,-121.02789,722,Q3,No,0,40,Offer B,Yes,33.66,Yes,Yes,Fiber Optic,20,No,No,No,No,No,Yes,Yes,Yes,Month-to-Month,No,Bank Withdrawal,83.85,3532.25,0.0,0,1346.4,4878.65,4,Stayed,No,31,4294,Not Applicable,Not Applicable,0,1,25–48 months,45–59,$70–$89.99,Core Value,5,0,No Referrals,Higher Contract Risk,3,High,121.97,Multi-Service,0.4437581432365773,True,False,False,False,False,True,True,False,Fiber quality and contract,5,Fiber diagnostics followed by a value-led contract-upgrade incentive,50.0
1228-ZLNBX,Male,25,Yes,No,No,No,0,United States,California,Farmington,95230,37.956963,-120.863055,596,Q3,No,0,21,No Offer,Yes,3.26,Yes,Yes,Fiber Optic,51,No,No,No,No,No,No,No,Yes,Month-to-Month,No,Credit Card,75.3,1570.7,0.0,0,68.46,1639.16,3,Stayed,No,50,2847,Not Applicable,Not Applicable,0,1,13–24 months,19–29,$70–$89.99,Emerging Value,3,0,No Referrals,Higher Contract Risk,3,High,78.06,Basic Relationship,0.4317994302602336,True,False,False,False,False,True,True,False,Fiber quality and contract,5,Fiber diagnostics followed by a value-led contract-upgrade incentive,50.0
4226-KKDON,Male,41,No,No,No,No,0,United States,California,French Camp,95231,37.873283,-121.292034,5094,Q3,No,0,8,Offer E,Yes,30.8,No,Yes,DSL,27,No,Yes,No,Yes,Yes,No,No,Yes,Month-to-Month,Yes,Bank Withdrawal,66.65,520.95,0.0,0,246.4,767.35,4,Stayed,No,60,3804,Not Applicable,Not Applicable,0,1,7–12 months,30–44,$35–$69.99,Core Value,6,2,No Referrals,Higher Contract Risk,2,Elevated,95.92,Protection Engaged,0.5248312886022627,True,False,False,False,False,False,False,False,Competitor-response retention,8,"Personalized device, data, speed, or value response based on customer needs",55.0
6218-KNUBD,Male,58,No,No,No,No,0,United States,California,Lodi,95242,38.128087,-121.4078,22073,Q3,No,0,6,No Offer,Yes,10.88,No,Yes,Cable,8,No,Yes,No,No,Yes,No,No,Yes,Month-to-Month,No,Bank Withdrawal,59.45,357.6,0.0,0,65.28,422.88,4,Stayed,No,54,2393,Not Applicable,Not Applicable,0,1,1–6 months,45–59,$35–$69.99,Emerging Value,5,1,No Referrals,Higher Contract Risk,3,High,70.48,Multi-Service,0.4904178584206122,True,False,False,True,False,False,True,False,Early onboarding,3,Structured 30/60/90-day onboarding support and service education,25.0
4132-POCZS,Male,47,No,No,Yes,No,0,United States,California,West Point,95255,38.41935,-120.469545,2198,Q3,Yes,1,52,No Offer,No,0.0,No,Yes,DSL,26,Yes,No,No,No,No,Yes,Yes,Yes,Month-to-Month,Yes,Bank Withdrawal,39.9,2020.9,0.0,0,0.0,2020.9,3,Stayed,No,54,6371,Not Applicable,Not Applicable,0,1,49–72 months,45–59,$35–$69.99,Premium Value,5,1,1–2 Referrals,Higher Contract Risk,2,Elevated,38.86,Advocate,0.4834185383268758,True,False,False,False,False,False,True,False,Support bundle and contract,6,Time-limited premium-support bundle with a longer-contract value option,45.0
9638-JIQYA,Male,22,Yes,No,No,No,0,United States,California,Ballico,95303,37.4695,-120.672724,809,Q3,No,0,2,No Offer,No,0.0,No,Yes,DSL,48,No,No,No,No,No,No,No,No,Month-to-Month,Yes,Credit Card,24.9,49.7,0.0,10,0.0,59.7,3,Joined,No,41,4033,Not Applicable,Not Applicable,0,1,1–6 months,19–29,Under $35,Core Value,1,0,No Referrals,Higher Contract Risk,3,High,29.85,Basic Relationship,0.4184940014890414,True,False,False,True,False,False,True,False,Early onboarding,3,Structured 30/60/90-day onboarding support and service education,25.0
5222-IMUKT,Male,40,No,No,No,No,0,United States,California,Hornitos,95325,37.479926,-120.230424,128,Q3,No,0,32,No Offer,Yes,47.3,No,Yes,Fiber Optic,24,No,No,No,No,Yes,Yes,Yes,Yes,Month-to-Month,No,Bank Withdrawal,91.05,2871.5,0.0,0,1513.6,4385.1,4,Stayed,No,80,2716,Not Applicable,Not Applicable,0,1,25–48 months,30–44,$90+,Emerging Value,6,0,No Referrals,Higher Contract Risk,4,Very High,137.03,Multi-Service,0.5810465844201739,True,False,False,False,False,True,True,False,Fiber quality and contract,5,Fiber diagnostics followed by a value-led contract-upgrade incentive,50.0
4343-EJVQB,Male,48,No,No,No,No,0,United States,California,Mariposa,95338,37.526791,-119.99437,10226,Q3,No,0,7,No Offer,Yes,1.67,No,Yes,Fiber Optic,23,Yes,No,No,No,No,No,No,Yes,Month-to-Month,No,Credit Card,74.35,533.6,0.0,0,11.69,545.29,4,Stayed,No,51,2463,Not Applicable,Not Applicable,0,1,7–12 months,45–59,$70–$89.99,Emerging Value,4,1,No Referrals,Higher Contract Risk,4,Very High,77.9,Basic Relationship,0.3795566018940075,True,False,True,False,False,True,True,False,Early fiber assurance,2,"First-90-day fiber service-health check, rapid issue resolution, and plan review",40.0
3427-GGZZI,Female,30,No,No,Yes,No,0,United States,California,Midpines,95345,37.581496,-119.972762,433,Q3,Yes,1,19,No Offer,Yes,45.37,Yes,Yes,Fiber Optic,52,No,Yes,No,No,No,Yes,Yes,Yes,Month-to-Month,Yes,Bank Withdrawal,89.1,1620.8,0.0,0,862.03,2482.83,5,Stayed,No,66,3624,Not Applicable,Not Applicable,0,1,13–24 months,30–44,$70–$89.99,Core Value,6,1,1–2 Referrals,Higher Contract Risk,3,High,130.68,Advocate,0.8453749830381914,True,False,False,False,False,True,True,False,Fiber quality and contract,5,Fiber diagnostics followed by a value-led contract-upgrade incentive,50.0
3413-CSSTH,Male,40,No,No,No,No,0,United States,California,Stevinson,95374,37.316807,-120.855753,1960,Q3,No,0,41,No Offer,Yes,6.6,Yes,Yes,Cable,3,No,No,Yes,No,No,No,No,Yes,Month-to-Month,Yes,Bank Withdrawal,55.7,2237.55,0.0,0,270.6,2508.15,4,Stayed,No,26,5590,Not Applicable,Not Applicable,0,1,25–48 months,30–44,$35–$69.99,Premium Value,4,1,No Referrals,Higher Contract Risk,2,Elevated,61.17,Basic Relationship,0.3946062491045504,True,False,False,False,False,False,True,False,Support bundle and contract,6,Time-limited premium-support bundle with a longer-contract value option,45.0
8033-VCZGH,Male,27,Yes,No,Yes,No,0,United States,California,Tracy,95376,37.680968,-121.446049,69801,Q3,No,0,50,No Offer,Yes,23.28,Yes,Yes,Fiber Optic,51,Yes,No,Yes,No,Yes,Yes,Yes,Yes,One Year,Yes,Bank Withdrawal,103.95,5231.3,0.0,0,1164.0,6395.3,3,Stayed,No,42,4363,Not Applicable,Not Applicable,0,1,49–72 months,19–29,$90+,Core Value,8,2,No Referrals,Moderate Contract Risk,3,High,127.91,Protection Engaged,0.5761131352372655,True,False,False,False,False,False,False,False,Competitor-response retention,8,"Personalized device, data, speed, or value response based on customer needs",55.0
3058-WQDRE,Male,37,No,No,No,No,0,United States,California,Branscomb,95417,39.710591,-123.682799,176,Q3,No,0,13,Offer D,No,0.0,No,Yes,Cable,16,No,No,No,No,No,No,No,Yes,Month-to-Month,Yes,Bank Withdrawal,25.15,331.85,48.59,0,0.0,283.26,5,Stayed,No,53,4943,Not Applicable,Not Applicable,0,1,13–24 months,30–44,Under $35,High Value,2,0,No Referrals,Higher Contract Risk,2,Elevated,21.79,Basic Relationship,0.35588290956178,True,False,False,False,False,False,True,False,Support bundle and contract,6,Time-limited premium-support bundle with a longer-contract value option,45.0
2279-AXJJK,Male,27,Yes,No,Yes,No,0,United States,California,Cazadero,95421,38.578807,-123.19338,1575,Q3,Yes,1,52,No Offer,Yes,8.94,Yes,Yes,Fiber Optic,85,No,Yes,No,Yes,No,Yes,Yes,Yes,Month-to-Month,Yes,Credit Card,95.65,5088.4,11.8,0,464.88,5541.48,3,Stayed,No,45,4465,Not Applicable,Not Applicable,0,1,49–72 months,19–29,$90+,Core Value,7,2,1–2 Referrals,Higher Contract Risk,3,High,106.57,Advocate,0.4801616490975234,True,False,False,False,False,True,False,False,Fiber quality and contract,5,Fiber diagnostics followed by a value-led contract-upgrade incentive,50.0
7823-JSOAG,Male,39,No,No,No,No,0,United States,California,Sonoma,95476,38.25485,-122.461799,34314,Q3,No,0,3,No Offer,Yes,6.97,Yes,Yes,Fiber Optic,14,No,No,No,No,No,No,No,Yes,Month-to-Month,No,Bank Withdrawal,74.5,217.45,0.0,0,20.91,238.36,3,Joined,No,36,5203,Not Applicable,Not Applicable,0,1,1–6 months,30–44,$70–$89.99,High Value,3,0,No Referrals,Higher Contract Risk,4,Very High,79.45,Basic Relationship,0.6729082021973217,True,True,True,True,False,True,True,False,High-value outreach,1,Dedicated retention specialist and personalized value-protection review,75.0
3278-FSIXX,Female,34,No,No,No,No,0,United States,California,Blue Lake,95525,40.94338,-123.831799,1584,Q3,No,0,2,Offer E,Yes,39.5,No,Yes,Cable,26,No,No,No,No,No,No,No,Yes,Month-to-Month,Yes,Credit Card,45.25,74.2,0.0,0,79.0,153.2,3,Joined,No,27,5441,Not Applicable,Not Applicable,0,1,1–6 months,30–44,$35–$69.99,Premium Value,3,0,No Referrals,Higher Contract Risk,3,High,76.6,Basic Relationship,0.5118716733223851,True,True,False,True,False,False,True,False,High-value outreach,1,Dedicated retention specialist and personalized value-protection review,75.0
2985-FMWYF,Female,46,No,No,No,No,0,United States,California,Myers Flat,95554,40.267158,-123.805913,644,Q3,No,0,23,Offer D,Yes,18.12,Yes,Yes,Fiber Optic,23,No,No,No,No,Yes,Yes,Yes,Yes,Month-to-Month,Yes,Bank Withdrawal,93.5,2341.55,0.0,0,416.76,2758.31,3,Stayed,No,73,4861,Not Applicable,Not Applicable,0,1,13–24 months,45–59,$90+,High Value,6,0,No Referrals,Higher Contract Risk,4,Very High,119.93,Multi-Service,0.6283460361097931,True,True,False,False,False,True,True,False,High-value outreach,1,Dedicated retention specialist and personalized value-protection review,75.0
3422-GALYP,Male,20,Yes,No,No,No,0,United States,California,Phillipsville,95559,40.184094,-123.745487,163,Q3,No,0,2,Offer E,Yes,28.61,Yes,Yes,Fiber Optic,85,No,Yes,No,No,No,No,No,Yes,Month-to-Month,Yes,Bank Withdrawal,79.45,145.15,0.0,0,57.22,202.37,4,Joined,No,65,2657,Not Applicable,Not Applicable,0,1,1–6 months,19–29,$70–$89.99,Emerging Value,4,1,No Referrals,Higher Contract Risk,4,Very High,101.18,Basic Relationship,0.7413561848937651,True,False,True,True,False,True,True,False,Early fiber assurance,2,"First-90-day fiber service-health check, rapid issue resolution, and plan review",40.0
7356-IWLFW,Male,43,No,No,Yes,Yes,1,United States,California,Weott,95571,40.310119,-123.909449,270,Q3,Yes,1,46,Offer B,Yes,5.52,Yes,Yes,Fiber Optic,16,No,Yes,No,No,No,No,No,Yes,Month-to-Month,Yes,Bank Withdrawal,80.0,3769.7,0.0,0,253.92,4023.62,5,Stayed,No,51,3315,Not Applicable,Not Applicable,0,1,25–48 months,30–44,$70–$89.99,Emerging Value,4,1,1–2 Referrals,Higher Contract Risk,3,High,87.47,Advocate,0.5176667357863143,True,False,False,False,False,True,True,False,Fiber quality and contract,5,Fiber diagnostics followed by a value-led contract-upgrade incentive,50.0
5442-BHQNG,Female,32,No,No,No,No,0,United States,California,Brooks,95606,38.809804,-122.241383,382,Q3,No,0,2,No Offer,Yes,44.77,No,Yes,Fiber Optic,9,No,No,No,No,No,No,No,Yes,Month-to-Month,No,Bank Withdrawal,70.35,139.25,0.0,0,89.54,228.79,5,Joined,No,73,3430,Not Applicable,Not Applicable,0,1,1–6 months,30–44,$70–$89.99,Emerging Value,3,0,No Referrals,Higher Contract Risk,4,Very High,114.4,Basic Relationship,0.6256417275126328,True,False,True,True,False,True,True,False,Early fiber assurance,2,"First-90-day fiber service-health check, rapid issue resolution, and plan review",40.0
8873-GLDMH,Female,45,No,No,No,No,0,United States,California,Courtland,95615,38.311609,-121.554034,699,Q3,No,0,6,No Offer,Yes,27.69,Yes,Yes,Fiber Optic,9,No,No,No,No,No,No,No,Yes,Month-to-Month,Yes,Credit Card,73.85,401.3,0.0,0,166.14,567.44,4,Stayed,No,76,4220,Not Applicable,Not Applicable,0,1,1–6 months,45–59,$70–$89.99,Core Value,3,0,No Referrals,Higher Contract Risk,4,Very High,94.57,Basic Relationship,0.6248118891722518,True,False,True,True,False,True,True,False,Early fiber assurance,2,"First-90-day fiber service-health check, rapid issue resolution, and plan review",40.0
9921-QFQUL,Female,33,No,No,Yes,No,0,United States,California,Garden Valley,95633,38.852544,-120.837669,2536,Q3,Yes,2,23,Offer D,Yes,22.17,Yes,Yes,Fiber Optic,15,No,No,Yes,No,No,Yes,Yes,Yes,Month-to-Month,No,Credit Card,90.15,2044.95,0.0,0,509.91,2554.86,4,Stayed,No,50,5110,Not Applicable,Not Applicable,0,1,13–24 months,30–44,$90+,High Value,6,1,1–2 Referrals,Higher Contract Risk,4,Very High,111.08,Advocate,0.5460846313199998,True,True,False,False,False,True,True,False,High-value outreach,1,Dedicated retention specialist and personalized value-protection review,75.0
7798-JVXYM,Female,52,No,No,No,No,0,United States,California,Herald,95638,38.313447,-121.123886,1745,Q3,No,0,14,Offer D,Yes,37.01,No,Yes,DSL,29,No,No,No,Yes,Yes,Yes,Yes,Yes,Month-to-Month,Yes,Bank Withdrawal,69.65,921.4,0.0,0,518.14,1439.54,3,Stayed,No,69,5351,Not Applicable,Not Applicable,0,1,13–24 months,45–59,$35–$69.99,High Value,7,1,No Referrals,Higher Contract Risk,1,Lower,102.82,Multi-Service,0.3441708138364952,True,False,False,False,False,False,False,False,Competitor-response retention,8,"Personalized device, data, speed, or value response based on customer needs",55.0
3323-CPBWR,Male,61,No,No,No,No,0,United States,California,Knights Landing,95645,38.875508,-121.765866,1793,Q3,No,0,23,Offer D,Yes,8.5,Yes,Yes,Fiber Optic,6,No,No,Yes,Yes,Yes,No,No,Yes,Month-to-Month,Yes,Credit Card,96.9,2085.45,0.0,0,195.5,2280.95,4,Stayed,No,22,3875,Not Applicable,Not Applicable,0,1,13–24 months,60–69,$90+,Core Value,6,2,No Referrals,Higher Contract Risk,3,High,99.17,Protection Engaged,0.4535255268309225,True,False,False,False,False,True,False,False,Fiber quality and contract,5,Fiber diagnostics followed by a value-led contract-upgrade incentive,50.0
3384-CTMSF,Male,61,No,No,Yes,No,0,United States,California,Lincoln,95648,38.922812,-121.312005,15286,Q3,Yes,2,47,Offer B,Yes,48.69,Yes,Yes,Fiber Optic,21,No,Yes,Yes,No,Yes,Yes,Yes,Yes,Month-to-Month,Yes,Bank Withdrawal,104.1,5135.15,0.0,0,2288.43,7423.58,5,Stayed,No,71,3142,Not Applicable,Not Applicable,0,1,25–48 months,60–69,$90+,Emerging Value,8,2,1–2 Referrals,Higher Contract Risk,4,Very High,157.95,Advocate,0.6872366819744338,True,False,False,False,False,True,True,False,Fiber quality and contract,5,Fiber diagnostics followed by a value-led contract-upgrade incentive,50.0
1025-FALIX,Female,49,No,No,No,No,0,United States,California,Nicolaus,95659,38.788898,-121.608624,751,Q3,No,0,26,No Offer,Yes,37.51,No,Yes,Fiber Optic,30,No,No,No,No,No,No,No,Yes,Month-to-Month,Yes,Credit Card,69.05,1815.65,0.0,0,975.26,2790.91,3,Stayed,No,23,5379,Not Applicable,Not Applicable,0,1,25–48 months,45–59,$35–$69.99,High Value,3,0,No Referrals,Higher Contract Risk,3,High,107.34,Basic Relationship,0.3979913261832728,True,True,False,False,False,True,True,False,High-value outreach,1,Dedicated retention specialist and personalized value-protection review,75.0
5309-TAIKL,Female,42,No,No,No,No,0,United States,California,Rio Linda,95673,38.688764,-121.457596,14010,Q3,No,0,7,No Offer,Yes,8.29,No,Yes,DSL,21,No,No,Yes,Yes,No,Yes,Yes,Yes,Month-to-Month,No,Bank Withdrawal,62.8,418.3,0.0,0,58.03,476.33,4,Stayed,No,46,4080,Not Applicable,Not Applicable,0,1,7–12 months,30–44,$35–$69.99,Core Value,7,2,No Referrals,Higher Contract Risk,2,Elevated,68.05,Protection Engaged,0.3474789206142263,True,False,False,False,False,False,False,False,Competitor-response retention,8,"Personalized device, data, speed, or value response based on customer needs",55.0
6856-RAURS,Female,50,No,No,No,No,0,United States,California,Rio Oso,95674,38.954144,-121.482536,947,Q3,No,0,2,No Offer,Yes,41.08,Yes,Yes,Fiber Optic,25,No,No,No,No,No,No,No,Yes,Month-to-Month,Yes,Credit Card,74.9,136.05,0.0,0,82.16,218.21,4,Joined,No,62,2044,Not Applicable,Not Applicable,0,1,1–6 months,45–59,$70–$89.99,Emerging Value,3,0,No Referrals,Higher Contract Risk,4,Very High,109.1,Basic Relationship,0.6550693516372512,True,False,True,True,False,True,True,False,Early fiber assurance,2,"First-90-day fiber service-health check, rapid issue resolution, and plan review",40.0
8778-LMWTJ,Female,28,Yes,No,No,No,0,United States,California,River Pines,95675,38.545775,-120.743325,364,Q3,No,0,9,No Offer,Yes,13.05,No,Yes,Fiber Optic,73,Yes,No,No,No,No,No,No,Yes,Month-to-Month,Yes,Bank Withdrawal,74.85,708.2,0.0,0,117.45,825.65,3,Stayed,No,66,5770,Not Applicable,Not Applicable,0,1,7–12 months,19–29,$70–$89.99,Premium Value,4,1,No Referrals,Higher Contract Risk,4,Very High,91.74,Basic Relationship,0.519524410079015,True,True,True,False,False,True,True,False,High-value outreach,1,Dedicated retention specialist and personalized value-protection review,75.0
0943-ZQPXH,Male,46,No,No,Yes,Yes,1,United States,California,Vacaville,95688,38.419088,-122.024568,32564,Q3,Yes,2,44,No Offer,Yes,26.25,No,Yes,Fiber Optic,25,No,No,Yes,No,Yes,Yes,Yes,Yes,Month-to-Month,Yes,Bank Withdrawal,92.95,4122.9,0.0,0,1155.0,5277.9,5,Stayed,No,78,5635,Not Applicable,Not Applicable,0,1,25–48 months,45–59,$90+,Premium Value,7,1,1–2 Referrals,Higher Contract Risk,4,Very High,119.95,Advocate,0.5304659437937301,True,True,False,False,False,True,True,False,High-value outreach,1,Dedicated retention specialist and personalized value-protection review,75.0
3466-RITXD,Male,34,No,No,No,No,0,United States,California,Twin Bridges,95735,38.805481,-120.13287,25,Q3,No,0,26,No Offer,Yes,37.59,Yes,Yes,Fiber Optic,8,Yes,Yes,No,No,Yes,No,No,Yes,Month-to-Month,Yes,Credit Card,92.4,2349.8,0.0,0,977.34,3327.14,3,Stayed,No,75,5461,Not Applicable,Not Applicable,0,1,25–48 months,30–44,$90+,Premium Value,6,2,No Referrals,Higher Contract Risk,4,Very High,127.97,Protection Engaged,0.4450804607176483,True,True,False,False,False,True,True,False,High-value outreach,1,Dedicated retention specialist and personalized value-protection review,75.0
2101-RANCD,Female,50,No,No,No,No,0,United States,California,El Dorado Hills,95762,38.684437,-121.055634,22028,Q3,No,0,55,No Offer,Yes,8.93,Yes,Yes,Fiber Optic,26,No,No,No,No,No,No,No,Yes,Month-to-Month,Yes,Bank Withdrawal,73.1,4144.9,0.0,0,491.15,4636.05,4,Stayed,No,46,5832,Not Applicable,Not Applicable,0,1,49–72 months,45–59,$70–$89.99,Premium Value,3,0,No Referrals,Higher Contract Risk,3,High,84.29,Basic Relationship,0.3699334242984525,True,True,False,False,False,True,True,False,High-value outreach,1,Dedicated retention specialist and personalized value-protection review,75.0
4450-YOOHP,Female,56,No,No,No,No,0,United States,California,Sacramento,95818,38.556306,-121.495817,21313,Q3,No,0,39,No Offer,No,0.0,No,Yes,DSL,6,No,No,Yes,No,Yes,Yes,Yes,Yes,Month-to-Month,Yes,Credit Card,50.65,1905.4,3.51,0,0.0,1901.89,4,Stayed,No,31,5433,Not Applicable,Not Applicable,0,1,25–48 months,45–59,$35–$69.99,Premium Value,6,1,No Referrals,Higher Contract Risk,2,Elevated,48.77,Multi-Service,0.4160124909171898,True,False,False,False,False,False,True,False,Support bundle and contract,6,Time-limited premium-support bundle with a longer-contract value option,45.0
2809-ZMYOQ,Female,33,No,No,No,No,0,United States,California,Camptonville,95922,39.432127,-121.099287,632,Q3,No,0,32,No Offer,Yes,41.53,Yes,Yes,Fiber Optic,28,No,No,Yes,No,Yes,Yes,Yes,Yes,Month-to-Month,Yes,Bank Withdrawal,101.35,3334.9,0.0,0,1328.96,4663.86,5,Stayed,No,72,4341,Not Applicable,Not Applicable,0,1,25–48 months,30–44,$90+,Core Value,7,1,No Referrals,Higher Contract Risk,4,Very High,145.75,Multi-Service,0.7419849355028189,True,False,False,False,False,True,True,False,Fiber quality and contract,5,Fiber diagnostics followed by a value-led contract-upgrade incentive,50.0
5339-PXDVH,Male,43,No,No,No,No,0,United States,California,Clipper Mills,95930,39.562239,-121.14836,282,Q3,No,0,4,Offer E,Yes,31.57,Yes,Yes,Fiber Optic,18,Yes,No,No,No,Yes,No,No,Yes,Month-to-Month,No,Bank Withdrawal,90.65,367.95,0.0,0,126.28,494.23,3,Stayed,No,70,3559,Not Applicable,Not Applicable,0,1,1–6 months,30–44,$90+,Core Value,5,1,No Referrals,Higher Contract Risk,5,Very High,123.56,Multi-Service,0.7520344283224261,True,False,True,True,False,True,True,False,Early fiber assurance,2,"First-90-day fiber service-health check, rapid issue resolution, and plan review",40.0
9529-OFXHY,Male,20,Yes,No,No,No,0,United States,California,Elk Creek,95939,39.53222,-122.594879,587,Q3,No,0,15,No Offer,Yes,13.8,Yes,Yes,Fiber Optic,59,Yes,No,No,No,Yes,No,No,Yes,Month-to-Month,Yes,Bank Withdrawal,87.75,1242.2,0.0,0,207.0,1449.2,3,Stayed,No,61,5415,Not Applicable,Not Applicable,0,1,13–24 months,19–29,$70–$89.99,Premium Value,5,1,No Referrals,Higher Contract Risk,3,High,96.61,Multi-Service,0.6161401921136435,True,True,False,False,False,True,True,False,High-value outreach,1,Dedicated retention specialist and personalized value-protection review,75.0
2669-QVCRG,Female,32,No,No,No,No,0,United States,California,Forest Ranch,95942,40.077028,-121.494168,1351,Q3,No,0,41,No Offer,Yes,7.83,Yes,Yes,Fiber Optic,19,Yes,No,No,No,No,No,No,Yes,Month-to-Month,Yes,Credit Card,81.3,3190.65,0.0,0,321.03,3511.68,4,Stayed,No,62,2299,Not Applicable,Not Applicable,0,1,25–48 months,30–44,$70–$89.99,Emerging Value,4,1,No Referrals,Higher Contract Risk,3,High,85.65,Basic Relationship,0.3437207121233225,True,False,False,False,False,True,True,False,Fiber quality and contract,5,Fiber diagnostics followed by a value-led contract-upgrade incentive,50.0
2478-EEWWM,Male,21,Yes,No,Yes,No,0,United States,California,Glenn,95943,39.597975,-122.032248,1454,Q3,Yes,1,59,Offer B,No,0.0,No,Yes,DSL,53,No,No,No,No,Yes,Yes,Yes,No,Month-to-Month,Yes,Bank Withdrawal,44.3,2666.75,0.0,20,0.0,2686.75,4,Stayed,No,28,5905,Not Applicable,Not Applicable,0,1,49–72 months,19–29,$35–$69.99,Premium Value,4,0,1–2 Referrals,Higher Contract Risk,2,Elevated,45.54,Advocate,0.5065408524907957,True,False,False,False,False,False,True,False,Support bundle and contract,6,Time-limited premium-support bundle with a longer-contract value option,45.0
0419-YAAPX,Male,44,No,No,Yes,No,0,United States,California,Grass Valley,95949,39.099204,-121.137962,17922,Q3,Yes,1,49,Offer B,Yes,14.21,No,Yes,Fiber Optic,23,No,Yes,No,No,Yes,No,No,Yes,Month-to-Month,Yes,Credit Card,85.3,4297.95,0.0,0,696.29,4994.24,4,Stayed,No,71,4696,Not Applicable,Not Applicable,0,1,49–72 months,30–44,$70–$89.99,High Value,5,1,1–2 Referrals,Higher Contract Risk,3,High,101.92,Advocate,0.5487936485962792,True,True,False,False,False,True,True,False,High-value outreach,1,Dedicated retention specialist and personalized value-protection review,75.0
3094-JOJAI,Male,63,No,No,No,No,0,United States,California,Maxwell,95955,39.281194,-122.226568,1146,Q3,No,0,18,No Offer,Yes,4.38,Yes,Yes,Fiber Optic,20,No,No,No,No,No,No,No,Yes,Month-to-Month,No,Credit Card,74.15,1387.0,0.0,0,78.84,1465.84,5,Stayed,No,49,2643,Not Applicable,Not Applicable,0,1,13–24 months,60–69,$70–$89.99,Emerging Value,3,0,No Referrals,Higher Contract Risk,3,High,81.44,Basic Relationship,0.458116190292693,True,False,False,False,False,True,True,False,Fiber quality and contract,5,Fiber diagnostics followed by a value-led contract-upgrade incentive,50.0
9494-MRNYX,Male,22,Yes,No,No,No,0,United States,California,Meadow Valley,95956,39.937017,-121.058043,301,Q3,No,0,10,No Offer,Yes,17.98,Yes,Yes,Fiber Optic,26,No,No,No,No,No,No,No,Yes,Month-to-Month,No,Bank Withdrawal,75.05,786.3,0.0,0,179.8,966.1,4,Stayed,No,23,3399,Not Applicable,Not Applicable,0,1,7–12 months,19–29,$70–$89.99,Emerging Value,3,0,No Referrals,Higher Contract Risk,4,Very High,96.61,Basic Relationship,0.6284578121254442,True,False,True,False,False,True,True,False,Early fiber assurance,2,"First-90-day fiber service-health check, rapid issue resolution, and plan review",40.0
9389-ACWBI,Female,47,No,No,Yes,Yes,2,United States,California,Richvale,95974,39.495768,-121.747472,74,Q3,Yes,1,5,No Offer,Yes,1.38,No,Yes,Fiber Optic,16,No,No,No,No,No,No,No,Yes,Month-to-Month,No,Credit Card,69.95,320.4,0.0,0,6.9,327.3,3,Stayed,No,73,3850,Not Applicable,Not Applicable,0,1,1–6 months,45–59,$35–$69.99,Core Value,3,0,1–2 Referrals,Higher Contract Risk,4,Very High,65.46,Advocate,0.4490695243846839,True,False,True,True,False,True,True,False,Early fiber assurance,2,"First-90-day fiber service-health check, rapid issue resolution, and plan review",40.0
3644-QXEHN,Male,60,No,No,Yes,Yes,1,United States,California,Smartville,95977,39.176595,-121.291692,963,Q3,Yes,1,13,Offer D,Yes,44.05,No,Yes,Fiber Optic,19,No,No,Yes,No,Yes,Yes,Yes,Yes,Month-to-Month,No,Bank Withdrawal,97.0,1334.45,0.0,0,572.65,1907.1,3,Stayed,No,35,5282,Not Applicable,Not Applicable,0,1,13–24 months,60–69,$90+,High Value,7,1,1–2 Referrals,Higher Contract Risk,4,Very High,146.7,Advocate,0.7211969058481907,True,True,False,False,False,True,True,False,High-value outreach,1,Dedicated retention specialist and personalized value-protection review,75.0
5921-NGYRH,Male,40,No,No,Yes,No,0,United States,California,Stonyford,95979,39.288127,-122.415841,844,Q3,No,0,64,Offer B,Yes,48.41,No,Yes,Fiber Optic,22,Yes,No,No,No,No,No,No,Yes,Month-to-Month,Yes,Credit Card,73.55,4764.0,21.9,0,3098.24,7840.34,3,Stayed,No,50,5018,Not Applicable,Not Applicable,0,1,49–72 months,30–44,$70–$89.99,High Value,4,1,No Referrals,Higher Contract Risk,3,High,122.51,Basic Relationship,0.3718707299355342,True,True,False,False,False,True,True,False,High-value outreach,1,Dedicated retention specialist and personalized value-protection review,75.0
4062-HBMOS,Male,33,No,No,No,No,0,United States,California,Redding,96003,40.677649,-122.29467,41476,Q3,No,0,52,Offer B,Yes,5.42,Yes,Yes,Fiber Optic,22,No,Yes,Yes,No,Yes,Yes,Yes,Yes,Month-to-Month,Yes,Bank Withdrawal,103.05,5364.8,46.67,0,281.84,5599.97,4,Stayed,No,80,5432,Not Applicable,Not Applicable,0,1,49–72 months,30–44,$90+,Premium Value,8,2,No Referrals,Higher Contract Risk,4,Very High,107.69,Protection Engaged,0.4356554037313575,True,True,False,False,False,True,True,False,High-value outreach,1,Dedicated retention specialist and personalized value-protection review,75.0
4753-PADAS,Female,23,Yes,No,Yes,No,0,United States,California,Bieber,96009,41.083464,-121.107929,595,Q3,Yes,2,67,Offer A,Yes,25.46,Yes,Yes,Fiber Optic,73,No,Yes,Yes,No,Yes,Yes,Yes,Yes,One Year,Yes,Bank Withdrawal,105.7,6816.95,0.0,0,1705.82,8522.77,4,Stayed,No,68,5027,Not Applicable,Not Applicable,0,1,49–72 months,19–29,$90+,High Value,8,2,1–2 Referrals,Moderate Contract Risk,3,High,127.21,Advocate,0.450948131831125,True,True,False,False,False,False,False,False,High-value outreach,1,Dedicated retention specialist and personalized value-protection review,75.0
3439-GVUSX,Male,45,No,No,No,No,0,United States,California,Lookout,96054,41.280478,-121.160249,386,Q3,No,0,1,No Offer,No,0.0,No,Yes,DSL,29,No,No,No,No,No,No,No,Yes,Month-to-Month,No,Credit Card,24.4,24.4,0.0,0,0.0,24.4,3,Joined,No,80,4570,Not Applicable,Not Applicable,0,1,1–6 months,45–59,Under $35,High Value,2,0,No Referrals,Higher Contract Risk,3,High,24.4,Basic Relationship,0.3817083869676402,True,True,False,True,False,False,True,False,High-value outreach,1,Dedicated retention specialist and personalized value-protection review,75.0
8709-KRDVL,Female,44,No,No,No,No,0,United States,California,Scott Bar,96085,41.737962,-123.07557,88,Q3,No,0,33,No Offer,Yes,16.57,Yes,Yes,Fiber Optic,30,No,Yes,No,No,Yes,Yes,Yes,Yes,Month-to-Month,Yes,Bank Withdrawal,100.0,3320.6,0.0,0,546.81,3867.41,5,Stayed,No,76,4643,Not Applicable,Not Applicable,0,1,25–48 months,30–44,$90+,High Value,7,1,No Referrals,Higher Contract Risk,4,Very High,117.19,Multi-Service,0.6769622368700353,True,True,False,False,False,True,True,False,High-value outreach,1,Dedicated retention specialist and personalized value-protection review,75.0
1427-VERSM,Female,62,No,No,Yes,No,0,United States,California,Shasta,96087,40.617614,-122.512861,528,Q3,Yes,3,56,Offer B,Yes,7.0,No,Yes,Fiber Optic,18,No,No,Yes,Yes,Yes,Yes,Yes,Yes,Month-to-Month,Yes,Bank Withdrawal,98.7,5669.5,0.0,0,392.0,6061.5,4,Stayed,No,44,5141,Not Applicable,Not Applicable,0,1,49–72 months,60–69,$90+,High Value,8,2,3–5 Referrals,Higher Contract Risk,3,High,108.24,Advocate,0.3642791447383067,True,True,False,False,False,True,False,False,High-value outreach,1,Dedicated retention specialist and personalized value-protection review,75.0
6339-YPSAH,Male,54,No,No,No,No,0,United States,California,Tehama,96090,40.021787,-122.127576,405,Q3,No,0,9,No Offer,Yes,1.85,No,Yes,Fiber Optic,22,No,No,Yes,No,No,No,No,No,Month-to-Month,Yes,Bank Withdrawal,73.8,704.3,0.0,50,16.65,770.95,3,Stayed,No,52,4895,Not Applicable,Not Applicable,0,1,7–12 months,45–59,$70–$89.99,High Value,3,1,No Referrals,Higher Contract Risk,4,Very High,85.66,Basic Relationship,0.6343461291104828,True,True,True,False,False,True,True,False,High-value outreach,1,Dedicated retention specialist and personalized value-protection review,75.0
6215-NQCPY,Male,53,No,No,No,No,0,United States,California,Yreka,96097,41.764869,-122.671316,9538,Q3,No,0,15,Offer D,Yes,10.12,Yes,Yes,Fiber Optic,15,Yes,No,No,No,Yes,Yes,Yes,Yes,Month-to-Month,Yes,Bank Withdrawal,99.7,1566.75,0.0,0,151.8,1718.55,3,Stayed,No,60,4157,Not Applicable,Not Applicable,0,1,13–24 months,45–59,$90+,Core Value,7,1,No Referrals,Higher Contract Risk,4,Very High,114.57,Multi-Service,0.6310325343254272,True,False,False,False,False,True,True,False,Fiber quality and contract,5,Fiber diagnostics followed by a value-led contract-upgrade incentive,50.0
9626-WEQRM,Female,53,No,No,No,No,0,United States,California,Cedarville,96104,41.505916,-120.152505,857,Q3,No,0,4,No Offer,No,0.0,No,Yes,DSL,2,Yes,No,No,No,No,No,No,No,Month-to-Month,Yes,Credit Card,29.15,110.05,0.0,10,0.0,120.05,4,Stayed,No,78,2657,Not Applicable,Not Applicable,0,1,1–6 months,45–59,Under $35,Emerging Value,2,1,No Referrals,Higher Contract Risk,3,High,30.01,Basic Relationship,0.3534194272167617,True,False,False,True,False,False,True,False,Early onboarding,3,Structured 30/60/90-day onboarding support and service education,25.0
2257-BOVXD,Male,48,No,No,Yes,No,0,United States,California,Tahoe City,96145,39.178337,-120.162806,4002,Q3,Yes,3,14,No Offer,Yes,22.14,Yes,Yes,DSL,11,No,No,No,Yes,Yes,No,No,Yes,Month-to-Month,Yes,Credit Card,66.6,979.5,0.0,0,309.96,1289.46,3,Stayed,No,36,3516,Not Applicable,Not Applicable,0,1,13–24 months,45–59,$35–$69.99,Core Value,5,1,3–5 Referrals,Higher Contract Risk,1,Lower,92.1,Advocate,0.4212679105771955,True,False,False,False,False,False,False,False,Competitor-response retention,8,"Personalized device, data, speed, or value response based on customer needs",55.0
7729-JTEEC,Male,33,No,No,Yes,Yes,1,United States,California,Olympic Valley,96146,39.191797,-120.212401,942,Q3,Yes,2,2,No Offer,Yes,30.87,No,Yes,DSL,19,No,No,No,No,No,No,No,Yes,Month-to-Month,Yes,Bank Withdrawal,44.5,90.05,0.0,0,61.74,151.79,5,Joined,No,49,5456,Not Applicable,Not Applicable,0,1,1–6 months,30–44,$35–$69.99,Premium Value,3,0,1–2 Referrals,Higher Contract Risk,3,High,75.9,Advocate,0.4690207663340699,True,True,False,True,False,False,True,False,High-value outreach,1,Dedicated retention specialist and personalized value-protection review,75.0
9696-RMYBA,Male,56,No,No,No,No,0,United States,California,Los Angeles,90003,33.964131,-118.272783,58198,Q3,No,0,5,No Offer,Yes,12.35,No,Yes,Fiber Optic,13,No,No,No,No,Yes,No,No,Yes,Month-to-Month,Yes,Credit Card,80.1,398.55,0.0,0,61.75,460.3,3,Stayed,No,22,5225,Not Applicable,Not Applicable,0,1,1–6 months,45–59,$70–$89.99,High Value,4,0,No Referrals,Higher Contract Risk,4,Very High,92.06,Basic Relationship,0.6561629900167506,True,True,True,True,False,True,True,False,High-value outreach,1,Dedicated retention specialist and personalized value-protection review,75.0
8404-FYDIB,Male,19,Yes,No,No,No,0,United States,California,Los Angeles,90012,34.065875,-118.238728,30596,Q3,No,0,26,Offer C,Yes,49.87,Yes,Yes,Fiber Optic,48,Yes,Yes,No,No,No,No,No,Yes,Month-to-Month,Yes,Credit Card,86.65,2208.75,0.0,0,1296.62,3505.37,3,Stayed,No,54,4469,Not Applicable,Not Applicable,0,1,25–48 months,19–29,$70–$89.99,Core Value,5,2,No Referrals,Higher Contract Risk,3,High,134.82,Protection Engaged,0.3377438366976235,True,False,False,False,False,True,True,False,Fiber quality and contract,5,Fiber diagnostics followed by a value-led contract-upgrade incentive,50.0
9979-RGMZT,Female,20,Yes,No,No,No,0,United States,California,Los Angeles,90022,34.02381,-118.156582,68701,Q3,No,0,7,Offer E,Yes,36.49,No,Yes,Fiber Optic,42,No,Yes,No,No,Yes,Yes,Yes,Yes,One Year,Yes,Credit Card,94.05,633.45,0.0,0,255.43,888.88,3,Stayed,No,38,5545,Not Applicable,Not Applicable,0,1,7–12 months,19–29,$90+,Premium Value,7,1,No Referrals,Moderate Contract Risk,4,Very High,126.98,Multi-Service,0.4225614669655227,True,True,False,False,False,False,False,False,High-value outreach,1,Dedicated retention specialist and personalized value-protection review,75.0
0898-XCGTF,Male,46,No,No,Yes,No,0,United States,California,Los Angeles,90039,34.110845,-118.259595,29310,Q3,Yes,1,61,No Offer,Yes,21.96,Yes,Yes,Fiber Optic,2,No,No,No,No,Yes,Yes,Yes,Yes,One Year,Yes,Bank Withdrawal,96.5,5673.7,0.0,0,1339.56,7013.26,5,Stayed,No,49,5926,Not Applicable,Not Applicable,0,1,49–72 months,45–59,$90+,Premium Value,6,0,1–2 Referrals,Moderate Contract Risk,3,High,114.97,Advocate,0.5171463553796801,True,True,False,False,False,False,False,False,High-value outreach,1,Dedicated retention specialist and personalized value-protection review,75.0
0674-EYYZV,Female,41,No,No,No,No,0,United States,California,Los Angeles,90065,34.108833,-118.229715,47534,Q3,No,0,1,No Offer,Yes,36.33,No,Yes,DSL,4,No,No,No,No,Yes,No,No,Yes,Month-to-Month,Yes,Bank Withdrawal,54.65,54.65,0.0,0,36.33,90.98,3,Joined,No,74,5882,Not Applicable,Not Applicable,0,1,1–6 months,30–44,$35–$69.99,Premium Value,4,0,No Referrals,Higher Contract Risk,3,High,90.98,Basic Relationship,0.5924483386647493,True,True,False,True,False,False,True,False,High-value outreach,1,Dedicated retention specialist and personalized value-protection review,75.0
4480-MBMLB,Female,52,No,No,No,No,0,United States,California,Los Angeles,90066,34.002028,-118.430656,55204,Q3,No,0,36,Offer C,Yes,28.41,Yes,Yes,Fiber Optic,4,No,Yes,Yes,No,Yes,Yes,Yes,Yes,One Year,Yes,Bank Withdrawal,104.8,3886.45,0.0,0,1022.76,4909.21,3,Stayed,No,68,5319,Not Applicable,Not Applicable,0,1,25–48 months,45–59,$90+,High Value,8,2,No Referrals,Moderate Contract Risk,3,High,136.37,Protection Engaged,0.330639792537889,True,True,False,False,False,False,False,False,High-value outreach,1,Dedicated retention specialist and personalized value-protection review,75.0
2832-KJCRD,Female,22,Yes,No,No,No,0,United States,California,Los Angeles,90071,34.052917,-118.255178,21,Q3,No,0,38,Offer C,Yes,23.95,Yes,Yes,Fiber Optic,27,No,No,Yes,Yes,Yes,Yes,Yes,No,Month-to-Month,Yes,Bank Withdrawal,103.65,3988.5,0.0,140,910.1,5038.6,5,Stayed,No,47,2511,Not Applicable,Not Applicable,0,1,25–48 months,19–29,$90+,Emerging Value,7,2,No Referrals,Higher Contract Risk,3,High,132.59,Protection Engaged,0.5661247571862311,True,False,False,False,False,True,False,False,Fiber quality and contract,5,Fiber diagnostics followed by a value-led contract-upgrade incentive,50.0
1442-BQPVU,Female,33,No,No,No,No,0,United States,California,Culver City,90230,33.993991,-118.39704,31963,Q3,No,0,13,No Offer,No,0.0,No,Yes,DSL,28,No,Yes,No,No,No,No,No,Yes,Month-to-Month,No,Bank Withdrawal,29.15,357.15,0.0,0,0.0,357.15,4,Stayed,No,71,2876,Not Applicable,Not Applicable,0,1,13–24 months,30–44,Under $35,Emerging Value,3,1,No Referrals,Higher Contract Risk,2,Elevated,27.47,Basic Relationship,0.3757703389537651,True,False,False,False,False,False,True,False,Support bundle and contract,6,Time-limited premium-support bundle with a longer-contract value option,45.0
7895-VONWT,Female,20,Yes,No,No,No,0,United States,California,Manhattan Beach,90266,33.889632,-118.39737,33758,Q3,No,0,25,Offer C,No,0.0,No,Yes,Cable,59,No,No,Yes,No,Yes,Yes,Yes,Yes,Month-to-Month,Yes,Bank Withdrawal,48.25,1293.8,0.0,0,0.0,1293.8,5,Stayed,No,46,4284,Not Applicable,Not Applicable,0,1,25–48 months,19–29,$35–$69.99,Core Value,6,1,No Referrals,Higher Contract Risk,2,Elevated,51.75,Multi-Service,0.5196480623704538,True,False,False,False,False,False,True,False,Support bundle and contract,6,Time-limited premium-support bundle with a longer-contract value option,45.0
4566-NECEV,Male,40,No,No,No,No,0,United States,California,Palos Verdes Peninsula,90274,33.788208,-118.404955,24979,Q3,No,0,5,No Offer,Yes,39.13,Yes,Yes,Fiber Optic,20,No,Yes,Yes,No,No,Yes,Yes,Yes,Month-to-Month,No,Bank Withdrawal,96.55,500.1,0.0,0,195.65,695.75,3,Stayed,No,56,3787,Not Applicable,Not Applicable,0,1,1–6 months,30–44,$90+,Core Value,7,2,No Referrals,Higher Contract Risk,5,Very High,139.15,Protection Engaged,0.7435927890244737,True,False,True,True,False,True,True,False,Early fiber assurance,2,"First-90-day fiber service-health check, rapid issue resolution, and plan review",40.0
2027-CWDNU,Male,45,No,No,Yes,Yes,3,United States,California,Venice,90291,33.991782,-118.479229,31021,Q3,Yes,1,18,No Offer,Yes,28.04,No,Yes,Fiber Optic,28,No,No,No,Yes,No,Yes,Yes,Yes,Month-to-Month,Yes,Bank Withdrawal,85.6,1601.5,0.0,0,504.72,2106.22,4,Stayed,No,63,5968,Not Applicable,Not Applicable,0,1,13–24 months,45–59,$70–$89.99,Premium Value,6,1,1–2 Referrals,Higher Contract Risk,2,Elevated,117.01,Advocate,0.3862163684332257,True,False,False,False,False,True,False,False,Fiber quality and contract,5,Fiber diagnostics followed by a value-led contract-upgrade incentive,50.0
9912-OMZDS,Female,63,No,No,Yes,Yes,1,United States,California,Playa Del Rey,90293,33.947305,-118.439841,11264,Q3,Yes,1,59,Offer B,Yes,35.23,Yes,Yes,Fiber Optic,19,No,Yes,Yes,No,Yes,Yes,Yes,Yes,One Year,Yes,Bank Withdrawal,106.15,6256.2,0.0,0,2078.57,8334.77,5,Stayed,No,51,5096,Not Applicable,Not Applicable,0,1,49–72 months,60–69,$90+,High Value,8,2,1–2 Referrals,Moderate Contract Risk,3,High,141.27,Advocate,0.3232199341101409,True,True,False,False,False,False,False,False,High-value outreach,1,Dedicated retention specialist and personalized value-protection review,75.0
7315-WYOAW,Male,29,Yes,No,No,No,0,United States,California,Santa Monica,90405,34.005439,-118.477507,26099,Q3,No,0,13,Offer D,Yes,44.43,Yes,Yes,Fiber Optic,41,No,No,No,Yes,Yes,Yes,Yes,No,Month-to-Month,No,Bank Withdrawal,100.75,1313.25,0.0,120,577.59,2010.84,3,Stayed,No,80,5985,Not Applicable,Not Applicable,0,1,13–24 months,19–29,$90+,Premium Value,6,1,No Referrals,Higher Contract Risk,3,High,154.68,Multi-Service,0.5875815519942122,True,True,False,False,False,True,False,False,High-value outreach,1,Dedicated retention specialist and personalized value-protection review,75.0
1173-XZPYF,Female,60,No,No,No,No,0,United States,California,Torrance,90501,33.833699,-118.314387,40705,Q3,No,0,11,Offer D,Yes,10.95,Yes,Yes,Fiber Optic,29,No,No,Yes,No,Yes,No,No,Yes,Month-to-Month,Yes,Bank Withdrawal,89.2,990.3,0.0,0,120.45,1110.75,4,Stayed,No,32,3734,Not Applicable,Not Applicable,0,1,7–12 months,60–69,$70–$89.99,Core Value,5,1,No Referrals,Higher Contract Risk,4,Very High,100.98,Multi-Service,0.6611316840596808,True,False,True,False,False,True,True,False,Early fiber assurance,2,"First-90-day fiber service-health check, rapid issue resolution, and plan review",40.0
5666-CYCYZ,Female,21,Yes,No,No,No,0,United States,California,Montebello,90640,34.015217,-118.109962,62425,Q3,No,0,24,No Offer,Yes,18.07,Yes,Yes,Fiber Optic,52,No,No,No,Yes,No,Yes,Yes,Yes,Month-to-Month,Yes,Bank Withdrawal,89.55,2259.35,0.0,0,433.68,2693.03,4,Stayed,No,76,5352,Not Applicable,Not Applicable,0,1,13–24 months,19–29,$70–$89.99,High Value,6,1,No Referrals,Higher Contract Risk,2,Elevated,112.21,Multi-Service,0.5711665185558319,True,False,False,False,False,True,False,False,Fiber quality and contract,5,Fiber diagnostics followed by a value-led contract-upgrade incentive,50.0
6994-KERXL,Male,51,No,No,No,No,0,United States,California,Avalon,90704,33.391181,-118.421305,3699,Q3,No,0,4,No Offer,Yes,17.7,No,Yes,DSL,22,No,No,No,No,No,Yes,Yes,Yes,Month-to-Month,Yes,Bank Withdrawal,55.9,238.5,0.0,0,70.8,309.3,3,Stayed,No,25,3545,Not Applicable,Not Applicable,0,1,1–6 months,45–59,$35–$69.99,Core Value,5,0,No Referrals,Higher Contract Risk,3,High,77.32,Multi-Service,0.5667545891602644,True,False,False,True,False,False,True,False,Early onboarding,3,Structured 30/60/90-day onboarding support and service education,25.0
9003-CPATH,Male,53,No,No,No,No,0,United States,California,Carson,90745,33.822295,-118.26411,55486,Q3,No,0,42,No Offer,Yes,9.46,Yes,Yes,Fiber Optic,14,No,No,Yes,No,No,No,No,Yes,Month-to-Month,No,Bank Withdrawal,79.9,3313.4,23.47,0,397.32,3687.25,4,Stayed,No,70,2583,Not Applicable,Not Applicable,0,1,25–48 months,45–59,$70–$89.99,Emerging Value,4,1,No Referrals,Higher Contract Risk,3,High,87.79,Basic Relationship,0.4018595373302931,True,False,False,False,False,True,True,False,Fiber quality and contract,5,Fiber diagnostics followed by a value-led contract-upgrade incentive,50.0
1596-OQSPS,Female,64,No,No,No,No,0,United States,California,Pasadena,91104,34.165383,-118.123752,38460,Q3,No,0,11,No Offer,Yes,2.95,No,Yes,DSL,21,No,Yes,No,No,No,No,No,Yes,Month-to-Month,No,Bank Withdrawal,51.1,531.15,0.0,0,32.45,563.6,4,Stayed,No,60,4467,Not Applicable,Not Applicable,0,1,7–12 months,60–69,$35–$69.99,Core Value,4,1,No Referrals,Higher Contract Risk,3,High,51.24,Basic Relationship,0.3445490282866402,True,False,False,False,False,False,True,False,Support bundle and contract,6,Time-limited premium-support bundle with a longer-contract value option,45.0
8725-JEDFD,Male,26,Yes,No,No,No,0,United States,California,Calabasas,91302,34.130861,-118.68346,23661,Q3,No,0,27,No Offer,Yes,34.98,No,Yes,Fiber Optic,26,No,No,No,No,No,No,No,Yes,Month-to-Month,Yes,Credit Card,69.05,1793.25,22.72,0,944.46,2714.99,5,Stayed,No,27,3241,Not Applicable,Not Applicable,0,1,25–48 months,19–29,$35–$69.99,Emerging Value,3,0,No Referrals,Higher Contract Risk,3,High,100.56,Basic Relationship,0.3615775653738297,True,False,False,False,False,True,True,False,Fiber quality and contract,5,Fiber diagnostics followed by a value-led contract-upgrade incentive,50.0
7562-UXTPG,Female,40,No,No,No,No,0,United States,California,Canoga Park,91303,34.19829,-118.602203,23519,Q3,No,0,13,No Offer,Yes,26.13,No,Yes,Fiber Optic,28,No,No,No,No,No,No,No,Yes,Month-to-Month,Yes,Credit Card,70.15,886.7,8.53,0,339.69,1217.86,4,Stayed,No,56,2992,Not Applicable,Not Applicable,0,1,13–24 months,30–44,$70–$89.99,Emerging Value,3,0,No Referrals,Higher Contract Risk,3,High,93.68,Basic Relationship,0.494321755326279,True,False,False,False,False,True,True,False,Fiber quality and contract,5,Fiber diagnostics followed by a value-led contract-upgrade incentive,50.0
5626-MGTUK,Female,50,No,No,No,No,0,United States,California,Chatsworth,91311,34.294142,-118.603883,35325,Q3,No,0,20,No Offer,Yes,24.73,Yes,Yes,Fiber Optic,25,Yes,No,No,No,Yes,No,No,No,Month-to-Month,Yes,Bank Withdrawal,89.1,1879.25,15.43,30,494.6,2388.42,3,Stayed,No,70,3027,Not Applicable,Not Applicable,0,1,13–24 months,45–59,$70–$89.99,Emerging Value,4,1,No Referrals,Higher Contract Risk,3,High,119.42,Basic Relationship,0.5925461328767084,True,False,False,False,False,True,True,False,Fiber quality and contract,5,Fiber diagnostics followed by a value-led contract-upgrade incentive,50.0
8212-DJRCH,Male,33,No,No,Yes,Yes,1,United States,California,Newbury Park,91320,34.172071,-118.946262,37779,Q3,Yes,1,5,No Offer,Yes,15.01,No,Yes,Fiber Optic,19,Yes,No,Yes,No,No,Yes,Yes,Yes,Month-to-Month,Yes,Credit Card,90.35,434.5,17.33,0,75.05,492.22,4,Stayed,No,66,4014,Not Applicable,Not Applicable,0,1,1–6 months,30–44,$90+,Core Value,7,2,1–2 Referrals,Higher Contract Risk,5,Very High,98.44,Advocate,0.6679987259958096,True,False,True,True,False,True,True,False,Early fiber assurance,2,"First-90-day fiber service-health check, rapid issue resolution, and plan review",40.0
6300-BWMJX,Female,45,No,No,Yes,No,0,United States,California,Valencia,91355,34.43987,-118.644609,24977,Q3,Yes,1,59,No Offer,Yes,20.78,Yes,Yes,Fiber Optic,26,No,No,Yes,Yes,Yes,No,No,Yes,Month-to-Month,No,Bank Withdrawal,93.35,5386.5,36.07,0,1226.02,6576.45,3,Stayed,No,44,4814,Not Applicable,Not Applicable,0,1,49–72 months,45–59,$90+,High Value,6,2,1–2 Referrals,Higher Contract Risk,3,High,111.47,Advocate,0.4873426436008491,True,True,False,False,False,True,False,False,High-value outreach,1,Dedicated retention specialist and personalized value-protection review,75.0
7009-LGECI,Female,24,Yes,No,No,No,0,United States,California,Westlake Village,91361,34.130992,-118.894673,18735,Q3,No,0,4,No Offer,Yes,22.07,No,Yes,DSL,41,Yes,No,No,No,No,No,No,Yes,Month-to-Month,Yes,Bank Withdrawal,50.55,235.65,0.0,0,88.28,323.93,4,Stayed,No,78,4164,Not Applicable,Not Applicable,0,1,1–6 months,19–29,$35–$69.99,Core Value,4,1,No Referrals,Higher Contract Risk,3,High,80.98,Basic Relationship,0.3920199140686646,True,False,False,True,False,False,True,False,Early onboarding,3,Structured 30/60/90-day onboarding support and service education,25.0
5022-KVDQT,Male,20,Yes,No,No,No,0,United States,California,Woodland Hills,91364,34.153733,-118.593408,25988,Q3,No,0,27,No Offer,Yes,25.51,Yes,Yes,Fiber Optic,69,No,No,Yes,No,No,No,No,No,Month-to-Month,Yes,Bank Withdrawal,81.3,2272.8,29.93,130,688.77,3061.64,5,Stayed,No,72,5158,Not Applicable,Not Applicable,0,1,25–48 months,19–29,$70–$89.99,High Value,3,1,No Referrals,Higher Contract Risk,3,High,113.39,Basic Relationship,0.5947927042306597,True,True,False,False,False,True,True,False,High-value outreach,1,Dedicated retention specialist and personalized value-protection review,75.0
8217-QYOHV,Male,27,Yes,No,No,No,0,United States,California,Burbank,91505,34.174215,-118.345928,29245,Q3,No,0,5,Offer E,Yes,30.92,No,Yes,Cable,41,Yes,No,No,Yes,No,No,Yes,Yes,Month-to-Month,Yes,Credit Card,55.75,266.95,0.0,0,154.6,421.55,4,Stayed,No,22,4545,Not Applicable,Not Applicable,0,1,1–6 months,19–29,$35–$69.99,High Value,6,2,No Referrals,Higher Contract Risk,2,Elevated,84.31,Protection Engaged,0.3204007273950283,True,False,False,True,False,False,False,False,Early onboarding,3,Structured 30/60/90-day onboarding support and service education,25.0
5916-QEWPT,Female,61,No,No,Yes,No,0,United States,California,Valley Village,91607,34.165783,-118.399795,27453,Q3,Yes,1,2,Offer E,Yes,27.41,No,Yes,Cable,23,No,No,Yes,No,Yes,Yes,Yes,Yes,Month-to-Month,No,Credit Card,69.0,147.8,0.0,0,54.82,202.62,4,Joined,No,29,2798,Not Applicable,Not Applicable,0,1,1–6 months,60–69,$35–$69.99,Emerging Value,7,1,1–2 Referrals,Higher Contract Risk,3,High,101.31,Advocate,0.8060547924455739,True,False,False,True,False,False,True,False,Early onboarding,3,Structured 30/60/90-day onboarding support and service education,25.0
5060-TQUQN,Male,19,Yes,No,Yes,Yes,1,United States,California,Rancho Cucamonga,91701,34.132275,-117.611478,39064,Q3,Yes,1,30,No Offer,Yes,10.24,Yes,Yes,Fiber Optic,48,No,Yes,No,Yes,No,No,Yes,Yes,Month-to-Month,Yes,Bank Withdrawal,83.55,2570.2,0.0,0,307.2,2877.4,3,Stayed,No,31,3558,Not Applicable,Not Applicable,0,1,25–48 months,19–29,$70–$89.99,Core Value,6,2,1–2 Referrals,Higher Contract Risk,2,Elevated,95.91,Advocate,0.5208502838226023,True,False,False,False,False,True,False,False,Fiber quality and contract,5,Fiber diagnostics followed by a value-led contract-upgrade incentive,50.0
1930-WNXSB,Male,38,No,No,Yes,Yes,1,United States,California,Covina,91724,34.08111,-117.853935,25068,Q3,Yes,1,58,No Offer,Yes,47.69,No,Yes,Fiber Optic,24,No,Yes,No,No,Yes,Yes,Yes,Yes,Month-to-Month,Yes,Bank Withdrawal,92.85,5305.05,0.0,0,2766.02,8071.07,5,Stayed,No,36,4879,Not Applicable,Not Applicable,0,1,49–72 months,30–44,$90+,High Value,7,1,1–2 Referrals,Higher Contract Risk,4,Very High,139.16,Advocate,0.513490380718387,True,True,False,False,False,True,True,False,High-value outreach,1,Dedicated retention specialist and personalized value-protection review,75.0
3452-SRFEG,Male,39,No,No,No,No,0,United States,California,La Verne,91750,34.144703,-117.770299,35530,Q3,No,0,49,Offer B,Yes,23.82,Yes,Yes,Fiber Optic,18,No,No,No,No,No,No,No,Yes,Month-to-Month,Yes,Bank Withdrawal,74.6,3720.35,0.0,0,1167.18,4887.53,5,Stayed,No,79,4516,Not Applicable,Not Applicable,0,1,49–72 months,30–44,$70–$89.99,Core Value,3,0,No Referrals,Higher Contract Risk,3,High,99.75,Basic Relationship,0.4037715218003479,True,False,False,False,False,True,True,False,Fiber quality and contract,5,Fiber diagnostics followed by a value-led contract-upgrade incentive,50.0
4070-OKWVH,Female,60,No,No,Yes,No,0,United States,California,Mira Loma,91752,33.999992,-117.535395,18980,Q3,No,0,52,Offer B,Yes,29.23,Yes,Yes,Fiber Optic,30,No,Yes,Yes,No,Yes,No,No,Yes,Month-to-Month,No,Bank Withdrawal,94.6,5025.8,0.0,0,1519.96,6545.76,3,Stayed,No,57,6212,Not Applicable,Not Applicable,0,1,49–72 months,60–69,$90+,Premium Value,6,2,No Referrals,Higher Contract Risk,4,Very High,125.88,Protection Engaged,0.7401411736254233,True,True,False,False,False,True,True,False,High-value outreach,1,Dedicated retention specialist and personalized value-protection review,75.0
3191-CSNMG,Female,57,No,No,Yes,Yes,1,United States,California,Upland,91784,34.141146,-117.655583,23331,Q3,Yes,5,3,Offer E,Yes,23.72,No,Yes,Fiber Optic,17,No,No,No,No,Yes,No,No,Yes,Month-to-Month,Yes,Bank Withdrawal,80.7,239.45,0.0,0,71.16,310.61,4,Joined,No,46,2081,Not Applicable,Not Applicable,0,1,1–6 months,45–59,$70–$89.99,Emerging Value,4,0,3–5 Referrals,Higher Contract Risk,4,Very High,103.54,Advocate,0.4710987964290913,True,False,True,True,False,True,True,False,Early fiber assurance,2,"First-90-day fiber service-health check, rapid issue resolution, and plan review",40.0
7952-OBOYL,Male,24,Yes,No,No,No,0,United States,California,Upland,91786,34.105493,-117.660934,48827,Q3,No,0,3,No Offer,Yes,25.1,No,Yes,Fiber Optic,59,No,No,Yes,Yes,Yes,No,Yes,Yes,Month-to-Month,Yes,Credit Card,89.85,244.45,0.0,0,75.3,319.75,5,Joined,No,53,4096,Not Applicable,Not Applicable,0,1,1–6 months,19–29,$70–$89.99,Core Value,7,2,No Referrals,Higher Contract Risk,3,High,106.58,Protection Engaged,0.5580482259335126,True,False,True,True,False,True,False,False,Early fiber assurance,2,"First-90-day fiber service-health check, rapid issue resolution, and plan review",40.0
7853-OETYL,Female,40,No,No,Yes,No,0,United States,California,West Covina,91790,34.066964,-117.937007,44099,Q3,Yes,2,4,Offer E,No,0.0,No,Yes,DSL,13,Yes,No,No,No,No,No,No,Yes,Month-to-Month,Yes,Bank Withdrawal,29.05,129.6,0.0,0,0.0,129.6,3,Stayed,No,35,3306,Not Applicable,Not Applicable,0,1,1–6 months,30–44,Under $35,Emerging Value,3,1,1–2 Referrals,Higher Contract Risk,3,High,32.4,Advocate,0.6815562848505892,True,False,False,True,False,False,True,False,Early onboarding,3,Structured 30/60/90-day onboarding support and service education,25.0
4459-BBGHE,Male,61,No,No,No,Yes,1,United States,California,Descanso,91916,32.912664,-116.635387,1587,Q3,No,0,30,Offer C,No,0.0,No,Yes,DSL,17,No,No,No,No,Yes,Yes,Yes,Yes,Month-to-Month,Yes,Bank Withdrawal,44.5,1307.8,0.0,0,0.0,1307.8,4,Stayed,No,58,5833,Not Applicable,Not Applicable,0,1,25–48 months,60–69,$35–$69.99,Premium Value,5,0,No Referrals,Higher Contract Risk,2,Elevated,43.59,Multi-Service,0.3302314363154414,True,False,False,False,False,False,True,False,Support bundle and contract,6,Time-limited premium-support bundle with a longer-contract value option,45.0
2215-ZAFGX,Male,35,No,No,No,No,0,United States,California,La Mesa,91942,32.782501,-117.01611,24005,Q3,No,0,9,Offer E,Yes,11.5,Yes,Yes,Fiber Optic,14,No,No,No,No,Yes,No,No,Yes,Month-to-Month,Yes,Bank Withdrawal,85.5,791.7,0.0,0,103.5,895.2,5,Stayed,No,69,4867,Not Applicable,Not Applicable,0,1,7–12 months,30–44,$70–$89.99,High Value,4,0,No Referrals,Higher Contract Risk,4,Very High,99.47,Basic Relationship,0.8349062834067688,True,True,True,False,False,True,True,False,High-value outreach,1,Dedicated retention specialist and personalized value-protection review,75.0
5243-SAOTC,Male,36,No,No,No,No,0,United States,California,Bonsall,92003,33.290907,-117.202895,3849,Q3,No,0,54,Offer B,Yes,7.64,Yes,Yes,Fiber Optic,3,No,Yes,No,No,No,No,No,Yes,Month-to-Month,Yes,Bank Withdrawal,79.85,4308.25,0.0,0,412.56,4720.81,4,Stayed,No,46,5166,Not Applicable,Not Applicable,0,1,49–72 months,30–44,$70–$89.99,High Value,4,1,No Referrals,Higher Contract Risk,3,High,87.42,Basic Relationship,0.361660888620965,True,True,False,False,False,True,True,False,High-value outreach,1,Dedicated retention specialist and personalized value-protection review,75.0
9398-MMQTO,Male,41,No,No,No,No,0,United States,California,Borrego Springs,92004,33.200369,-116.192313,2863,Q3,No,0,3,No Offer,Yes,34.8,No,Yes,Fiber Optic,5,No,Yes,No,No,No,No,No,No,Month-to-Month,No,Credit Card,74.45,221.1,0.0,70,104.4,395.5,5,Joined,No,61,3956,Not Applicable,Not Applicable,0,1,1–6 months,30–44,$70–$89.99,Core Value,3,1,No Referrals,Higher Contract Risk,4,Very High,131.83,Basic Relationship,0.4809308723288271,True,False,True,True,False,True,True,False,Early fiber assurance,2,"First-90-day fiber service-health check, rapid issue resolution, and plan review",40.0
0463-ZSDNT,Male,23,Yes,No,No,No,0,United States,California,Escondido,92026,33.21846,-117.116916,43436,Q3,No,0,10,No Offer,Yes,30.3,No,Yes,DSL,73,No,No,No,No,No,Yes,Yes,No,Month-to-Month,Yes,Bank Withdrawal,56.75,503.25,0.0,30,303.0,836.25,5,Stayed,No,70,2037,Not Applicable,Not Applicable,0,1,7–12 months,19–29,$35–$69.99,Emerging Value,4,0,No Referrals,Higher Contract Risk,3,High,83.62,Basic Relationship,0.4800874795295111,True,False,False,False,False,False,True,False,Support bundle and contract,6,Time-limited premium-support bundle with a longer-contract value option,45.0
7746-AWNQW,Female,62,No,No,No,No,0,United States,California,La Jolla,92037,32.853743,-117.25034,42617,Q3,No,0,28,Offer C,No,0.0,No,Yes,DSL,2,No,No,Yes,Yes,No,No,No,Yes,Month-to-Month,Yes,Mailed Check,35.75,961.4,0.0,0,0.0,961.4,4,Stayed,No,69,2431,Not Applicable,Not Applicable,0,1,25–48 months,60–69,$35–$69.99,Emerging Value,4,2,No Referrals,Higher Contract Risk,1,Lower,34.34,Protection Engaged,0.4318431890532891,True,False,False,False,False,False,False,False,Competitor-response retention,8,"Personalized device, data, speed, or value response based on customer needs",55.0
9364-YKUVW,Male,53,No,No,No,No,0,United States,California,Valley Center,92082,33.25283,-116.986079,14575,Q3,No,0,15,No Offer,Yes,16.13,No,No,No Internet,0,No,No,No,No,No,No,No,No,Month-to-Month,Yes,Mailed Check,19.8,309.4,0.0,0,241.95,551.35,5,Stayed,No,73,2681,Not Applicable,Not Applicable,0,1,13–24 months,45–59,Under $35,Emerging Value,1,0,No Referrals,Higher Contract Risk,2,Elevated,36.76,Basic Relationship,0.3371637035912388,True,False,False,False,False,False,True,False,Support bundle and contract,6,Time-limited premium-support bundle with a longer-contract value option,45.0
5392-AKEMH,Female,50,No,No,No,No,0,United States,California,Vista,92083,33.17494,-117.242761,62036,Q3,No,0,12,No Offer,Yes,31.22,No,Yes,DSL,12,No,No,No,No,No,No,No,Yes,Month-to-Month,Yes,Bank Withdrawal,45.05,523.1,0.0,0,374.64,897.74,4,Stayed,No,37,5624,Not Applicable,Not Applicable,0,1,7–12 months,45–59,$35–$69.99,Premium Value,3,0,No Referrals,Higher Contract Risk,3,High,74.81,Basic Relationship,0.4307392950576727,True,True,False,False,False,False,True,False,High-value outreach,1,Dedicated retention specialist and personalized value-protection review,75.0
3914-FDRHP,Male,25,Yes,No,No,No,0,United States,California,Warner Springs,92086,33.323705,-116.626907,1205,Q3,No,0,9,No Offer,Yes,46.34,No,Yes,Fiber Optic,59,No,No,No,Yes,Yes,No,No,Yes,Month-to-Month,No,Bank Withdrawal,86.25,770.5,0.0,0,417.06,1187.56,5,Stayed,No,42,4754,Not Applicable,Not Applicable,0,1,7–12 months,19–29,$70–$89.99,High Value,5,1,No Referrals,Higher Contract Risk,3,High,131.95,Multi-Service,0.5515595655139198,True,True,True,False,False,True,False,False,High-value outreach,1,Dedicated retention specialist and personalized value-protection review,75.0
1024-KPRBB,Female,63,No,No,No,No,0,United States,California,San Diego,92101,32.72523,-117.171346,27505,Q3,No,0,38,Offer C,Yes,30.09,No,Yes,Fiber Optic,18,No,No,No,No,Yes,Yes,Yes,No,One Year,Yes,Mailed Check,89.1,3342.0,0.0,90,1143.42,4575.42,4,Stayed,No,56,2675,Not Applicable,Not Applicable,0,1,25–48 months,60–69,$70–$89.99,Emerging Value,5,0,No Referrals,Moderate Contract Risk,2,Elevated,120.41,Multi-Service,0.3741441560116364,True,False,False,False,False,False,False,True,San Diego investigation,7,"Local network, acquisition, service, and competitor root-cause investigation",15.0
0422-UXFAP,Female,34,No,No,Yes,No,0,United States,California,San Diego,92117,32.825086,-117.199424,51213,Q3,Yes,1,51,Offer B,Yes,47.72,Yes,Yes,Fiber Optic,23,No,No,Yes,No,Yes,Yes,Yes,No,One Year,Yes,Bank Withdrawal,98.85,4947.55,0.0,130,2433.72,7511.27,5,Stayed,No,43,6034,Not Applicable,Not Applicable,0,1,49–72 months,30–44,$90+,Premium Value,6,1,1–2 Referrals,Moderate Contract Risk,3,High,147.28,Advocate,0.5452938273325064,True,True,False,False,False,False,False,True,High-value outreach,1,Dedicated retention specialist and personalized value-protection review,75.0
2843-CQMEG,Male,21,Yes,No,No,No,0,United States,California,San Diego,92120,32.807867,-117.060993,25569,Q3,No,0,24,Offer C,Yes,3.72,No,Yes,Cable,59,No,Yes,No,No,No,No,No,Yes,Month-to-Month,Yes,Mailed Check,49.7,1218.25,0.0,0,89.28,1307.53,3,Stayed,No,38,2911,Not Applicable,Not Applicable,0,1,13–24 months,19–29,$35–$69.99,Emerging Value,4,1,No Referrals,Higher Contract Risk,2,Elevated,54.48,Basic Relationship,0.3972177534173409,True,False,False,False,False,False,True,True,Support bundle and contract,6,Time-limited premium-support bundle with a longer-contract value option,45.0
5351-QESIO,Male,64,No,No,No,Yes,2,United States,California,San Diego,92122,32.85723,-117.209774,34902,Q3,No,0,1,Offer E,No,0.0,No,Yes,Cable,17,No,No,No,No,No,No,No,Yes,Month-to-Month,No,Mailed Check,24.2,24.2,0.0,0,0.0,24.2,5,Joined,No,80,4276,Not Applicable,Not Applicable,0,1,1–6 months,60–69,Under $35,Core Value,2,0,No Referrals,Higher Contract Risk,3,High,24.2,Basic Relationship,0.4590187000588541,True,False,False,True,False,False,True,True,Early onboarding,3,Structured 30/60/90-day onboarding support and service education,25.0
5568-DMXZS,Female,36,No,No,No,No,0,United States,California,San Diego,92124,32.827238,-117.089287,30206,Q3,No,0,8,Offer E,Yes,37.37,No,Yes,Cable,16,No,Yes,No,Yes,Yes,No,No,Yes,Month-to-Month,Yes,Bank Withdrawal,65.45,554.45,0.0,0,298.96,853.41,5,Stayed,No,80,5227,Not Applicable,Not Applicable,0,1,7–12 months,30–44,$35–$69.99,High Value,6,2,No Referrals,Higher Contract Risk,2,Elevated,106.68,Protection Engaged,0.5600805143682629,True,False,False,False,False,False,False,True,San Diego investigation,7,"Local network, acquisition, service, and competitor root-cause investigation",15.0
0376-OIWME,Male,24,Yes,No,Yes,No,0,United States,California,San Ysidro,92173,32.555828,-117.040073,28488,Q3,Yes,3,36,Offer C,Yes,41.33,No,Yes,Fiber Optic,41,Yes,No,No,No,Yes,Yes,Yes,Yes,Month-to-Month,Yes,Bank Withdrawal,93.6,3366.05,16.56,0,1487.88,4837.37,4,Stayed,No,53,2701,Not Applicable,Not Applicable,0,1,25–48 months,19–29,$90+,Emerging Value,7,1,3–5 Referrals,Higher Contract Risk,4,Very High,134.37,Advocate,0.415349841315106,True,False,False,False,False,True,True,False,Fiber quality and contract,5,Fiber diagnostics followed by a value-led contract-upgrade incentive,50.0
2523-EWWZL,Female,26,Yes,No,Yes,No,0,United States,California,Blythe,92225,33.674583,-114.71612,24659,Q3,No,0,27,Offer C,Yes,39.67,No,Yes,Fiber Optic,59,No,Yes,No,No,No,No,No,Yes,Month-to-Month,Yes,Bank Withdrawal,76.1,2093.4,30.14,0,1071.09,3134.35,3,Stayed,No,43,3291,Not Applicable,Not Applicable,0,1,25–48 months,19–29,$70–$89.99,Emerging Value,4,1,No Referrals,Higher Contract Risk,3,High,116.09,Basic Relationship,0.7383505545612096,True,False,False,False,False,True,True,False,Fiber quality and contract,5,Fiber diagnostics followed by a value-led contract-upgrade incentive,50.0
0928-XUTSN,Female,22,Yes,No,No,No,0,United States,California,Brawley,92227,33.03933,-115.191857,23394,Q3,No,0,13,No Offer,Yes,44.99,No,Yes,Fiber Optic,27,No,No,No,No,No,Yes,Yes,Yes,Month-to-Month,Yes,Bank Withdrawal,80.5,1011.8,24.99,0,584.87,1571.68,4,Stayed,No,37,3895,Not Applicable,Not Applicable,0,1,13–24 months,19–29,$70–$89.99,Core Value,5,0,No Referrals,Higher Contract Risk,3,High,120.9,Multi-Service,0.6530124048323089,True,False,False,False,False,True,True,False,Fiber quality and contract,5,Fiber diagnostics followed by a value-led contract-upgrade incentive,50.0
6075-SLNIL,Male,47,No,No,No,No,0,United States,California,Desert Center,92239,33.889605,-115.257009,964,Q3,No,0,38,Offer C,Yes,6.71,Yes,Yes,Fiber Optic,11,No,Yes,Yes,No,No,Yes,Yes,Yes,Month-to-Month,Yes,Credit Card,95.1,3691.2,0.0,0,254.98,3946.18,3,Stayed,No,62,5393,Not Applicable,Not Applicable,0,1,25–48 months,45–59,$90+,Premium Value,7,2,No Referrals,Higher Contract Risk,4,Very High,103.85,Protection Engaged,0.4276329089143395,True,True,False,False,False,True,True,False,High-value outreach,1,Dedicated retention specialist and personalized value-protection review,75.0
1685-BQULA,Female,54,No,No,No,No,0,United States,California,La Quinta,92253,33.695532,-116.310571,23971,Q3,No,0,40,Offer B,Yes,2.83,Yes,Yes,Fiber Optic,22,No,Yes,Yes,No,Yes,No,No,Yes,Month-to-Month,Yes,Bank Withdrawal,93.4,3756.4,4.18,0,113.2,3865.42,3,Stayed,No,53,3819,Not Applicable,Not Applicable,0,1,25–48 months,45–59,$90+,Core Value,6,2,No Referrals,Higher Contract Risk,4,Very High,96.64,Protection Engaged,0.5151990086107366,True,False,False,False,False,True,True,False,Fiber quality and contract,5,Fiber diagnostics followed by a value-led contract-upgrade incentive,50.0
9053-EJUNL,Male,35,No,No,No,No,0,United States,California,Mecca,92254,33.543835,-115.993906,8768,Q3,No,0,41,Offer B,Yes,41.85,Yes,Yes,Fiber Optic,16,No,Yes,No,No,Yes,No,No,Yes,Month-to-Month,Yes,Bank Withdrawal,89.2,3645.75,2.21,0,1715.85,5359.39,5,Stayed,No,77,3259,Not Applicable,Not Applicable,0,1,25–48 months,30–44,$70–$89.99,Emerging Value,5,1,No Referrals,Higher Contract Risk,3,High,130.72,Multi-Service,0.5101898836225417,True,False,False,False,False,True,True,False,Fiber quality and contract,5,Fiber diagnostics followed by a value-led contract-upgrade incentive,50.0
1471-GIQKQ,Female,37,No,No,No,No,0,United States,California,Niland,92257,33.345825,-115.596574,2753,Q3,No,0,1,No Offer,Yes,44.98,No,Yes,DSL,27,No,Yes,No,No,No,No,No,Yes,Month-to-Month,No,Bank Withdrawal,49.95,49.95,0.0,0,44.98,94.93,3,Joined,No,32,5230,Not Applicable,Not Applicable,0,1,1–6 months,30–44,$35–$69.99,High Value,4,1,No Referrals,Higher Contract Risk,3,High,94.93,Basic Relationship,0.3862061688008308,True,True,False,True,False,False,True,False,High-value outreach,1,Dedicated retention specialist and personalized value-protection review,75.0
7398-LXGYX,Male,53,No,No,Yes,No,0,United States,California,Pioneertown,92268,34.201108,-116.593456,354,Q3,Yes,2,44,Offer B,Yes,21.39,Yes,Yes,Fiber Optic,10,Yes,No,Yes,No,No,No,No,Yes,Month-to-Month,Yes,Credit Card,84.8,3626.35,43.96,0,941.16,4523.55,4,Stayed,No,44,2770,Not Applicable,Not Applicable,0,1,25–48 months,45–59,$70–$89.99,Emerging Value,5,2,1–2 Referrals,Higher Contract Risk,3,High,102.81,Advocate,0.3527122515158494,True,False,False,False,False,True,True,False,Fiber quality and contract,5,Fiber diagnostics followed by a value-led contract-upgrade incentive,50.0
2823-LKABH,Female,51,No,No,No,No,0,United States,California,Rancho Mirage,92270,33.763678,-116.429928,12465,Q3,No,0,18,No Offer,Yes,7.42,Yes,Yes,Fiber Optic,12,No,No,Yes,Yes,No,Yes,Yes,Yes,Month-to-Month,Yes,Bank Withdrawal,95.05,1679.4,38.65,0,133.56,1774.31,4,Stayed,No,60,4524,Not Applicable,Not Applicable,0,1,13–24 months,45–59,$90+,Core Value,7,2,No Referrals,Higher Contract Risk,3,High,98.57,Protection Engaged,0.613856001421865,True,False,False,False,False,True,False,False,Fiber quality and contract,5,Fiber diagnostics followed by a value-led contract-upgrade incentive,50.0
0550-DCXLH,Male,64,No,No,No,No,0,United States,California,Thermal,92274,33.53604,-116.119222,17018,Q3,No,0,13,No Offer,Yes,40.99,No,Yes,DSL,21,No,Yes,No,Yes,Yes,Yes,Yes,Yes,Month-to-Month,No,Mailed Check,73.35,931.55,49.02,0,532.87,1415.4,4,Stayed,No,65,4645,Not Applicable,Not Applicable,0,1,13–24 months,60–69,$70–$89.99,High Value,8,2,No Referrals,Higher Contract Risk,1,Lower,108.88,Protection Engaged,0.4163920514896533,True,False,False,False,False,False,False,False,Competitor-response retention,8,"Personalized device, data, speed, or value response based on customer needs",55.0
0871-OPBXW,Female,57,No,No,No,No,0,United States,California,Escondido,92027,33.141265,-116.967221,48690,Q3,No,0,2,Offer E,Yes,6.85,No,No,No Internet,0,No,No,No,No,No,No,No,No,Month-to-Month,Yes,Mailed Check,20.05,39.25,0.0,0,13.7,52.95,3,Joined,No,80,5191,Not Applicable,Not Applicable,0,1,1–6 months,45–59,Under $35,High Value,1,0,No Referrals,Higher Contract Risk,3,High,26.48,Basic Relationship,0.5056661815948081,True,True,False,True,False,False,True,False,High-value outreach,1,Dedicated retention specialist and personalized value-protection review,75.0
9767-FFLEM,Male,63,No,No,No,No,0,United States,California,Westmorland,92281,33.03679,-115.60503,2388,Q3,No,0,38,No Offer,Yes,35.04,No,Yes,Fiber Optic,2,No,No,No,No,No,No,No,Yes,Month-to-Month,Yes,Credit Card,69.5,2625.25,20.19,0,1331.52,3936.58,3,Stayed,No,35,4591,Not Applicable,Not Applicable,0,1,25–48 months,60–69,$35–$69.99,High Value,3,0,No Referrals,Higher Contract Risk,3,High,103.59,Basic Relationship,0.3213405316435079,True,True,False,False,False,True,True,False,High-value outreach,1,Dedicated retention specialist and personalized value-protection review,75.0
8456-QDAVC,Male,57,No,No,No,No,0,United States,California,Winterhaven,92283,32.852947,-114.850784,3663,Q3,No,0,19,No Offer,Yes,29.55,No,Yes,Fiber Optic,13,No,No,No,No,Yes,No,No,Yes,Month-to-Month,Yes,Bank Withdrawal,78.7,1495.1,26.84,0,561.45,2029.71,3,Stayed,No,20,2464,Not Applicable,Not Applicable,0,1,13–24 months,45–59,$70–$89.99,Emerging Value,4,0,No Referrals,Higher Contract Risk,3,High,106.83,Basic Relationship,0.6043230807996282,True,False,False,False,False,True,True,False,Fiber quality and contract,5,Fiber diagnostics followed by a value-led contract-upgrade incentive,50.0
4801-JZAZL,Female,32,No,No,Yes,Yes,2,United States,California,Angelus Oaks,92305,34.1678,-116.86433,301,Q3,Yes,1,11,No Offer,No,0.0,No,Yes,DSL,17,Yes,No,No,No,No,No,No,Yes,Month-to-Month,Yes,Bank Withdrawal,29.6,346.45,27.24,0,0.0,319.21,4,Stayed,No,59,2793,Not Applicable,Not Applicable,0,1,7–12 months,30–44,Under $35,Emerging Value,3,1,1–2 Referrals,Higher Contract Risk,3,High,29.02,Advocate,0.3561119605150764,True,False,False,False,False,False,True,False,Support bundle and contract,6,Time-limited premium-support bundle with a longer-contract value option,45.0
